Actual,Predicted
80.0,80.0
199.99,199.99000000000015
80.0,80.0
64.97,64.97000000000004
65.0,65.0
275.0,275.0
175.0,175.0
80.97,80.97000000000008
69.0,69.0
75.0,75.0
100.0,100.0
100.0,100.0
45.0,45.0
135.0,135.0
32.0,32.0
147.99,147.9899999999999
61.97,61.97000000000003
42.0,42.0
105.0,105.0
170.0,170.0
110.0,110.0
120.0,120.0
128.97,128.96999999999983
210.0,210.0
170.0,170.0
225.0,225.0
130.0,130.0
80.0,80.0
150.0,150.0
175.0,175.0
55.97,55.97
37.0,37.0
175.0,175.0
120.0,120.0
180.0,180.0
105.0,105.0
180.0,180.0
235.0,235.0
35.0,35.0
24.0,24.0
150.0,150.0
85.0,85.0
37.97,37.96999999999989
32.97,32.96999999999994
55.0,55.0
85.0,85.0
37.97,37.969999999999885
58.97,58.9700000000001
130.0,130.0
115.0,115.0
160.0,160.0
135.0,135.0
85.0,85.0
47.0,47.0
65.0,65.0
35.0,35.0
40.0,40.0
58.97,58.9700000000001
185.0,185.0
50.0,50.0
100.0,100.0
120.0,120.0
85.0,85.0
35.0,35.0
55.0,55.0
89.97,89.97
48.0,48.0
45.0,45.0
85.0,85.0
180.97,181.17019999999985
90.0,90.0
31.97,31.969999999999896
147.99,147.9899999999999
75.0,75.0
35.0,35.0
35.0,35.0
180.0,180.0
135.0,135.0
180.0,180.0
65.0,65.0
48.97,48.969999999999935
87.97,87.97000000000004
82.0,82.0
150.0,150.0
200.0,200.0
125.0,125.0
319.99,320.39000000000067
80.0,80.0
40.0,40.0
120.0,120.0
130.0,130.0
80.0,80.0
180.0,180.0
160.0,160.0
135.0,135.0
68.0,68.0
137.97,137.96999999999977
190.0,190.0
210.0,210.0
32.0,32.0
75.0,75.0
80.0,80.0
125.0,125.0
75.0,75.0
140.0,140.0
55.0,55.0
80.0,80.0
210.0,210.0
210.0,210.0
85.0,85.0
95.0,95.0
140.0,140.0
135.0,135.0
25.0,25.0
85.0,85.0
150.0,150.0
190.0,190.0
170.0,170.0
58.97,58.9700000000001
420.0,420.0
170.0,170.0
165.0,165.0
60.0,60.0
60.0,60.0
125.0,125.0
52.97,52.96999999999999
195.0,195.0
110.0,110.0
225.0,225.0
165.0,165.0
110.0,110.0
115.0,115.0
82.97,82.97000000000007
42.0,42.0
240.0,240.0
16.97,16.960000000000022
44.97,44.96999999999991
36.97,36.96999999999992
120.0,120.0
70.0,70.0
45.0,45.0
38.0,38.0
70.0,70.0
150.0,150.0
90.0,90.0
77.0,77.0
122.99,122.9899999999998
61.97,61.97000000000003
100.0,100.0
40.0,40.0
80.0,80.0
105.0,105.0
85.0,85.0
55.0,55.0
41.0,41.0
160.0,160.0
182.99,182.99000000000007
58.0,58.0
80.0,80.0
120.0,120.0
175.0,175.0
125.0,125.0
175.0,175.0
105.0,105.0
40.0,40.0
115.0,115.0
75.0,75.0
68.0,68.0
48.0,48.0
160.0,160.0
160.0,160.0
75.0,75.0
42.0,42.0
115.0,115.0
70.0,70.0
61.97,61.97000000000003
105.0,105.0
295.0,295.0
55.0,55.0
105.0,105.0
55.97,55.97
21.97,21.96999999999999
75.0,75.0
170.0,170.0
235.0,235.0
90.0,90.0
130.0,130.0
94.97,94.96999999999998
37.0,37.0
70.0,70.0
50.0,50.0
48.97,48.96999999999994
150.0,150.0
105.0,105.0
32.0,32.0
100.0,100.0
90.0,90.0
110.0,110.0
28.97,28.969999999999956
285.0,285.0
85.0,85.0
150.0,150.0
55.0,55.0
74.97,74.97000000000007
175.0,175.0
45.0,45.0
45.0,45.0
68.0,68.0
39.97,39.959999999999916
200.0,200.0
95.0,95.0
90.0,90.0
260.0,260.0
55.0,55.0
92.97,92.97
41.97,41.96999999999989
44.0,44.0
85.0,85.0
85.0,85.0
65.0,65.0
95.0,95.0
42.0,42.0
58.0,58.0
100.0,100.0
150.0,150.0
210.0,210.0
35.0,35.0
190.0,190.0
45.0,45.0
89.97,89.97
235.0,235.0
45.0,45.0
130.0,130.0
100.0,100.0
160.0,160.0
175.0,175.0
85.0,85.0
85.0,85.0
80.0,80.0
30.0,30.0
80.97,80.97000000000008
30.0,30.0
221.97,221.9700000000001
140.0,140.0
40.0,40.0
200.0,200.0
150.0,150.0
170.0,170.0
80.0,80.0
135.0,135.0
235.0,235.0
225.0,225.0
38.0,38.0
100.0,100.0
72.97,72.97000000000004
155.0,155.0
37.97,37.96999999999989
110.0,110.0
65.0,65.0
100.0,100.0
48.0,48.0
60.0,60.0
35.0,35.0
85.0,85.0
120.0,120.0
85.97,85.97000000000007
100.0,100.0
160.0,160.0
145.0,145.0
175.0,175.0
180.0,180.0
125.0,125.0
80.0,80.0
82.97,82.97000000000006
72.0,72.0
75.0,75.0
50.0,50.0
38.97,38.969999999999914
100.0,100.0
45.0,45.0
85.0,85.0
130.0,130.0
122.99,122.9899999999998
120.0,120.0
130.0,130.0
62.97,62.970000000000006
85.0,85.0
50.0,50.0
160.97,160.96999999999971
122.99,122.9899999999998
120.99,120.99000000000038
115.0,115.0
140.0,140.0
42.0,42.0
125.0,125.0
41.0,41.0
26.97,26.969999999999967
164.99,164.98999999999992
35.0,35.0
175.0,175.0
100.0,100.0
60.0,60.0
165.0,165.0
100.0,100.0
385.0,385.0
32.0,32.0
40.0,40.0
120.0,120.0
240.0,240.0
58.97,58.97000000000002
225.0,225.0
180.0,180.0
92.97,92.97
80.0,80.0
64.0,64.0
48.97,48.96999999999994
95.0,95.0
130.0,130.0
64.0,64.0
70.0,70.0
85.97,85.97000000000007
80.0,80.0
51.97,51.969999999999985
90.0,90.0
65.0,65.0
135.0,135.0
36.97,36.96999999999992
48.0,48.0
80.0,80.0
68.0,68.0
165.0,165.0
44.0,44.0
48.0,48.0
80.0,80.0
95.0,95.0
140.0,140.0
90.0,90.0
125.0,125.0
125.0,125.0
125.0,125.0
120.0,120.0
115.0,115.0
95.0,95.0
58.97,58.97000000000002
44.0,44.0
80.0,80.0
75.0,75.0
50.0,50.0
45.0,45.0
123.97,123.96999999999984
210.0,210.0
155.0,155.0
152.0,152.0
340.0,340.0
75.0,75.0
200.0,200.0
120.99,120.99000000000038
52.97,52.96999999999999
135.0,135.0
215.0,215.0
130.0,130.0
80.0,80.0
45.0,45.0
110.0,110.0
120.0,120.0
45.97,46.00999999999995
35.0,35.0
130.0,130.0
70.0,70.0
40.97,40.96999999999991
31.97,31.969999999999896
175.0,175.0
115.0,115.0
150.0,150.0
65.97,65.97000000000001
85.0,85.0
55.0,55.0
50.0,50.0
80.0,80.0
45.0,45.0
30.0,30.0
180.0,180.0
40.0,40.0
210.0,210.0
58.97,58.9700000000001
80.0,80.0
171.99,171.9899999999999
64.0,64.0
106.97,106.9700000000004
185.0,185.0
116.97,116.96999999999986
44.97,44.96999999999992
125.0,125.0
100.0,100.0
100.0,100.0
40.0,40.0
110.0,110.0
135.0,135.0
37.97,37.96999999999989
182.99,182.99000000000007
150.0,150.0
90.0,90.0
95.0,95.0
55.0,55.0
75.0,75.0
50.0,50.0
94.97,94.96999999999998
100.0,100.0
120.0,120.0
120.0,120.0
80.0,80.0
85.0,85.0
40.0,40.0
80.0,80.0
210.0,210.0
37.0,37.0
65.0,65.0
130.0,130.0
31.97,31.969999999999896
80.0,80.0
102.97,102.96999999999993
80.0,80.0
125.0,125.0
62.97,63.00000000000003
48.0,48.0
120.0,120.0
65.0,65.0
64.0,64.0
100.0,100.0
120.0,120.0
150.0,150.0
30.97,30.96999999999995
35.97,35.96999999999991
60.0,60.0
100.0,100.0
370.0,370.0
65.0,65.0
65.0,65.0
94.97,94.96999999999998
120.99,120.99000000000038
85.97,85.97000000000006
45.0,45.0
135.0,135.0
85.0,85.0
135.0,135.0
100.0,100.0
120.0,120.0
85.0,85.0
145.0,145.0
150.0,150.0
120.0,120.0
155.0,155.0
95.0,95.0
395.0,395.0
85.0,85.0
152.97,152.96999999999974
90.0,90.0
200.0,200.0
140.0,140.0
45.0,45.0
180.0,180.0
48.0,48.0
165.0,165.0
80.0,80.0
105.0,105.0
120.0,120.0
64.97,64.97000000000004
170.0,170.0
40.0,40.0
125.0,125.0
170.0,170.0
285.0,285.0
190.0,190.0
103.97,103.96999999999993
69.97,69.97000000000003
58.97,58.9700000000001
182.99,182.99000000000007
33.0,33.55
147.99,147.9899999999999
145.0,145.0
100.97,100.96999999999994
90.0,90.0
60.0,60.0
55.97,55.97
155.0,155.0
190.0,190.0
80.0,80.0
85.0,85.0
70.0,70.0
39.97,39.969999999999914
90.0,90.0
115.0,115.0
230.0,230.0
106.97,106.9700000000004
235.0,235.0
175.0,175.0
30.0,30.0
37.97,37.96999999999992
130.0,130.0
106.97,106.9700000000004
68.0,68.0
68.0,68.0
80.0,80.0
175.0,175.0
235.0,235.0
65.0,65.0
105.0,105.0
130.0,130.0
100.0,100.0
155.0,155.0
150.0,150.0
120.0,120.0
28.97,28.969999999999956
120.0,120.0
37.97,37.96999999999989
125.0,125.0
100.0,100.0
160.0,160.0
120.0,120.0
230.0,230.0
45.0,45.0
50.0,50.0
235.0,235.0
44.97,44.96999999999991
110.0,110.0
140.0,140.0
47.0,47.0
160.0,160.0
145.0,145.0
80.0,80.0
240.0,240.0
60.97,60.97000000000002
225.0,225.0
85.0,85.0
90.0,90.0
245.0,245.0
200.0,200.0
76.97,76.97000000000007
40.0,40.0
35.97,35.96999999999991
145.0,145.0
85.97,85.97000000000007
145.0,145.0
37.0,37.0
105.0,105.0
40.0,40.0
68.0,68.0
105.0,105.0
115.0,115.0
85.0,85.0
56.97,56.970000000000006
160.0,160.0
80.0,80.0
145.0,145.0
84.97,84.97000000000006
55.0,55.0
100.0,100.0
75.0,75.0
135.0,135.0
40.97,40.96999999999991
80.0,80.0
26.97,26.999999999999968
100.0,100.0
27.0,27.0
55.0,55.0
90.0,90.0
81.97,82.01000000000008
80.0,80.0
40.0,40.0
175.0,175.0
130.0,130.0
100.0,100.0
55.0,55.0
28.0,28.0
24.97,24.969999999999985
99.0,98.97
80.0,80.0
68.0,68.0
120.0,120.0
70.0,70.0
170.0,170.0
140.0,140.0
135.0,135.0
48.97,48.96999999999994
160.0,160.0
44.97,44.96999999999991
165.0,165.0
125.0,125.0
140.0,140.0
45.0,45.0
75.0,75.0
70.0,70.0
62.97,62.97
140.0,140.0
54.97,54.97
106.97,106.9700000000004
58.97,58.9700000000001
160.0,160.0
130.0,130.0
75.0,75.0
115.0,115.0
85.0,85.0
35.0,35.0
175.0,175.0
85.0,85.0
90.0,90.0
49.97,49.96999999999997
85.0,85.0
120.0,120.0
115.0,115.0
210.0,210.0
90.0,90.0
42.0,42.0
150.0,150.0
40.0,40.0
35.97,35.96999999999991
225.0,225.0
98.97,98.96999999999994
145.0,145.0
60.0,60.0
65.0,65.0
26.0,26.0
395.0,395.0
100.0,100.0
105.0,105.0
28.97,28.969999999999946
165.0,165.0
120.0,120.0
125.0,125.0
120.0,120.0
100.0,100.0
46.0,46.0
190.0,190.0
64.0,64.0
22.0,22.0
58.97,58.9700000000001
29.97,29.969999999999956
325.0,325.0
65.97,65.97000000000004
150.0,150.0
80.0,80.0
80.0,80.0
55.0,55.0
130.0,130.0
33.97,33.95999999999994
58.97,58.9700000000001
90.0,90.0
60.0,60.0
50.0,50.0
36.0,36.0
90.0,90.0
60.0,60.0
55.0,55.0
49.97,49.91999999999997
40.0,40.0
42.0,42.0
150.0,150.0
115.0,115.0
130.0,130.0
85.0,85.0
105.0,105.0
115.0,115.0
80.0,80.0
135.0,135.0
105.0,105.0
135.0,135.0
175.0,175.0
235.0,235.0
95.0,95.0
135.0,135.0
156.97,156.96999999999971
50.0,50.0
200.0,200.0
280.0,280.0
45.0,45.0
80.0,80.0
62.97,62.97
140.0,140.0
128.97,128.96999999999983
120.0,120.0
45.97,46.05999999999995
78.97,78.97000000000007
340.0,340.0
78.97,78.97000000000007
120.0,120.0
40.0,40.0
60.0,60.0
60.0,60.0
29.97,29.969999999999956
340.0,340.0
106.97,106.9700000000004
51.97,51.969999999999985
110.97,110.96999999999989
28.97,28.969999999999956
45.0,45.0
147.99,147.9899999999999
120.0,120.0
395.0,395.0
95.0,95.0
135.0,135.0
170.0,170.0
110.0,110.0
135.0,135.0
210.0,210.0
51.97,51.969999999999985
80.0,80.0
180.0,180.0
37.0,37.0
175.0,175.0
140.0,140.0
100.0,100.0
115.0,115.0
37.0,37.0
42.0,42.0
75.0,75.0
130.0,130.0
60.0,60.0
105.0,105.0
28.97,28.969999999999946
135.0,135.0
155.0,155.0
110.0,110.0
110.0,110.0
235.0,235.0
115.0,115.0
150.0,150.0
135.0,135.0
115.0,115.0
69.97,69.97000000000003
64.0,64.0
80.0,80.0
51.97,51.969999999999985
80.0,80.0
85.0,85.0
45.0,45.0
180.0,180.0
90.0,90.0
90.0,90.0
170.0,170.0
24.97,24.969999999999967
25.97,25.969999999999963
175.0,175.0
46.0,46.0
85.97,85.97000000000007
75.0,75.0
85.0,85.0
235.0,235.0
140.0,140.0
45.0,45.0
45.0,45.0
25.0,25.0
32.0,32.0
64.0,64.0
85.97,85.97000000000007
49.97,49.96999999999997
24.97,24.969999999999974
150.0,150.0
200.0,200.0
180.0,180.0
74.0,74.0
75.0,75.0
80.0,80.0
110.0,110.0
35.0,35.0
160.0,160.0
150.0,150.0
100.0,100.0
31.97,31.9699999999999
180.0,180.0
96.97,96.96999999999997
120.0,120.0
120.99,120.99000000000038
75.0,75.0
171.99,171.9899999999999
165.0,165.0
280.0,280.0
75.0,75.0
106.97,106.9700000000004
34.0,34.0
47.97,48.069999999999965
95.0,95.0
156.97,156.96999999999971
115.0,115.0
35.0,35.0
85.0,85.0
130.0,130.0
100.0,100.0
170.0,170.0
80.0,80.0
175.0,175.0
125.0,125.0
55.97,55.97
75.0,75.0
110.0,110.0
95.0,95.0
210.0,210.0
52.0,52.0
42.0,42.0
105.0,105.0
100.0,100.0
185.0,185.0
80.0,80.0
110.0,110.0
80.0,80.0
40.0,40.0
65.0,65.0
52.97,52.96999999999999
37.97,37.969999999999885
37.0,37.0
80.0,80.0
100.0,100.0
70.0,70.0
85.0,85.0
60.97,60.97000000000002
47.0,47.0
135.0,135.0
80.0,80.0
28.97,28.969999999999956
35.0,35.0
195.0,195.0
31.97,31.969999999999896
75.0,75.0
60.97,60.97000000000002
115.0,115.0
90.0,90.0
80.0,80.0
130.0,130.0
24.97,25.019999999999982
36.97,36.96999999999992
130.0,130.0
147.99,147.9899999999999
155.0,155.0
80.0,80.0
130.0,130.0
225.0,225.0
125.0,125.0
95.0,95.0
160.0,160.0
150.0,150.0
115.0,115.0
31.97,31.969999999999896
395.0,395.0
105.0,105.0
80.0,80.0
35.97,35.96999999999991
90.97,90.97000000000001
42.0,42.0
100.0,100.0
90.0,90.0
210.0,210.0
42.0,42.0
95.0,95.0
340.0,340.0
70.0,70.0
31.97,31.9699999999999
330.0,330.0
105.0,105.0
115.0,115.0
100.0,100.0
175.0,175.0
200.0,200.0
42.0,42.0
150.0,150.0
125.0,125.0
105.0,105.0
180.0,180.0
105.0,105.0
75.0,75.0
200.0,200.0
145.0,145.0
35.0,35.0
135.0,135.0
90.0,90.0
210.0,210.0
140.0,140.0
47.0,47.0
85.0,85.0
31.97,31.9699999999999
125.0,125.0
220.0,220.0
99.97,99.96999999999994
110.0,110.0
60.0,60.0
190.0,190.0
185.0,185.0
95.0,95.0
60.0,60.0
55.97,55.97
125.0,125.0
51.97,51.969999999999985
142.97,142.96999999999977
115.0,115.0
150.0,150.0
89.97,89.97
44.97,44.96999999999991
120.0,120.0
85.0,85.0
45.0,45.0
350.0,350.0
80.0,80.0
120.99,120.99000000000038
106.97,106.9700000000004
100.0,100.0
55.0,55.0
52.97,52.96999999999999
105.0,105.0
38.0,38.0
135.0,135.0
50.97,51.329999999999984
74.97,74.97000000000006
85.0,85.0
85.0,85.0
210.0,210.0
160.0,160.0
90.0,90.0
105.0,105.0
110.0,110.0
55.97,56.06
130.0,130.0
135.0,135.0
120.0,120.0
65.0,65.0
55.0,55.0
40.0,40.0
140.0,140.0
85.0,85.0
89.97,89.97000000000001
70.0,70.0
37.0,37.0
65.0,65.0
55.0,55.0
55.0,55.0
70.0,70.0
120.99,120.99000000000038
88.0,88.0
225.0,225.0
308.97,308.63120000000043
135.0,135.0
140.0,140.0
225.0,225.0
115.0,115.0
35.0,35.0
235.0,235.0
125.0,125.0
99.97,99.96999999999994
155.0,155.0
42.0,42.0
55.0,55.0
65.0,65.0
65.0,65.0
122.99,122.9899999999998
47.5,47.5
120.99,120.99000000000038
37.97,37.969999999999885
175.0,175.0
42.0,42.0
49.97,49.96999999999997
90.0,90.0
85.0,85.0
45.0,45.0
75.0,75.0
28.0,28.0
95.0,95.0
120.99,120.99000000000038
114.97,114.94999999999987
75.97,75.97000000000007
70.0,70.0
74.0,74.0
55.0,55.0
140.0,140.0
55.0,55.0
170.0,170.0
100.0,100.0
180.0,180.0
115.0,115.0
58.97,58.9700000000001
85.0,85.0
61.97,61.97000000000003
100.0,100.0
45.0,45.0
47.0,47.0
164.99,164.98999999999992
133.99,133.98999999999998
47.0,47.0
45.0,45.0
32.97,32.96999999999994
133.99,133.98999999999998
100.0,100.0
120.0,120.0
45.0,45.0
100.0,100.0
68.0,68.0
195.0,195.0
170.0,170.0
49.97,49.96999999999997
260.0,260.0
23.97,23.949999999999992
78.97,78.97000000000007
239.0,239.37
55.0,55.0
68.0,68.0
80.0,80.0
55.0,55.0
170.0,170.0
95.0,95.0
60.0,60.0
175.0,175.0
31.97,31.969999999999896
52.97,52.96999999999999
210.0,210.0
90.0,90.0
65.0,65.0
106.97,106.9700000000004
45.0,45.0
180.0,180.0
106.97,106.9700000000004
105.0,105.0
48.97,48.96999999999994
145.0,145.0
130.0,130.0
145.0,145.0
145.0,145.0
41.97,41.96999999999989
75.0,75.0
170.0,170.0
95.0,95.0
205.0,205.0
68.0,68.0
130.0,130.0
130.0,130.0
230.0,230.0
68.97,68.97000000000004
135.0,135.0
100.0,100.0
68.97,68.97000000000004
75.0,75.0
95.0,95.0
80.0,80.0
40.0,40.0
170.0,170.0
48.0,48.0
147.0,147.0
62.97,62.970000000000006
190.0,190.0
140.0,140.0
125.0,125.0
140.0,140.0
145.0,145.0
120.0,120.0
20.0,20.0
100.0,100.0
210.0,210.0
95.0,95.0
68.0,68.0
55.0,55.0
95.0,95.0
31.0,31.07
200.0,200.0
105.0,105.0
229.97,229.9700000000001
155.0,155.0
84.97,84.97000000000006
130.0,130.0
48.97,48.96999999999996
150.0,150.0
75.0,75.0
92.97,92.97
45.0,45.0
150.0,150.0
130.0,130.0
85.0,85.0
175.0,175.0
55.0,55.0
70.0,70.0
80.0,80.0
57.97,57.970000000000006
170.0,170.0
75.0,75.0
165.0,165.0
46.0,46.0
85.0,85.0
51.97,51.969999999999985
164.99,164.98999999999992
150.0,150.0
45.0,45.0
120.99,120.99000000000038
24.97,24.969999999999967
31.97,31.969999999999896
100.0,100.0
145.0,145.0
35.0,35.0
145.0,145.0
70.0,70.0
150.0,150.0
89.97,89.97
64.0,64.0
60.0,60.0
90.0,90.0
130.0,130.0
120.0,120.0
68.0,68.0
96.97,96.96999999999997
70.0,70.0
95.0,95.0
42.0,42.0
120.99,120.99000000000038
58.0,58.0
90.0,90.0
150.0,150.0
125.0,125.0
40.0,40.0
122.99,122.9899999999998
92.97,92.97
150.0,150.0
350.0,350.0
40.0,40.0
80.0,80.0
75.97,75.97000000000004
130.0,130.0
365.0,365.0
130.0,130.0
105.0,105.0
48.0,48.0
85.0,85.0
48.0,48.0
108.0,108.0
135.0,135.0
35.0,35.0
190.0,190.0
145.0,145.0
70.0,70.0
150.0,150.0
45.0,45.0
21.97,21.96999999999999
125.0,125.0
175.0,175.0
35.0,35.0
145.0,145.0
90.0,90.0
170.0,170.0
120.0,120.0
120.0,120.0
38.97,38.969999999999914
35.0,35.0
130.0,130.0
160.0,160.0
100.0,100.0
240.0,240.0
42.0,42.0
390.0,390.0
70.0,70.0
37.0,37.0
180.0,180.0
133.99,133.98999999999998
80.0,80.0
55.0,55.0
80.0,80.0
130.0,130.0
200.0,200.0
85.0,85.0
45.0,45.0
40.0,40.0
96.97,96.96999999999997
32.97,32.96999999999994
25.97,25.989999999999966
95.0,95.0
175.0,175.0
78.97,78.97000000000007
80.0,80.0
31.97,31.969999999999896
175.0,175.0
27.97,28.045299999999962
80.0,80.0
75.0,75.0
42.97,42.96999999999993
68.0,68.0
35.0,35.0
164.99,164.98999999999992
160.0,160.0
80.0,80.0
60.0,60.0
95.0,95.0
120.0,120.0
130.0,130.0
37.0,37.0
35.0,35.0
40.0,40.0
62.97,62.970000000000006
235.0,235.0
245.0,245.0
120.0,120.0
195.0,195.0
81.97,82.13000000000007
85.0,85.0
64.0,64.0
85.0,85.0
46.0,46.0
85.0,85.0
50.0,50.0
60.97,60.97000000000002
115.0,115.0
235.0,235.0
27.0,27.0
45.0,45.0
45.0,45.0
48.0,48.0
70.0,70.0
105.0,105.0
40.0,40.0
44.97,44.96999999999991
38.0,38.0
145.0,145.0
210.0,210.0
85.0,85.0
85.0,85.0
40.97,40.96999999999991
165.0,165.0
185.0,185.0
175.0,175.0
45.0,45.0
370.0,370.0
150.0,150.0
120.0,120.0
48.0,48.0
120.99,120.99000000000038
44.97,44.969999999999935
175.0,175.0
80.0,80.0
80.0,80.0
210.0,210.0
210.0,210.0
126.99,126.9899999999998
130.0,130.0
125.0,125.0
60.0,60.0
55.97,55.97
95.0,95.0
50.0,50.0
110.97,110.96999999999989
130.0,130.0
245.0,245.0
125.0,125.0
85.0,85.0
125.0,125.0
95.0,95.0
40.0,40.0
75.0,75.0
51.97,51.969999999999985
52.5,52.5
95.0,95.0
35.0,35.0
200.0,200.0
40.0,40.0
75.0,75.0
150.0,150.0
125.0,125.0
95.0,95.0
150.0,150.0
55.97,55.97
205.0,205.0
100.0,100.0
165.0,165.0
125.0,125.0
245.0,245.0
235.0,235.0
65.97,65.97000000000004
64.0,64.0
40.0,40.0
40.0,40.0
85.0,85.0
75.0,75.0
56.0,56.0
48.0,48.0
80.0,80.0
45.0,45.0
200.0,200.0
51.97,51.969999999999985
105.0,105.0
65.0,65.0
91.97,91.97
90.0,90.0
62.97,62.970000000000006
44.97,44.96999999999991
145.0,145.0
51.97,51.969999999999985
68.0,68.0
200.0,200.0
55.0,55.0
95.0,95.0
190.0,190.0
110.0,110.0
75.0,75.0
95.0,95.0
39.0,39.0
150.0,150.0
37.0,37.0
74.0,74.0
60.0,60.0
78.97,78.97000000000007
60.0,60.0
45.0,45.0
105.0,105.0
55.0,55.0
190.0,190.0
340.0,340.0
140.0,140.0
130.0,130.0
68.0,68.0
135.0,135.0
60.0,60.0
45.0,45.0
135.0,135.0
130.0,130.0
35.0,35.0
95.0,95.0
55.97,55.97
80.0,80.0
74.0,74.0
58.0,58.0
85.0,85.0
47.0,47.0
120.0,120.0
80.0,80.0
85.97,85.97000000000007
133.99,133.98999999999998
105.0,105.0
95.0,95.0
155.0,155.0
30.97,30.96999999999995
125.0,125.0
122.99,122.9899999999998
190.0,190.0
85.0,85.0
70.0,70.0
225.0,225.0
85.0,85.0
145.0,145.0
125.0,125.0
210.0,210.0
35.0,35.0
30.97,30.96999999999995
125.0,125.0
100.0,100.0
95.0,95.0
171.99,171.9899999999999
180.0,180.0
40.0,40.0
270.0,270.0
185.0,185.0
105.0,105.0
120.0,120.0
180.0,180.0
110.0,110.0
37.0,37.0
69.0,69.0
105.0,105.0
85.0,85.0
35.0,35.0
340.0,340.0
130.0,130.0
130.0,130.0
150.0,150.0
58.0,58.0
68.97,68.97000000000004
78.0,78.0
100.0,100.0
54.0,54.0
70.0,70.0
130.0,130.0
80.0,80.0
90.0,90.0
75.0,75.0
105.0,105.0
235.0,235.0
15.97,16.23000000000002
80.0,80.0
235.0,235.0
70.0,70.0
151.97,151.96999999999974
74.0,74.0
100.0,100.0
95.0,95.0
30.0,30.0
130.0,130.0
150.0,150.0
123.97,123.96999999999984
200.0,200.0
69.97,69.97000000000003
31.97,31.969999999999896
100.0,100.0
35.0,35.0
130.0,130.0
75.0,75.0
190.0,190.0
80.0,80.0
80.0,80.0
47.0,47.0
160.0,160.0
105.0,105.0
130.0,130.0
80.0,80.0
120.99,120.99000000000038
44.97,44.969999999999935
35.0,35.0
125.0,125.0
40.0,40.0
105.0,105.0
105.0,105.0
55.97,55.97
62.97,62.97
55.0,55.0
48.0,48.0
45.0,45.0
58.0,58.0
115.0,115.0
31.97,31.969999999999896
26.97,26.969999999999967
160.0,160.0
55.0,55.0
50.0,50.0
82.97,82.97000000000006
90.0,90.0
105.0,105.0
56.97,56.970000000000006
25.97,25.969999999999963
42.0,42.0
240.97,240.97000000000017
80.0,80.0
37.97,37.96999999999989
150.0,150.0
31.97,31.969999999999896
51.97,51.969999999999985
160.0,160.0
37.0,37.0
36.0,36.0
47.0,47.0
120.99,120.99000000000038
68.0,68.0
125.0,125.0
47.0,47.0
54.0,54.0
31.97,31.969999999999903
110.0,110.0
135.0,135.0
36.97,36.92999999999992
41.97,41.96999999999989
120.0,120.0
145.0,145.0
160.97,160.96999999999971
21.97,21.96999999999999
310.0,310.0
260.0,260.0
95.0,95.0
80.0,80.0
152.97,152.96999999999974
45.0,45.0
58.97,58.9700000000001
50.0,50.0
235.0,235.0
175.0,175.0
115.0,115.0
85.0,85.0
130.0,130.0
115.0,115.0
42.0,42.0
260.0,260.0
45.0,45.0
19.97,19.970000000000024
80.0,80.0
55.0,55.0
115.0,115.0
130.0,130.0
100.0,100.0
105.0,105.0
40.0,40.0
145.0,145.0
150.0,150.0
38.0,38.0
235.0,235.0
105.0,105.0
95.0,95.0
80.0,80.0
80.0,80.0
48.0,48.0
70.0,70.0
28.0,28.0
72.97,72.97000000000004
245.0,245.0
120.0,120.0
100.0,100.0
165.0,165.0
95.0,95.0
140.0,140.0
140.99,140.98999999999984
75.0,75.0
245.0,245.0
210.0,210.0
135.0,135.0
64.0,64.0
120.0,120.0
195.0,195.0
65.0,65.0
195.0,195.0
120.0,120.0
85.0,85.0
150.0,150.0
122.99,122.9899999999998
115.0,115.0
45.0,45.0
45.0,45.0
17.97,17.970000000000024
90.0,90.0
45.0,45.0
46.0,46.0
36.97,36.96999999999992
370.0,370.0
285.0,285.0
105.0,105.0
80.0,80.0
75.0,75.0
45.0,45.0
31.97,31.969999999999896
245.0,245.0
115.0,115.0
45.0,45.0
28.97,28.969999999999956
135.0,135.0
80.0,80.0
62.97,62.97
40.0,40.0
45.0,45.0
30.0,30.0
120.0,120.0
75.0,75.0
157.97,157.96999999999971
85.0,85.0
165.0,165.0
130.0,130.0
85.0,85.0
175.0,175.0
110.0,110.0
75.0,75.0
125.0,125.0
95.0,95.0
25.97,25.969999999999963
75.0,75.0
100.0,100.0
264.99,264.9896000000005
32.0,32.0
150.0,150.0
106.97,106.9700000000004
45.0,45.0
75.0,75.0
45.0,45.0
92.0,92.0
26.97,26.899999999999967
90.0,90.0
79.0,79.0
36.97,36.96999999999992
100.0,100.0
100.0,100.0
260.0,260.0
41.97,41.96999999999992
75.0,75.0
31.97,31.9699999999999
130.0,130.0
105.0,105.0
133.99,133.98999999999998
68.0,68.0
58.97,58.97000000000002
105.0,105.0
115.0,115.0
86.97,86.97000000000004
75.0,75.0
80.0,80.0
90.0,90.0
37.0,37.0
55.0,55.0
40.0,40.0
120.99,120.99000000000038
225.0,225.0
90.0,90.0
130.0,130.0
200.0,200.0
150.0,150.0
41.97,41.96999999999989
108.97,108.96999999999989
190.0,190.0
85.0,85.0
89.97,89.97
66.97,66.97000000000006
55.0,55.0
55.0,55.0
61.97,61.97000000000003
37.0,37.0
74.97,74.97000000000006
80.0,80.0
55.0,55.0
40.0,40.0
190.0,190.0
31.97,31.969999999999903
100.0,100.0
175.0,175.0
70.0,70.0
68.0,68.0
51.97,51.969999999999985
180.0,180.0
55.97,55.97
115.0,115.0
32.0,32.0
50.0,50.0
52.0,52.0
75.0,75.0
32.0,32.0
56.97,56.99000000000001
95.0,95.0
95.0,95.0
130.0,130.0
120.99,120.99000000000038
240.0,240.0
190.0,190.0
200.0,200.0
58.97,58.9700000000001
170.0,170.0
120.0,120.0
100.0,100.0
130.0,130.0
100.0,100.0
97.97,97.96999999999997
80.0,80.0
120.99,120.99000000000038
125.0,125.0
210.0,210.0
100.0,100.0
60.0,60.0
55.0,55.0
22.97,22.9206
125.0,125.0
108.97,108.96999999999989
120.0,120.0
175.0,175.0
85.0,85.0
22.0,22.0
65.97,65.97000000000001
100.0,100.0
41.97,41.96999999999989
150.0,150.0
78.97,78.97000000000007
100.0,100.0
85.0,85.0
38.97,38.969999999999914
135.0,135.0
85.0,85.0
35.0,35.0
160.0,160.0
55.0,55.0
30.97,30.96999999999995
35.0,35.0
40.0,40.0
70.0,70.0
48.0,48.0
54.0,54.0
130.0,130.0
75.0,75.0
170.0,170.0
125.0,125.0
100.0,100.0
225.0,225.0
116.97,116.96999999999986
75.97,75.97000000000007
43.97,43.969999999999935
210.0,210.0
85.0,85.0
133.99,133.98999999999998
40.97,40.96999999999991
125.0,125.0
42.0,42.0
210.0,210.0
80.97,81.09000000000009
140.0,140.0
85.0,85.0
140.0,140.0
235.0,235.0
77.0,77.0
85.0,85.0
70.0,70.0
100.0,100.0
45.0,45.0
150.0,150.0
60.0,60.0
75.0,75.0
85.0,85.0
120.99,120.99000000000038
95.0,95.0
47.0,47.0
94.97,94.96999999999998
40.0,40.0
95.0,95.0
115.0,115.0
75.97,75.97000000000004
16.97,17.00000000000002
55.0,55.0
55.97,55.97
51.97,51.93999999999998
160.0,160.0
200.0,200.0
85.0,85.0
210.0,210.0
60.0,60.0
210.0,210.0
75.0,75.0
190.0,190.0
180.0,180.0
74.0,74.0
165.0,165.0
75.0,75.0
105.0,105.0
50.0,50.0
270.0,270.0
210.0,210.0
80.0,80.0
350.0,350.0
125.0,125.0
90.0,90.0
147.99,147.9899999999999
65.0,65.0
190.0,190.0
120.0,120.0
68.0,68.0
150.0,150.0
120.0,120.0
45.0,45.0
58.97,58.9700000000001
108.0,108.0
64.0,64.0
160.0,160.0
74.97,74.97000000000006
120.0,120.0
115.0,115.0
19.97,19.990000000000023
140.0,140.0
45.0,45.0
68.0,68.0
55.0,55.0
24.97,24.969999999999974
64.97,64.95000000000003
126.99,126.9899999999998
85.0,85.0
68.0,68.0
175.0,175.0
28.97,28.969999999999946
200.0,200.0
350.0,350.0
30.0,30.0
60.0,60.0
47.0,47.0
135.0,135.0
160.0,160.0
30.97,30.96999999999995
46.0,46.0
47.0,47.0
85.0,85.0
135.0,135.0
85.0,85.0
123.97,123.96999999999984
85.0,85.0
85.0,85.0
110.97,110.96999999999989
105.0,105.0
72.97,72.97000000000004
260.0,260.0
60.0,60.0
60.0,60.0
85.0,85.0
140.0,140.0
120.0,120.0
44.97,44.96999999999992
55.0,55.0
35.0,35.0
100.0,100.0
245.0,245.0
75.0,75.0
170.0,170.0
31.97,31.969999999999896
55.97,55.97
95.0,95.0
45.0,45.0
125.0,125.0
90.0,90.0
130.0,130.0
106.97,106.9700000000004
90.0,90.0
75.0,75.0
90.0,90.0
175.0,175.0
48.97,48.96999999999994
80.0,80.0
110.0,110.0
100.0,100.0
50.0,50.0
50.0,50.0
48.0,48.0
225.0,225.0
32.0,32.0
67.0,67.0
48.97,48.96999999999994
31.97,31.969999999999896
165.0,165.0
260.0,260.0
170.0,170.0
125.0,125.0
235.0,235.0
85.0,85.0
22.0,22.0
44.97,44.96999999999991
180.0,180.0
120.99,120.99000000000038
90.0,90.0
90.0,90.0
90.0,90.0
175.0,175.0
28.97,28.969999999999946
52.97,52.96999999999999
75.0,75.0
96.97,96.96999999999997
95.0,95.0
45.0,45.0
175.0,175.0
85.0,85.0
100.0,100.0
175.0,175.0
51.97,51.969999999999985
40.0,40.0
65.0,65.0
96.97,96.96999999999997
68.97,68.97000000000004
65.0,65.0
122.99,122.9899999999998
200.0,200.0
200.0,200.0
180.0,180.0
42.0,42.0
18.0,18.0
95.0,95.0
65.97,65.97000000000001
60.0,60.0
235.0,235.0
120.99,120.99000000000038
85.0,85.0
155.0,155.0
100.0,100.0
33.97,33.969999999999935
31.97,31.969999999999896
140.0,140.0
210.0,210.0
170.0,170.0
58.0,58.0
31.97,31.969999999999896
60.0,60.0
45.0,45.0
90.0,90.0
120.99,120.99000000000038
210.0,210.0
245.0,245.0
80.0,80.0
75.97,75.97000000000004
130.0,130.0
137.97,137.93079999999978
115.0,115.0
85.97,85.97000000000007
75.0,75.0
75.97,75.97000000000004
100.0,100.0
28.97,28.969999999999956
30.0,30.0
120.99,120.99000000000038
105.0,105.0
55.0,55.0
38.0,38.0
200.0,200.0
100.0,100.0
95.0,95.0
48.0,48.0
78.97,78.97000000000007
74.97,74.97000000000006
85.0,85.0
40.0,40.0
120.0,120.0
100.0,100.0
85.0,85.0
45.0,45.0
210.0,210.0
105.0,105.0
168.0,168.01
28.0,28.0
90.0,90.0
95.0,95.0
95.0,95.0
110.0,110.0
130.0,130.0
58.97,58.9700000000001
105.0,105.0
85.0,85.0
90.0,90.0
115.0,115.0
115.0,115.0
70.0,70.0
78.97,78.97000000000007
115.0,115.0
140.0,140.0
190.0,190.0
95.0,95.0
47.0,47.0
65.0,65.0
200.0,200.0
35.0,35.0
100.0,100.0
55.0,55.0
175.0,175.0
89.97,89.97
70.97,70.97000000000006
95.0,95.0
55.97,55.97
64.0,64.0
130.0,130.0
150.0,150.0
105.0,105.0
55.0,55.0
21.97,21.96999999999999
42.0,42.0
145.0,145.0
150.0,150.0
100.0,100.0
90.0,90.0
58.97,58.9700000000001
45.0,45.0
190.0,190.0
95.0,95.0
75.0,75.0
58.97,58.9700000000001
115.0,115.0
180.0,180.0
36.97,36.96999999999992
150.0,150.0
170.0,170.0
95.0,95.0
37.0,37.0
85.0,85.0
68.97,68.91000000000004
40.0,40.0
32.0,32.0
75.0,75.0
164.99,164.98999999999992
37.97,37.969999999999885
120.0,120.0
35.0,35.0
80.0,80.0
115.0,115.0
28.97,28.969999999999946
127.0,127.0
105.0,105.0
105.0,105.0
165.0,165.0
42.0,42.0
175.0,175.0
45.97,45.96999999999994
35.0,35.0
110.0,110.0
90.0,90.0
74.97,74.97000000000007
24.97,24.969999999999974
45.0,45.0
45.0,45.0
29.97,29.969999999999956
80.0,80.0
120.99,120.99000000000038
45.0,45.0
210.0,210.0
106.97,106.9700000000004
28.97,28.969999999999956
55.97,55.97
35.0,35.0
116.97,116.96999999999987
48.97,48.96999999999994
55.0,55.0
130.0,130.0
35.0,35.0
66.97,66.97000000000004
54.0,54.0
136.97,136.8719999999998
36.0,36.0
75.0,75.0
28.0,28.0
65.0,65.0
100.0,100.0
270.0,270.0
80.0,80.0
80.0,80.0
40.0,40.0
90.0,90.0
37.0,37.0
95.0,95.0
120.99,120.99000000000038
120.0,120.0
115.0,115.0
150.0,150.0
45.0,45.0
37.97,37.97999999999992
156.97,156.96999999999971
41.0,41.0
35.0,35.0
65.97,65.97000000000001
85.0,85.0
25.97,25.969999999999963
120.0,120.0
135.0,135.0
150.0,150.0
64.0,64.0
105.0,105.0
42.0,42.0
72.97,72.97000000000006
48.0,48.0
155.0,155.0
145.0,145.0
32.97,32.96999999999994
95.0,95.0
150.0,150.0
65.0,65.0
140.0,140.0
80.0,80.0
45.0,45.0
35.0,35.0
85.0,85.0
29.97,29.969999999999956
130.0,130.0
125.0,125.0
160.0,160.0
130.0,130.0
90.0,90.0
42.0,42.0
16.97,16.970000000000024
165.0,165.0
145.0,145.0
130.0,130.0
65.0,65.0
90.0,90.0
105.0,105.0
65.0,65.0
70.0,70.0
120.0,120.0
75.0,75.0
85.0,85.0
65.0,65.0
100.0,100.0
125.0,125.0
110.0,110.0
160.0,160.0
135.0,135.0
175.0,175.0
45.0,45.0
21.97,21.969999999999995
170.0,170.0
80.0,80.0
28.97,28.969999999999946
175.0,175.0
85.0,85.0
60.97,60.97000000000002
147.99,147.9899999999999
165.0,165.0
130.0,130.0
90.0,90.0
105.0,105.0
130.0,130.0
85.0,85.0
125.0,125.0
225.0,225.0
125.0,125.0
40.0,40.0
85.0,85.0
100.97,100.96999999999993
94.97,94.96999999999998
120.0,120.0
85.0,85.0
100.0,100.0
152.97,152.96999999999974
80.0,80.0
85.0,85.0
120.99,120.99000000000038
32.0,32.0
120.0,120.0
26.0,26.0
150.0,150.0
165.0,165.0
105.0,105.0
55.0,55.0
42.0,42.0
75.0,75.0
32.0,32.0
147.0,147.01
120.0,120.0
100.0,100.0
150.0,150.0
120.0,120.0
106.97,106.9700000000004
125.0,125.0
75.0,75.0
125.0,125.0
140.0,140.0
150.0,150.0
34.97,34.969999999999935
35.0,35.0
90.0,90.0
210.0,210.0
140.0,140.0
120.99,120.99000000000038
75.0,75.0
60.0,60.0
100.0,100.0
68.0,68.0
122.0,122.0
126.99,126.9899999999998
84.0,84.0
64.0,64.0
106.97,106.9700000000004
85.0,85.0
160.0,160.0
125.0,125.0
235.0,235.0
210.0,210.0
220.0,220.0
175.0,175.0
60.0,60.0
80.0,80.0
60.0,60.0
22.0,22.0
100.0,100.0
245.0,245.0
140.0,140.0
40.97,40.96999999999991
120.0,120.0
70.0,70.0
112.97,112.96999999999987
85.0,85.0
35.0,35.0
45.0,45.0
375.0,375.0
21.97,21.96999999999999
145.0,145.0
78.97,78.97000000000007
50.0,50.0
40.97,40.96999999999991
80.0,80.0
35.0,35.0
39.0,39.0
150.0,150.0
155.0,155.0
155.0,155.0
64.0,64.0
52.97,52.96999999999999
140.0,140.0
35.0,35.0
160.0,160.0
35.0,35.0
42.0,42.0
170.0,170.0
69.97,69.97000000000003
155.0,155.0
85.0,85.0
80.0,80.0
157.97,157.96999999999971
100.0,100.0
65.0,65.0
130.0,130.0
70.0,70.0
235.0,235.0
70.0,70.0
190.0,190.0
160.0,160.0
30.97,30.96999999999995
95.0,95.0
100.0,100.0
180.0,180.0
235.0,235.0
42.0,42.0
65.0,65.0
130.0,130.0
115.0,115.0
75.0,75.0
20.0,20.0
182.99,182.99000000000007
32.0,32.0
75.0,75.0
120.99,120.99000000000038
175.0,175.0
110.0,110.0
90.0,90.0
55.0,55.0
45.0,45.0
165.0,165.0
55.0,55.0
65.0,65.0
48.97,48.96999999999994
230.0,230.0
85.0,85.0
105.0,105.0
160.0,160.0
65.0,65.0
45.0,45.0
175.0,175.0
120.99,120.99000000000038
35.0,35.0
80.97,80.97000000000007
135.0,135.0
40.0,40.0
145.0,145.0
78.0,78.0
135.0,135.0
85.0,85.0
80.0,80.0
164.99,164.98999999999992
175.0,175.0
90.0,90.0
157.97,157.96999999999971
125.0,125.0
175.0,175.0
125.0,125.0
105.0,105.0
130.0,130.0
28.97,28.969999999999946
32.97,32.96999999999994
82.97,82.97000000000006
77.0,77.0
45.0,45.0
182.99,182.99000000000007
225.0,225.0
85.0,85.0
260.0,260.0
115.0,115.0
395.0,395.0
45.0,45.0
190.0,190.0
95.0,95.0
75.0,75.0
106.97,106.9700000000004
40.0,40.0
235.0,235.0
85.0,85.0
64.0,64.0
65.0,65.0
47.0,47.0
170.0,170.0
130.0,130.0
85.0,85.0
175.0,175.0
175.0,175.0
96.97,96.96999999999997
105.0,105.0
130.0,130.0
48.0,48.0
71.97,72.13000000000007
105.0,105.0
35.0,35.0
50.0,50.0
150.0,150.0
142.97,142.96999999999977
40.0,40.0
140.0,140.0
180.0,180.0
375.0,375.0
90.0,90.0
85.97,85.97000000000007
120.0,120.0
120.0,120.0
58.97,58.9700000000001
100.0,100.0
275.0,275.0
200.0,200.0
100.0,100.0
75.0,75.0
180.0,180.0
65.0,65.0
20.97,20.970000000000017
65.0,65.0
115.0,115.0
125.0,125.0
115.97,115.66999999999986
171.99,171.9899999999999
85.0,85.0
175.0,175.0
145.0,145.0
69.97,69.97000000000003
100.0,100.0
130.0,130.0
145.0,145.0
40.0,40.0
100.0,100.0
24.97,24.969999999999967
58.0,58.0
90.0,90.0
67.0,67.0
150.0,150.0
37.0,37.0
95.0,95.0
55.97,55.97
85.0,85.0
110.0,110.0
115.0,115.0
90.0,90.0
140.0,140.0
145.0,145.0
55.0,55.0
72.97,72.97000000000007
65.0,65.0
95.0,95.0
155.0,155.0
145.0,145.0
165.0,165.0
160.0,160.0
50.0,50.0
150.0,150.0
55.0,55.0
125.0,125.0
200.0,200.0
120.99,120.99000000000038
100.0,100.0
120.0,120.0
120.99,120.99000000000038
80.0,80.0
133.99,133.98999999999998
78.0,78.0
157.99,157.9899999999998
205.0,205.0
285.0,285.0
170.0,170.0
85.0,85.0
80.0,80.0
95.0,95.0
140.0,140.0
100.0,100.0
235.0,235.0
55.0,55.0
145.0,145.0
44.97,44.969999999999935
85.97,85.97000000000007
85.0,85.0
42.0,42.0
25.0,25.0
58.0,58.0
85.0,85.0
245.0,245.0
160.0,160.0
135.0,135.0
16.97,16.98000000000002
260.0,260.0
80.0,80.0
35.0,35.0
55.0,55.0
200.0,200.0
165.0,165.0
70.0,70.0
135.0,135.0
42.0,42.0
95.0,95.0
190.0,190.0
70.0,70.0
110.0,110.0
55.0,55.0
100.0,100.0
32.97,32.96999999999994
55.0,55.0
58.97,58.9700000000001
50.0,50.0
128.0,128.0
48.0,48.0
95.0,95.0
171.99,171.9899999999999
210.0,210.0
105.0,105.0
85.0,85.0
47.0,47.0
75.0,75.0
60.0,60.0
133.99,133.98999999999998
80.0,80.0
58.97,58.9700000000001
120.0,120.0
42.0,42.0
72.0,72.0
155.0,155.0
108.97,108.96999999999989
135.0,135.0
45.0,45.0
85.97,85.97000000000007
41.97,41.96999999999989
57.0,57.0
110.0,110.0
70.0,70.0
150.0,150.0
130.0,130.0
65.0,65.0
120.0,120.0
235.0,235.0
80.0,80.0
165.0,165.0
115.0,115.0
65.0,65.0
160.0,160.0
120.0,120.0
85.0,85.0
55.0,55.0
385.0,385.0
200.0,200.0
110.0,110.0
75.0,75.0
85.97,85.97000000000007
75.0,75.0
255.0,255.0
28.0,28.0
35.0,35.0
95.0,95.0
95.0,95.0
75.97,75.97000000000007
280.0,280.0
44.97,44.96999999999991
108.0,108.0
152.97,146.41999999999976
180.0,180.0
110.0,110.0
85.0,85.0
90.0,90.0
270.0,270.0
75.0,75.0
41.97,41.96999999999989
51.97,51.969999999999985
190.0,190.0
32.0,32.0
85.0,85.0
170.0,170.0
55.97,55.97
120.0,120.0
54.0,54.0
45.0,45.0
180.0,180.0
120.99,120.99000000000038
105.0,105.0
42.0,42.0
82.97,82.97000000000006
48.97,48.96999999999994
210.0,210.0
45.0,45.0
68.0,68.0
157.97,157.96999999999971
75.0,75.0
170.0,170.0
106.97,106.9700000000004
210.0,210.0
200.0,200.0
90.0,90.0
70.0,70.0
95.0,95.0
65.97,65.97000000000004
100.97,100.96999999999993
130.0,130.0
95.0,95.0
350.0,350.0
180.0,180.0
45.0,45.0
68.0,68.0
100.0,100.0
100.0,100.0
85.0,85.0
180.0,180.0
74.97,74.97000000000006
120.0,120.0
95.0,95.0
75.0,75.0
120.0,120.0
35.97,35.96999999999991
47.0,47.0
45.0,45.0
46.0,46.0
229.97,229.9700000000001
47.0,47.0
50.0,50.0
180.0,180.0
42.0,42.0
44.0,44.0
155.0,155.0
45.0,45.0
95.0,95.0
95.0,95.0
210.0,210.0
75.0,75.0
235.0,235.0
115.0,115.0
64.0,64.0
120.0,120.0
40.0,40.0
120.0,120.0
150.0,150.0
37.97,37.969999999999885
235.0,235.0
37.0,37.0
165.0,165.0
44.0,44.0
75.0,75.0
40.0,40.0
18.97,18.97000000000002
100.0,100.0
55.0,55.0
31.97,31.969999999999896
110.0,110.0
150.0,150.0
35.0,35.0
48.97,48.96999999999994
240.0,240.0
41.97,41.96999999999992
100.0,100.0
260.0,260.0
48.97,48.96999999999994
200.0,200.0
45.0,45.0
145.0,145.0
160.97,160.96999999999971
105.0,105.0
100.0,100.0
70.0,70.0
125.0,125.0
90.0,90.0
40.0,40.0
88.0,87.12
102.97,102.79999999999993
230.0,230.0
75.0,75.0
80.0,80.0
35.0,35.0
235.0,235.0
70.0,70.0
55.0,55.0
100.0,100.0
68.97,68.97000000000004
150.0,150.0
115.0,115.0
85.0,85.0
100.0,100.0
80.0,80.0
80.0,80.0
115.0,115.0
180.0,180.0
45.0,45.0
35.0,35.0
50.0,50.0
48.0,48.0
264.99,264.9900000000005
64.0,64.0
125.0,125.0
70.0,70.0
21.97,21.96999999999999
140.0,140.0
115.0,115.0
95.0,95.0
182.99,182.99000000000007
31.97,31.969999999999896
120.0,120.0
120.0,120.0
170.0,170.0
35.0,35.0
310.0,310.0
50.0,50.0
74.97,74.97000000000006
180.0,180.0
115.0,115.0
150.0,150.0
85.0,85.0
40.0,40.0
40.0,40.0
45.0,45.0
170.0,170.0
130.0,130.0
75.0,75.0
140.0,140.0
130.0,130.0
152.97,152.96999999999974
125.0,125.0
80.0,80.0
100.97,100.96999999999994
100.0,100.0
75.97,75.97000000000004
60.0,60.0
76.97,76.99000000000007
80.0,80.0
160.0,160.0
90.0,90.0
105.0,105.0
60.0,60.0
69.97,69.97000000000003
65.0,65.0
190.0,190.0
85.0,85.0
21.97,21.979999999999997
135.0,135.0
55.0,55.0
210.0,210.0
200.0,200.0
24.97,24.969999999999967
330.0,330.0
85.0,85.0
135.0,135.0
65.0,65.0
150.0,150.0
22.5,22.2905
115.0,115.0
190.0,190.0
190.0,190.0
145.0,145.0
35.0,35.0
115.0,115.0
147.99,147.9899999999999
55.0,55.0
115.0,115.0
130.0,130.0
122.0,122.0
130.0,130.0
29.97,30.029999999999955
122.99,122.9899999999998
25.97,25.989999999999974
28.0,28.0
75.0,75.0
395.0,395.0
40.0,40.0
47.0,47.0
100.0,100.0
130.0,130.0
40.0,40.0
32.0,32.0
90.0,90.0
80.0,80.0
140.0,140.0
235.0,235.0
165.0,165.0
195.0,195.0
42.0,42.0
210.0,210.0
102.97,102.96999999999993
95.0,95.0
130.0,130.0
65.0,65.0
225.0,225.0
64.0,64.0
76.97,76.97000000000007
80.0,80.0
95.0,95.0
31.97,31.969999999999946
108.0,108.0
130.0,130.0
45.0,45.0
200.0,200.0
184.97,184.3801999999999
31.97,31.969999999999896
75.0,75.0
69.97,69.97000000000003
160.0,160.0
55.0,55.0
95.0,95.0
360.0,360.0
95.0,95.0
130.0,130.0
45.0,45.0
80.0,80.0
55.97,55.970000000000006
175.0,175.0
95.0,95.0
35.0,35.0
80.0,80.0
37.0,37.0
45.0,45.0
115.0,115.0
95.0,95.0
50.0,50.0
45.0,45.0
115.0,115.0
100.0,100.0
210.0,210.0
55.0,55.0
110.0,110.0
75.0,75.0
135.0,135.0
34.0,34.0
182.99,182.99000000000007
100.0,100.0
54.97,55.0
60.0,60.0
150.0,150.0
80.0,80.0
130.0,130.0
65.0,65.0
75.0,75.0
47.97,47.86999999999996
90.0,90.0
58.97,58.9700000000001
210.0,210.0
140.0,140.0
105.0,105.0
350.0,350.2
50.0,50.0
125.0,125.0
100.0,100.0
82.97,82.79000000000008
45.0,45.0
30.0,30.0
55.0,55.0
110.0,110.0
54.97,54.97
140.0,140.0
44.97,44.96999999999991
160.0,160.0
47.0,47.0
24.0,24.0
60.0,60.0
70.0,70.0
106.97,106.9700000000004
90.0,90.0
150.0,150.0
35.0,35.0
85.0,85.0
35.0,35.0
80.0,80.0
50.0,50.0
80.0,80.0
175.0,175.0
70.0,70.0
115.0,115.0
100.0,100.0
135.0,135.0
80.0,80.0
95.0,95.0
80.0,80.0
42.0,42.0
74.97,74.97000000000006
115.0,115.0
155.0,155.0
75.97,75.97000000000006
170.0,170.0
35.97,35.96999999999991
190.0,190.0
37.0,37.0
60.0,60.0
80.0,80.0
164.99,164.98999999999992
120.0,120.0
56.97,56.970000000000006
130.0,130.0
285.0,285.0
100.0,100.0
115.0,115.0
85.0,85.0
45.0,45.0
65.0,65.0
80.0,80.0
30.0,30.0
120.0,120.0
75.0,75.0
175.0,175.0
60.0,60.0
48.97,48.959999999999965
70.0,70.0
225.0,225.0
125.0,125.0
70.97,70.97000000000006
58.97,58.9700000000001
30.0,30.0
64.0,64.0
115.0,115.0
120.99,120.99000000000038
40.0,40.0
55.0,55.0
130.0,130.0
35.97,35.96999999999991
115.0,115.0
77.0,77.0
95.0,95.0
125.0,125.0
28.97,28.969999999999946
135.0,135.0
45.0,45.0
55.0,55.0
130.0,130.0
42.0,42.0
210.0,210.0
45.0,45.0
75.0,75.0
180.0,180.0
85.0,85.0
100.0,100.0
60.0,60.0
85.0,85.0
215.0,215.0
21.97,22.020600000000005
30.0,30.0
48.97,48.96999999999994
270.0,270.0
55.0,55.0
80.0,80.0
108.97,108.96999999999989
95.0,95.0
210.0,210.0
145.0,145.0
160.0,160.0
100.0,100.0
35.0,35.0
125.0,125.0
28.97,28.969999999999956
90.0,90.0
55.0,55.0
160.0,160.0
75.0,75.0
120.0,120.0
135.0,135.0
68.97,68.97000000000004
210.0,210.0
150.0,150.0
170.0,170.0
80.0,80.0
245.0,245.0
21.97,21.96999999999999
37.97,37.96999999999989
140.0,140.0
145.0,145.0
45.0,45.0
70.0,70.0
84.97,84.97000000000006
150.0,150.0
150.0,150.0
55.0,55.0
180.0,180.0
140.0,140.0
50.0,50.0
355.0,355.0
230.0,230.0
69.97,69.97000000000003
80.0,80.0
42.0,42.0
98.97,98.96999999999994
39.97,39.97999999999991
94.97,94.96999999999998
35.0,35.0
75.0,75.0
40.0,40.0
140.0,140.0
45.0,45.0
70.0,70.0
90.0,90.0
85.0,85.0
44.97,44.969999999999935
30.0,30.0
160.0,160.0
45.0,45.0
27.97,28.03529999999996
65.0,65.0
136.99,136.99979999999982
165.0,165.0
170.0,170.0
260.0,260.0
115.0,115.0
50.0,50.0
110.0,110.0
185.0,185.0
210.0,210.0
200.0,200.0
395.0,395.0
95.0,95.0
165.0,165.0
95.0,95.0
280.0,280.0
85.0,85.0
25.0,25.0
45.0,45.0
65.0,65.0
75.0,75.0
25.0,25.0
145.0,145.0
40.0,40.0
90.0,90.0
80.0,80.0
116.97,116.96999999999987
28.97,28.969999999999956
24.97,24.969999999999974
64.97,64.97000000000004
90.0,90.0
150.0,150.0
150.0,150.0
145.0,145.0
55.97,55.97
120.0,120.0
31.97,31.969999999999896
65.97,65.97000000000001
105.0,105.0
36.0,36.0
260.0,260.0
80.0,80.0
115.0,115.0
395.0,395.0
54.97,54.91
115.0,115.0
130.0,130.0
310.0,310.0
110.0,110.0
64.0,64.0
75.0,75.0
60.0,60.0
75.0,75.0
28.0,28.0
130.0,130.0
36.0,36.0
60.0,60.0
75.97,75.97000000000004
78.0,78.0
28.97,28.96999999999995
160.0,160.0
110.0,110.0
21.97,21.96999999999999
70.97,70.95000000000006
64.97,64.97000000000004
42.0,42.0
165.0,165.0
130.0,130.0
28.97,28.979999999999958
45.0,45.0
55.0,55.0
140.0,140.0
95.0,95.0
130.0,130.0
210.0,210.0
225.0,225.0
120.0,120.0
26.0,26.0
70.0,70.0
75.0,75.0
35.0,35.0
165.0,165.0
86.97,86.94000000000004
68.0,68.0
120.0,120.0
130.0,130.0
83.97,83.97000000000007
260.0,260.0
130.0,130.0
225.0,225.0
80.0,80.0
45.0,45.0
115.0,115.0
40.0,40.0
68.0,68.0
60.97,60.97000000000002
80.0,80.0
170.0,170.0
260.0,260.0
125.0,125.0
55.0,55.0
54.5,54.5
175.0,175.0
85.0,85.0
175.0,175.0
160.97,160.96999999999971
28.97,28.969999999999946
75.0,75.0
175.0,175.0
210.0,210.0
175.0,175.0
35.0,35.0
190.0,190.0
76.97,76.97000000000007
115.0,115.0
64.0,64.0
75.97,75.97000000000007
50.0,50.0
90.0,90.0
164.99,164.98999999999992
90.0,90.0
86.97,86.97000000000004
35.0,35.0
64.97,64.97000000000004
64.97,64.97000000000004
78.97,78.97000000000007
45.0,45.0
75.0,75.0
180.0,180.0
60.0,60.0
48.97,48.96999999999996
370.0,370.0
285.0,285.0
140.0,140.0
95.0,95.0
55.0,55.0
145.0,145.0
100.0,100.0
130.0,130.0
150.0,150.0
144.97,144.96999999999977
32.97,32.96999999999994
42.97,42.96999999999993
80.0,80.0
37.97,37.969999999999885
106.97,106.9700000000004
156.97,156.96999999999971
145.0,145.0
100.0,100.0
230.0,230.0
47.0,47.0
120.99,120.99000000000038
44.97,44.96999999999991
41.97,41.96999999999989
75.0,75.0
55.97,55.97
125.0,125.0
170.0,170.0
125.0,125.0
45.0,45.0
55.97,55.97
55.0,55.0
150.0,150.0
48.97,48.96999999999994
185.0,185.0
35.0,35.0
72.0,72.0
55.97,55.97
40.0,40.0
170.0,170.0
120.0,120.0
21.97,21.96999999999999
35.97,35.96999999999991
170.0,170.0
110.97,110.96999999999989
95.0,95.0
150.0,150.0
55.0,55.0
147.99,147.9899999999999
30.0,30.0
66.97,66.97000000000006
55.0,55.0
190.0,190.0
80.0,80.0
19.97,19.990000000000023
42.0,42.0
75.0,75.0
120.0,120.0
125.0,125.0
54.0,54.0
165.0,165.0
42.0,42.0
170.0,170.0
42.0,42.0
122.99,122.9899999999998
37.0,37.0
45.0,45.0
105.0,105.0
270.0,270.0
120.99,120.99000000000038
90.0,90.0
35.0,35.0
68.0,68.0
108.97,108.96999999999989
42.0,42.0
40.0,40.0
80.0,80.0
100.0,100.0
64.0,64.0
95.0,95.0
42.97,42.96999999999993
69.97,69.97000000000003
175.0,175.0
65.97,65.97000000000001
150.0,150.0
85.0,85.0
42.0,42.0
26.97,26.969999999999967
55.0,55.0
285.0,285.0
200.0,200.0
105.0,105.0
64.0,64.0
21.97,21.96999999999999
175.0,175.0
155.0,155.0
140.0,140.0
45.0,45.0
150.0,150.0
45.0,45.0
190.0,190.0
135.0,135.0
47.0,47.0
85.0,85.0
45.0,45.0
48.97,48.97999999999996
110.0,110.0
19.97,19.960000000000022
65.0,65.0
70.0,70.0
80.0,80.0
48.0,48.0
58.97,58.9700000000001
130.0,130.0
125.0,125.0
350.0,350.0
26.0,26.0
45.0,45.0
76.97,76.97000000000007
55.0,55.0
190.0,190.0
85.97,85.97000000000007
40.0,40.0
95.0,95.0
160.0,160.0
61.97,61.97000000000003
75.0,75.0
175.0,175.0
95.0,95.0
85.0,85.0
90.0,90.0
235.0,235.0
120.0,120.0
157.99,157.9899999999998
32.0,32.0
75.0,75.0
130.0,130.0
85.0,85.0
130.0,130.0
160.0,160.0
130.0,130.0
175.0,175.0
62.0,62.0
170.0,170.0
70.0,70.0
235.0,235.0
115.0,115.0
110.0,110.0
55.0,55.0
147.99,147.9899999999999
68.0,68.0
100.0,100.0
160.0,160.0
180.0,180.0
240.0,240.0
55.0,55.0
170.0,170.0
105.0,105.0
48.97,48.96999999999994
245.0,245.0
190.0,190.0
210.0,210.0
48.97,48.96999999999994
55.0,55.0
135.0,135.0
120.0,120.0
120.0,120.0
35.0,35.0
145.0,145.0
55.0,55.0
80.0,80.0
100.0,100.0
175.0,175.0
35.0,35.0
160.0,160.0
80.0,80.0
155.0,155.0
94.97,94.96999999999998
150.0,150.0
105.0,105.0
50.0,50.0
35.0,35.0
105.0,105.0
130.0,130.0
140.0,140.0
175.0,175.0
195.0,195.0
40.0,40.0
38.0,38.0
35.0,35.0
110.0,110.0
190.0,190.0
70.0,70.0
210.0,210.0
40.0,40.0
190.0,190.0
40.0,40.0
75.97,75.97000000000006
147.99,147.9899999999999
106.97,106.9700000000004
130.0,130.0
47.0,47.0
55.0,55.0
180.0,180.0
42.0,42.0
117.0,116.95
130.0,130.0
75.0,75.0
45.0,45.0
120.99,120.99000000000038
31.97,31.9699999999999
32.0,32.0
70.0,70.0
55.0,55.0
90.0,90.0
95.0,95.0
28.0,28.0
80.0,80.0
175.0,175.0
85.97,85.97000000000007
55.0,55.0
115.0,115.0
72.97,72.97000000000007
105.0,105.0
45.97,45.96999999999994
45.0,45.0
235.0,235.0
120.0,120.0
90.0,90.0
45.0,45.0
70.0,70.0
105.0,105.0
150.0,150.0
130.0,130.0
355.0,355.0
105.0,105.0
85.0,85.0
28.0,28.0
205.0,205.0
110.0,110.0
380.0,380.0
130.0,130.0
60.0,60.0
140.0,140.0
120.0,120.0
70.0,70.0
188.99,188.99000000000012
160.0,160.0
175.0,175.0
65.0,65.0
58.97,58.9700000000001
50.0,50.0
50.0,50.0
20.97,21.020000000000017
590.0,590.0
130.0,130.0
118.97,118.96999999999986
42.0,42.0
133.99,133.98999999999998
50.0,50.0
79.0,79.0
105.0,105.0
75.0,75.0
95.0,95.0
190.0,190.0
230.0,230.0
70.0,70.0
90.0,90.0
200.0,200.0
75.0,75.0
95.0,95.0
150.0,150.0
245.0,245.0
90.0,90.0
175.0,175.0
285.0,285.0
125.0,125.0
180.0,180.0
100.0,100.0
37.97,37.96999999999989
395.0,395.0
90.0,90.0
95.0,95.0
170.0,170.0
25.97,25.969999999999963
150.0,150.0
120.0,120.0
80.0,80.0
75.0,75.0
45.0,45.0
42.0,42.0
44.97,44.96999999999991
168.99,168.9899999999999
72.0,72.0
175.0,175.0
63.97,63.99000000000004
100.0,100.0
50.0,50.0
150.0,150.0
80.0,80.0
32.0,32.0
170.0,170.0
260.0,260.0
120.99,120.99000000000038
105.0,105.0
100.0,100.0
150.0,150.0
45.0,45.0
175.0,175.0
260.0,260.0
100.0,100.0
50.0,50.0
35.0,35.0
182.99,182.99000000000007
30.0,30.0
68.0,68.0
82.97,82.97000000000007
55.0,55.0
55.0,55.0
125.0,125.0
39.97,39.97999999999991
95.0,95.0
100.0,100.0
86.97,86.94000000000004
40.0,40.0
70.97,70.97000000000006
100.0,100.0
165.0,165.0
42.0,42.0
120.0,120.0
120.0,120.0
45.0,45.0
30.97,30.96999999999995
105.0,105.0
78.0,78.0
85.0,85.0
68.0,68.0
100.0,100.0
195.0,195.0
78.97,78.97000000000007
395.0,395.0
150.0,150.0
130.0,130.0
40.97,40.96999999999991
100.0,100.0
42.0,42.0
130.0,130.0
105.0,105.0
125.0,125.0
26.0,26.0
210.0,210.0
50.0,50.0
170.0,170.0
75.0,75.0
80.0,80.0
100.0,100.0
140.0,140.0
62.97,62.97
41.97,41.96999999999989
35.97,35.96999999999991
120.99,120.98999999999982
64.0,64.0
180.0,180.0
30.0,30.0
145.0,145.0
48.0,48.0
75.97,75.97000000000007
170.0,170.0
51.97,51.969999999999985
85.0,85.0
45.0,45.0
60.0,60.0
175.0,175.0
125.0,125.0
75.0,75.0
80.0,80.0
100.0,100.0
20.0,20.0
25.97,25.969999999999963
105.0,105.0
47.0,47.0
105.0,105.0
360.0,360.0
115.0,115.0
210.0,210.0
105.0,105.0
145.0,145.0
31.97,31.969999999999896
80.0,80.0
75.97,75.97000000000007
98.0,98.0
99.97,99.96999999999994
100.0,100.0
35.0,35.0
65.0,65.0
85.0,85.0
125.0,125.0
75.0,75.0
48.0,48.0
115.0,115.0
35.0,35.0
165.0,165.0
80.0,80.0
100.0,100.0
48.0,48.0
48.0,48.0
110.0,110.0
41.0,41.0
36.0,36.0
44.97,44.96999999999991
120.0,120.0
90.0,90.0
150.0,150.0
135.0,135.0
210.0,210.0
35.0,35.0
80.0,80.0
115.0,115.0
41.97,41.96999999999989
68.0,68.0
80.0,80.0
137.97,137.96999999999977
210.0,210.0
75.0,75.0
80.0,80.0
105.0,105.0
175.0,175.0
125.0,125.0
67.97,67.93000000000005
90.0,90.0
185.0,185.0
80.0,80.0
95.0,95.0
90.0,90.0
175.0,175.0
170.0,170.0
40.0,40.0
24.97,24.969999999999974
170.0,170.0
45.0,45.0
115.0,115.0
38.0,38.0
260.0,260.0
160.0,160.0
170.0,170.0
145.0,145.0
45.0,45.0
38.97,38.94999999999991
112.97,112.96999999999987
147.99,147.9899999999999
200.0,200.0
180.0,180.0
28.97,28.969999999999956
175.0,175.0
90.0,90.0
130.0,130.0
34.0,34.0
75.0,75.0
115.0,115.0
40.0,40.0
85.0,85.0
52.0,52.0
165.0,165.0
210.0,210.0
150.0,150.0
170.0,170.0
29.97,29.889999999999954
25.97,25.959999999999972
85.0,85.0
70.0,70.0
100.0,100.0
80.0,80.0
37.0,37.0
31.97,31.9699999999999
35.0,35.0
145.0,145.0
100.0,100.0
185.0,185.0
210.0,210.0
89.97,89.97
102.0,102.0
31.97,31.969999999999896
215.0,215.0
80.0,80.0
24.0,24.0
157.99,157.9899999999998
31.97,31.969999999999896
78.0,78.0
100.0,100.0
60.0,60.0
120.99,120.99000000000038
210.0,210.0
50.0,50.0
50.0,50.0
75.0,75.0
130.97,130.9699999999998
90.0,90.0
45.0,45.0
235.0,235.0
175.0,175.0
170.0,170.0
155.0,155.0
80.0,80.0
40.0,40.0
140.0,140.0
115.0,115.0
80.0,80.0
110.0,110.0
68.0,68.0
75.0,75.0
113.97,118.85999999999986
120.0,120.0
80.0,80.0
260.0,260.0
65.0,65.0
385.0,385.0
165.0,165.0
85.0,85.0
190.0,190.0
100.0,100.0
80.0,80.0
34.0,34.0
160.0,160.0
82.97,82.97000000000006
116.97,116.96999999999987
100.0,100.0
180.0,180.0
17.97,17.970000000000024
135.0,135.0
45.0,45.0
190.0,190.0
80.0,80.0
118.0,118.01
75.97,75.97000000000004
165.0,165.0
90.0,90.0
50.0,50.0
150.0,150.0
69.97,69.97000000000003
26.97,26.969999999999967
75.0,75.0
80.0,80.0
85.0,85.0
135.0,135.0
80.0,80.0
80.0,80.0
145.0,145.0
75.97,75.97000000000004
105.0,105.0
165.0,165.0
157.99,157.9899999999998
180.0,180.0
126.99,126.9899999999998
60.0,60.0
122.99,122.9899999999998
45.0,45.0
60.0,60.0
175.0,175.0
155.0,155.0
64.0,64.0
150.0,150.0
150.0,150.0
145.0,145.0
28.0,28.0
175.0,175.0
106.97,106.9700000000004
85.97,85.97000000000006
50.0,50.0
45.0,45.0
100.0,100.0
95.0,95.0
188.99,188.99000000000012
48.97,48.969999999999935
110.0,110.0
155.0,155.0
40.0,40.0
105.0,105.0
165.0,165.0
20.0,20.0
110.0,110.0
135.0,135.0
80.0,80.0
210.0,210.0
76.97,76.97000000000007
130.0,130.0
64.0,64.0
55.0,55.0
37.0,37.0
105.0,105.0
85.0,85.0
89.97,89.97
235.0,235.0
150.0,150.0
85.0,85.0
90.0,90.0
75.0,75.0
44.97,44.96999999999991
96.97,96.96999999999997
48.0,48.0
130.0,130.0
65.0,65.0
23.97,23.96999999999999
105.0,105.0
126.97,127.08999999999982
85.0,85.0
105.0,105.0
90.0,90.0
170.0,170.0
170.0,170.0
50.0,50.0
60.0,60.0
106.97,106.9700000000004
82.97,82.97000000000006
24.97,24.969999999999967
210.0,210.0
90.0,90.0
210.0,210.0
25.0,25.0
47.97,48.069999999999965
115.0,115.0
64.0,64.0
65.0,65.0
200.0,200.0
120.99,120.99000000000038
175.0,175.0
36.97,36.96999999999992
100.97,100.96999999999994
100.0,100.0
40.0,40.0
140.0,140.0
65.0,65.0
100.0,100.0
90.0,90.0
110.0,110.0
55.0,55.0
164.99,164.98999999999992
37.0,37.0
280.0,280.0
105.0,105.0
42.0,42.0
170.0,170.0
60.0,60.0
75.0,75.0
65.0,65.0
120.99,120.99000000000038
180.0,180.0
80.0,80.0
120.0,120.0
170.0,170.0
235.0,235.0
180.0,180.0
170.0,170.0
170.0,170.0
60.0,60.0
100.0,100.0
150.0,150.0
56.97,56.970000000000006
60.0,60.0
120.0,120.0
106.97,106.9700000000004
55.0,55.0
75.0,75.0
120.0,120.0
45.0,45.0
130.0,130.0
35.0,35.0
68.0,68.0
115.0,115.0
40.0,40.0
56.0,56.0
170.0,170.0
31.97,31.969999999999896
50.0,50.0
37.97,37.96999999999989
85.0,85.0
155.0,155.0
55.0,55.0
100.97,100.96999999999994
270.0,270.0
135.0,135.0
164.99,164.98999999999992
60.0,60.0
180.0,180.0
28.97,28.969999999999956
100.0,100.0
155.0,155.0
21.97,21.969999999999995
145.0,145.0
125.0,125.0
235.0,235.0
75.0,75.0
160.0,160.0
140.0,140.0
80.0,80.0
20.0,20.0
95.0,95.0
70.0,70.0
95.0,95.0
80.0,80.0
58.0,58.0
140.0,140.0
225.0,225.0
110.0,110.0
75.0,75.0
85.0,85.0
40.0,40.0
25.0,25.0
120.0,120.0
48.97,48.96999999999994
135.0,135.0
58.97,58.9700000000001
75.0,75.0
100.0,100.0
37.97,37.96999999999989
115.0,115.0
160.0,160.0
75.0,75.0
62.97,63.00000000000003
240.0,240.0
20.97,20.99000000000002
130.0,130.0
80.0,80.0
180.0,180.0
100.0,100.0
125.0,125.0
30.0,30.0
145.0,145.0
120.0,120.0
45.0,45.0
82.97,82.97000000000006
90.0,90.0
24.97,24.969999999999974
65.97,65.97000000000004
54.5,54.5
90.0,90.0
110.0,110.0
85.0,85.0
45.0,45.0
135.0,135.0
65.0,65.0
44.97,44.96999999999991
150.0,150.0
110.0,110.0
65.0,65.0
182.99,182.99000000000007
42.0,42.0
80.97,80.97000000000008
100.0,100.0
95.0,95.0
100.0,100.0
40.0,40.0
40.0,40.0
85.0,85.0
125.0,125.0
85.0,85.0
225.0,225.0
120.0,120.0
80.0,80.0
75.0,75.0
34.97,34.969999999999935
23.97,23.61999999999999
42.0,42.0
145.0,145.0
100.0,100.0
68.97,68.97000000000004
100.0,100.0
31.5,31.5094
140.0,140.0
80.0,80.0
60.0,60.0
170.0,170.0
175.0,175.0
55.0,55.0
125.0,125.0
235.0,235.0
105.97,105.96999999999991
95.0,95.0
80.0,80.0
40.97,40.96999999999991
45.0,45.0
280.0,280.0
120.0,120.0
235.0,235.0
100.0,100.0
85.97,85.97000000000007
110.0,110.0
105.0,105.0
80.0,80.0
35.0,35.0
145.0,145.0
45.0,45.0
145.0,145.0
100.0,100.0
67.0,67.0
75.0,75.0
100.0,100.0
85.0,85.0
125.0,125.0
26.97,26.969999999999967
75.0,75.0
58.97,58.9700000000001
68.0,68.0
135.0,135.0
75.0,75.0
31.97,31.9699999999999
147.99,147.9899999999999
170.0,170.0
152.97,152.96999999999974
40.0,40.0
100.0,100.0
190.0,190.0
106.97,106.9700000000004
100.0,100.0
80.0,80.0
28.0,28.0
80.0,80.0
95.0,95.0
75.97,75.97000000000004
165.0,165.0
45.0,45.0
145.0,145.0
60.0,60.0
155.0,155.0
90.0,90.0
45.0,45.0
65.0,65.0
40.0,40.0
85.0,85.0
120.0,120.0
100.0,100.0
41.97,41.96999999999989
150.0,150.0
90.0,90.0
170.0,170.0
64.0,64.0
235.0,235.0
375.0,375.0
64.97,64.97000000000004
105.0,105.0
95.0,95.0
175.0,175.0
105.97,105.96999999999991
115.0,115.0
190.0,190.0
160.0,160.0
229.97,229.9700000000001
37.0,37.0
95.0,95.0
136.97,136.96999999999977
80.0,80.0
130.0,130.0
37.0,37.0
125.0,125.0
51.97,51.969999999999985
55.0,55.0
170.0,170.0
120.0,120.0
55.0,55.0
48.0,48.0
120.99,120.99000000000038
100.0,100.0
65.0,65.0
40.0,40.0
245.0,245.0
125.0,125.0
35.0,35.0
85.0,85.0
190.0,190.0
350.0,350.0
155.0,155.0
220.0,220.0
55.0,55.0
147.99,147.9899999999999
90.0,90.0
30.97,30.95999999999995
45.0,45.0
190.0,190.0
28.97,28.969999999999956
175.0,175.0
120.99,120.99000000000038
30.0,30.0
140.0,140.0
120.99,120.99000000000038
210.0,210.0
190.0,190.0
68.0,68.0
70.0,70.0
105.0,105.0
100.0,100.0
120.0,120.0
215.0,215.0
150.0,150.0
45.0,45.0
61.97,62.050000000000026
25.97,25.969999999999963
64.0,64.0
190.0,190.0
60.0,60.0
48.0,48.0
85.0,85.0
130.0,130.0
64.0,64.0
45.0,45.0
51.97,51.969999999999985
26.97,26.969999999999967
210.0,210.0
23.97,23.96999999999999
155.0,155.0
182.99,182.99000000000007
55.0,55.0
55.0,55.0
31.97,31.969999999999896
200.0,200.0
95.0,95.0
235.0,235.0
185.0,185.0
145.0,145.0
80.0,80.0
285.0,285.0
25.97,25.969999999999963
80.0,80.0
105.0,105.0
37.0,37.0
31.97,31.969999999999896
135.0,135.0
135.0,135.0
59.0,59.0
225.0,225.0
140.0,140.0
235.0,235.0
140.0,140.0
86.0,85.99
89.97,89.97
75.0,75.0
130.0,130.0
78.0,78.0
106.97,106.9700000000004
65.0,65.0
70.0,70.0
85.0,85.0
175.0,175.0
185.0,185.0
60.97,60.97000000000002
160.0,160.0
125.0,125.0
85.0,85.0
24.0,24.0
23.97,23.96999999999999
130.0,130.0
150.0,150.0
40.0,40.0
80.0,80.0
40.0,40.0
270.0,270.0
115.0,115.0
360.0,360.0
108.97,108.96999999999991
190.0,190.0
90.0,90.0
47.5,47.5
118.0,118.01
165.0,165.0
56.0,56.0
123.97,123.96999999999984
95.0,95.0
55.0,55.0
35.0,35.0
34.97,34.969999999999935
73.97,73.97000000000007
70.0,70.0
135.0,135.0
100.0,100.0
130.0,130.0
180.0,180.0
150.0,150.0
175.0,175.0
120.0,120.0
55.0,55.0
32.0,32.0
305.0,305.0
135.0,135.0
80.0,80.0
310.0,310.0
125.0,125.0
31.97,31.969999999999896
51.97,51.969999999999985
95.0,95.0
130.0,130.0
175.0,175.0
90.0,90.0
42.0,42.0
40.0,40.0
80.0,80.0
90.0,90.0
103.97,103.96999999999993
375.0,375.0
26.97,26.879999999999967
75.0,75.0
175.0,175.0
85.0,85.0
106.97,106.9700000000004
30.0,30.0
150.0,150.0
85.0,85.0
32.97,32.96999999999994
70.0,70.0
95.0,95.0
110.0,110.0
95.0,95.0
175.0,175.0
19.0,20.0
57.0,57.0
69.97,69.97000000000003
145.0,145.0
75.0,75.0
190.0,190.0
135.0,135.0
18.97,19.010000000000023
85.0,85.0
100.0,100.0
105.0,105.0
50.0,50.0
37.0,37.0
37.0,37.0
130.0,130.0
54.0,54.0
40.0,40.0
25.97,25.969999999999963
90.0,90.0
270.0,270.0
35.97,35.96999999999991
120.0,120.0
340.0,340.0
115.0,115.0
90.0,90.0
70.0,70.0
105.0,105.0
120.0,120.0
37.0,37.0
84.0,84.0
45.0,45.0
225.0,225.0
60.0,60.0
165.0,165.0
135.0,135.0
40.0,40.0
105.0,105.0
55.97,55.97
115.0,115.0
45.0,45.0
185.0,185.0
70.0,70.0
62.97,63.01000000000001
200.0,200.0
160.0,160.0
80.0,80.0
80.0,80.0
110.0,110.0
70.0,70.0
28.97,28.969999999999956
60.0,60.0
175.0,175.0
200.0,200.0
155.0,155.0
85.0,85.0
170.0,170.0
42.0,42.0
150.0,150.0
85.0,85.0
47.0,47.0
40.97,40.96999999999991
145.0,145.0
55.0,55.0
395.0,395.0
88.97,88.97000000000001
85.0,85.0
45.0,45.0
22.97,22.97
125.0,125.0
110.0,110.0
132.0,132.0
41.97,41.96999999999989
210.0,210.0
76.97,76.97000000000007
41.97,41.96999999999992
95.0,95.0
120.0,120.0
115.0,115.0
60.0,60.0
95.0,95.0
45.0,45.0
145.0,145.0
24.97,24.969999999999967
270.0,270.0
80.0,80.0
35.0,35.0
100.0,100.0
60.0,60.0
70.0,70.0
200.0,200.0
190.0,190.0
150.0,150.0
82.97,82.97000000000006
75.0,75.0
115.0,115.0
145.0,145.0
35.0,35.0
105.0,105.0
120.0,120.0
175.0,175.0
130.0,130.0
120.99,120.99000000000038
210.0,210.0
65.0,65.0
90.0,90.0
106.97,106.9700000000004
170.0,170.0
120.0,120.0
80.0,80.0
175.0,175.0
59.0,59.0
65.0,65.0
95.0,95.0
220.0,220.0
75.0,75.0
165.0,165.0
80.0,80.0
96.97,96.96999999999997
90.0,90.0
260.0,260.0
150.0,150.0
100.0,100.0
150.0,150.0
168.99,168.9899999999999
85.0,85.0
200.0,200.0
340.0,340.0
105.0,105.0
115.0,115.0
115.0,115.0
45.0,45.0
180.0,180.0
68.0,68.0
40.0,40.0
85.0,85.0
260.0,260.0
55.0,55.0
95.0,95.0
94.0,94.0
125.0,125.0
30.97,30.96999999999995
31.97,31.9699999999999
100.0,100.0
16.0,16.0
110.0,110.0
145.0,145.0
25.97,25.969999999999963
235.0,235.0
30.0,30.0
116.0,116.35
85.97,85.97000000000007
115.0,115.0
34.97,34.969999999999935
14.0,13.88
62.97,62.97
55.0,55.0
90.0,90.0
175.0,175.0
35.0,35.0
120.0,120.0
225.0,225.0
31.97,31.9699999999999
65.0,65.0
45.0,45.0
120.99,120.99000000000038
45.0,45.0
27.0,27.0
200.0,200.0
170.0,170.0
45.0,45.0
70.0,70.0
69.97,69.97000000000004
28.0,28.0
180.0,180.0
70.0,70.0
90.0,90.0
100.0,100.0
105.0,105.0
105.0,105.0
85.0,85.0
100.0,100.0
90.0,90.0
210.0,210.0
175.0,175.0
45.0,45.0
42.0,42.0
133.99,133.98999999999998
47.97,47.96999999999996
40.0,40.0
95.0,95.0
69.99,69.98999999999984
171.99,171.9899999999999
45.0,45.0
115.0,115.0
120.0,120.0
125.0,125.0
41.0,41.0
31.97,31.969999999999896
190.0,190.0
130.0,130.0
80.0,80.0
40.0,40.0
84.97,84.97000000000006
130.0,130.0
90.0,90.0
25.97,25.969999999999963
170.0,170.0
180.0,180.0
75.0,75.0
210.0,210.0
38.0,38.0
170.0,170.0
35.0,35.0
48.97,48.96999999999994
55.97,55.97
48.0,48.0
310.0,310.0
100.0,100.0
31.97,31.969999999999896
94.97,94.96999999999998
65.0,65.0
40.0,40.0
140.0,140.0
175.0,175.0
280.0,280.0
90.0,90.0
42.0,42.0
175.0,175.0
85.0,85.0
95.0,95.0
100.0,100.0
70.0,70.0
40.0,40.0
24.97,24.969999999999967
75.0,75.0
123.97,123.96999999999984
28.97,28.969999999999956
200.0,200.0
205.0,205.0
126.99,126.9899999999998
48.0,48.0
80.0,80.0
80.0,80.0
106.97,106.9700000000004
182.99,182.56960000000007
175.0,175.0
90.0,90.0
170.0,170.0
22.0,22.0
201.97,201.96999999999997
47.0,47.0
58.97,58.9700000000001
75.0,75.0
100.0,100.0
160.0,160.0
140.0,140.0
165.0,165.0
340.0,340.0
46.0,46.0
175.0,175.0
150.0,150.0
120.0,120.0
135.0,135.0
42.97,42.96999999999993
120.99,120.99000000000038
45.0,45.0
120.0,120.0
80.0,80.0
45.0,45.0
140.0,140.0
50.0,50.0
165.0,165.0
110.0,110.0
235.0,235.0
120.0,120.0
60.97,60.97000000000002
75.0,75.0
210.0,210.0
120.0,120.0
210.0,210.0
100.0,100.0
130.97,130.9699999999998
58.97,58.9700000000001
190.0,190.0
95.0,95.0
165.0,165.0
395.0,395.0
160.0,160.0
120.0,120.0
340.0,340.0
26.97,26.969999999999967
90.0,90.0
32.97,32.959999999999944
105.0,105.0
155.0,155.0
125.0,125.0
40.97,40.96999999999991
70.0,70.0
40.0,40.0
90.0,90.0
100.0,100.0
60.0,60.0
145.0,145.0
44.97,44.969999999999935
50.0,50.0
120.0,120.0
235.0,235.0
100.0,100.0
40.0,40.0
75.0,75.0
210.0,210.0
31.97,31.969999999999896
38.97,38.96999999999992
94.97,94.96999999999998
195.0,195.0
85.0,85.0
58.97,58.9700000000001
200.0,200.0
75.0,75.0
210.0,210.0
100.0,100.0
47.0,47.0
190.0,190.0
130.0,130.0
30.97,30.96999999999995
68.0,68.0
85.0,85.0
45.0,45.0
58.97,58.9700000000001
95.0,95.0
45.0,45.0
160.0,160.0
60.97,60.97000000000002
105.0,105.0
24.0,24.0
210.0,210.0
45.0,45.0
62.0,62.0
190.0,190.0
120.0,120.0
147.99,147.9899999999999
31.97,31.969999999999946
125.0,125.0
125.0,125.0
190.0,190.0
95.0,95.0
95.0,95.0
40.0,40.0
85.0,85.0
62.97,62.97
100.0,100.0
95.0,95.0
120.99,120.99000000000038
210.0,210.0
180.0,180.0
165.0,165.0
55.0,55.0
32.97,32.96999999999994
160.0,160.0
97.97,97.90999999999997
190.0,190.0
105.0,105.0
130.0,130.0
105.0,105.0
140.0,140.0
75.0,75.0
55.0,55.0
155.0,155.0
150.0,150.0
93.97,93.96999999999998
115.0,115.0
140.0,140.0
32.97,32.96999999999994
260.0,260.0
40.0,40.0
20.97,20.970000000000017
130.0,130.0
45.0,45.0
180.0,180.0
285.0,285.0
45.0,45.0
105.97,105.96999999999991
100.0,100.0
115.0,115.0
135.0,135.0
120.0,120.0
30.0,30.0
155.0,155.0
50.0,50.0
175.0,175.0
35.0,35.0
110.0,110.0
108.97,108.96999999999989
155.0,155.0
69.97,69.97000000000003
58.97,58.9700000000001
135.0,135.0
64.0,64.0
60.0,60.0
235.0,235.0
194.99,195.0998000000001
100.0,100.0
150.0,150.0
70.0,70.0
100.0,100.0
40.0,40.0
210.0,210.0
80.0,80.0
31.97,31.9699999999999
55.0,55.0
175.0,175.0
95.0,95.0
130.0,130.0
115.0,115.0
24.97,24.969999999999974
55.97,55.97
48.97,48.96999999999996
40.0,40.0
160.0,160.0
85.0,85.0
85.97,85.97000000000007
75.0,75.0
49.0,49.0
85.0,85.0
47.0,47.0
105.0,105.0
48.0,48.0
235.0,235.0
64.0,64.0
125.0,125.0
160.0,160.0
65.0,65.0
85.0,85.0
35.0,35.0
190.0,190.0
48.0,48.0
130.0,130.0
90.0,90.0
18.97,18.970000000000024
45.0,45.0
40.0,40.0
125.0,125.0
73.97,73.97000000000007
64.0,64.0
30.0,30.0
150.0,150.0
180.0,180.0
160.0,160.0
65.0,65.0
235.0,235.0
106.97,106.9700000000004
170.0,170.0
140.0,140.0
182.99,182.99000000000007
70.0,70.0
75.0,75.0
45.0,45.0
235.0,235.0
170.0,170.0
100.0,100.0
160.0,160.0
31.97,31.969999999999896
60.0,60.0
80.0,80.0
42.0,42.0
100.0,100.0
60.0,60.0
35.0,35.0
180.0,180.0
80.0,80.0
48.0,48.0
85.0,85.0
160.0,160.0
85.0,85.0
42.97,42.96999999999993
90.0,90.0
240.0,240.0
100.0,100.0
200.0,200.0
170.0,170.0
48.97,48.96999999999996
90.0,90.0
45.0,45.0
85.0,85.0
135.0,135.0
55.0,55.0
168.99,168.84999999999985
55.0,55.0
105.0,105.0
170.0,170.0
90.0,90.0
160.0,160.0
50.0,50.0
105.0,105.0
147.99,147.9899999999999
64.97,64.97000000000004
180.0,180.0
38.0,38.0
60.0,60.0
95.0,95.0
105.0,105.0
37.0,37.0
45.0,45.0
135.0,135.0
150.0,150.0
100.0,100.0
235.0,235.0
75.0,75.0
49.97,49.96999999999997
85.0,85.0
72.0,72.0
155.0,155.0
171.99,171.9899999999999
210.0,210.0
165.0,165.0
110.0,110.0
165.0,165.0
95.0,95.0
99.97,99.96999999999994
125.0,125.0
65.0,65.0
75.0,75.0
90.0,90.0
150.0,150.0
160.0,160.0
105.0,105.0
175.0,175.0
170.0,170.0
355.0,355.0
40.0,40.0
180.0,180.0
64.97,64.97000000000004
120.0,120.0
245.0,245.0
155.0,155.0
190.0,190.0
125.0,125.0
42.0,42.0
100.0,100.0
85.0,85.0
120.0,120.0
25.97,25.969999999999963
128.97,128.96999999999983
72.0,72.0
65.0,65.0
110.0,110.0
55.97,55.97
68.0,68.0
90.0,90.0
115.0,115.0
145.0,145.0
64.0,64.0
41.97,41.98999999999992
41.97,41.96999999999989
125.0,125.0
140.0,140.0
32.0,32.0
120.0,120.0
120.99,120.99000000000038
100.0,100.0
80.0,80.0
30.0,30.0
80.0,80.0
225.0,225.0
75.0,75.0
122.0,122.0
95.0,95.0
90.0,90.0
35.0,35.0
235.0,235.0
100.0,100.0
180.0,180.0
35.0,35.0
190.0,190.0
60.0,60.0
99.97,99.96999999999994
260.0,260.0
130.0,130.0
145.0,145.0
225.0,225.0
37.97,37.969999999999885
60.0,60.0
105.0,105.0
85.0,85.0
73.97,73.97000000000007
120.0,120.0
60.0,60.0
120.0,120.0
28.97,28.969999999999956
68.0,68.0
103.97,103.96999999999993
130.0,130.0
195.0,195.0
80.0,80.0
180.0,180.0
50.0,50.0
85.0,85.0
50.0,50.0
200.0,200.0
90.0,90.0
105.0,105.0
85.0,85.0
115.0,115.0
75.0,75.0
45.0,45.0
133.99,133.98999999999998
89.97,89.97000000000001
120.0,120.0
68.0,68.0
55.0,55.0
200.0,200.0
40.0,40.0
145.0,145.0
32.0,32.0
60.0,60.0
155.0,155.0
125.0,125.0
45.0,45.0
45.0,45.0
130.0,130.0
45.0,45.0
35.0,35.0
85.0,85.0
170.0,170.0
133.99,133.98999999999998
106.97,106.9700000000004
65.0,65.0
51.97,51.969999999999985
210.0,210.0
90.0,90.0
55.0,55.0
135.0,135.0
105.0,105.0
95.0,95.0
40.0,40.0
235.0,235.0
125.0,125.0
120.0,120.0
52.97,52.96999999999999
32.0,32.0
90.0,90.0
135.0,135.0
125.0,125.0
40.0,40.0
180.0,180.0
150.0,150.0
130.0,130.0
85.0,85.0
200.0,200.0
40.0,40.0
95.0,95.0
125.0,125.0
93.97,93.96999999999998
170.0,170.0
40.97,40.96999999999991
40.0,40.0
55.0,55.0
190.0,190.0
75.0,75.0
38.0,38.0
125.0,125.0
160.0,160.0
155.0,155.0
90.0,90.0
75.0,75.0
120.0,120.0
127.99,127.98539999999984
115.0,115.0
260.0,260.0
270.0,270.0
145.0,145.0
45.0,45.0
51.97,51.969999999999985
156.97,156.96999999999971
120.0,120.0
150.0,150.0
64.0,64.0
190.0,190.0
70.97,70.97000000000006
145.0,145.0
264.99,264.9900000000005
145.0,145.0
85.0,85.0
160.0,160.0
55.0,55.0
55.0,55.0
35.0,35.0
50.0,50.0
55.97,55.97
80.0,80.0
37.97,37.96999999999992
80.0,80.0
41.97,41.96999999999992
133.99,133.98999999999998
85.97,85.95000000000006
110.0,110.0
185.0,185.0
285.0,285.0
35.0,35.0
245.0,245.0
36.0,36.0
72.97,72.91000000000007
77.0,77.0
60.0,60.0
45.0,45.0
375.0,375.0
48.97,48.969999999999935
245.0,245.0
140.0,140.0
100.0,100.0
130.0,130.0
120.0,120.0
150.0,150.0
152.97,152.96999999999974
80.0,80.0
360.0,360.0
270.0,270.0
28.0,28.0
56.97,56.33000000000001
37.0,37.0
85.0,85.0
115.0,115.0
58.97,58.9700000000001
54.0,54.0
115.0,115.0
47.0,47.0
40.0,40.0
75.0,75.0
115.0,115.0
92.97,92.97
65.97,65.97000000000001
38.97,38.96999999999992
60.0,60.0
310.0,310.0
42.0,42.0
75.0,75.0
28.97,28.969999999999956
95.0,95.0
19.97,19.970000000000024
80.0,80.0
55.0,55.0
31.97,31.969999999999896
225.0,225.0
225.0,225.0
120.0,120.0
136.97,136.9699999999998
155.0,155.0
175.0,175.0
85.0,85.0
30.0,30.0
210.0,210.0
125.0,125.0
106.97,106.9700000000004
80.0,80.0
106.97,106.9700000000004
45.0,45.0
135.0,135.0
36.0,36.0
100.0,100.0
80.0,80.0
86.97,86.97000000000004
200.0,200.0
175.0,175.0
80.0,80.0
75.0,75.0
200.0,200.0
30.0,30.0
210.0,210.0
45.0,45.0
68.0,68.0
60.0,60.0
120.97,120.86999999999983
55.0,55.0
47.0,47.0
235.0,235.0
140.0,140.0
100.0,100.0
155.0,155.0
350.0,350.0
110.0,110.0
130.0,130.0
135.0,135.0
80.0,80.0
85.0,85.0
45.0,45.0
145.0,145.0
25.0,25.0
42.0,42.0
100.0,100.0
105.0,105.0
75.0,75.0
225.0,225.0
50.0,50.0
150.0,150.0
80.0,80.0
40.0,40.0
210.0,210.0
100.0,100.0
45.0,45.0
120.99,120.99000000000038
150.0,150.0
95.0,95.0
45.0,45.0
185.0,185.0
385.0,385.0
225.0,225.0
35.0,35.0
230.0,230.0
95.0,95.0
64.0,64.0
42.0,42.0
85.0,85.0
64.0,64.0
65.0,65.0
26.0,26.0
180.0,180.0
90.0,90.0
95.0,95.0
37.0,37.0
24.97,24.969999999999967
125.0,125.0
165.0,165.0
260.0,260.0
55.0,55.0
78.97,78.97000000000007
100.0,100.0
47.0,47.0
65.0,65.0
65.0,65.0
40.0,40.0
55.97,55.970000000000006
210.0,210.0
85.0,85.0
50.0,50.0
126.97,127.08999999999982
170.0,170.0
75.0,75.0
35.0,35.0
80.0,80.0
39.97,39.959999999999916
45.0,45.0
78.97,78.97000000000007
135.0,135.0
165.0,165.0
85.0,85.0
51.97,51.969999999999985
75.0,75.0
106.97,106.9700000000004
115.0,115.0
235.0,235.0
40.0,40.0
95.0,95.0
48.97,48.96999999999994
190.0,190.0
90.0,90.0
190.0,190.0
85.0,85.0
24.97,24.969999999999974
35.0,35.0
130.0,130.0
115.0,115.0
120.0,120.0
115.0,115.0
105.0,105.0
180.0,180.0
210.0,210.0
64.97,64.97000000000004
165.0,165.0
300.0,300.0
48.0,48.0
35.0,35.0
45.0,45.0
240.0,240.0
75.0,75.0
130.0,130.0
55.97,55.97
120.0,120.0
50.0,50.0
133.99,133.98999999999998
64.0,64.0
105.0,105.0
55.0,55.0
270.0,270.0
110.0,110.0
42.0,42.0
40.0,40.0
95.0,95.0
60.0,60.0
230.0,230.0
120.99,120.99000000000036
150.0,150.0
160.0,160.0
210.0,210.0
85.0,85.0
63.97,63.970000000000034
28.97,28.969999999999956
41.97,41.96999999999989
75.0,75.0
35.0,35.0
68.0,68.0
35.0,35.0
90.0,90.0
45.0,45.0
135.0,135.0
42.0,42.0
70.0,70.0
175.0,175.0
75.0,75.0
60.0,60.0
28.97,28.969999999999956
68.0,68.0
70.0,70.0
105.0,105.0
100.0,100.0
160.0,160.0
105.0,105.0
26.0,26.0
235.0,235.0
93.97,93.96999999999998
51.97,51.969999999999985
385.0,385.0
90.0,90.0
110.0,110.0
125.0,125.0
45.0,45.0
50.0,50.0
125.0,125.0
120.99,120.99000000000038
85.0,85.0
37.97,37.96999999999989
105.0,105.0
72.0,72.0
32.0,32.0
76.97,76.97000000000007
46.97,46.95999999999995
100.0,100.0
120.0,120.0
150.0,150.0
44.97,44.96999999999991
175.0,175.0
171.99,171.9899999999999
70.0,70.0
210.0,210.0
100.0,100.0
200.0,200.0
30.0,30.0
90.0,90.0
225.0,225.0
26.0,26.0
75.0,75.0
110.0,110.0
32.97,32.96999999999994
85.0,85.0
145.0,145.0
105.0,105.0
200.0,200.0
75.0,75.0
60.0,60.0
40.0,40.0
150.0,150.0
85.0,85.0
145.0,145.0
80.0,80.0
70.0,70.0
30.0,30.0
170.0,170.0
45.0,45.0
57.97,57.94000000000001
115.0,115.0
44.97,44.96999999999992
155.0,155.0
48.97,48.97999999999996
140.0,140.0
295.0,295.0
75.0,75.0
25.97,25.969999999999963
55.0,55.0
160.0,160.0
30.0,30.0
90.0,90.0
200.0,200.0
75.0,75.0
150.0,150.0
130.0,130.0
220.0,220.0
360.0,360.0
115.0,115.0
100.0,100.0
36.97,36.96999999999992
120.99,120.99000000000038
60.0,60.0
150.0,150.0
350.0,350.0
145.0,145.0
125.0,125.0
100.0,100.0
72.97,72.91000000000007
150.0,150.0
360.0,360.0
90.0,90.0
100.97,100.96999999999994
105.0,105.0
178.0,178.17
120.0,120.0
30.0,30.0
70.0,70.0
99.97,99.96999999999994
130.0,130.0
125.0,125.0
45.0,45.0
36.0,36.0
35.0,35.0
125.0,125.0
70.0,70.0
45.0,45.0
130.0,130.0
175.0,175.0
68.97,68.97000000000004
125.0,125.0
60.0,60.0
70.0,70.0
64.0,64.0
99.0,99.0
59.97,59.97000000000002
69.97,69.97000000000003
100.0,100.0
160.0,160.0
80.0,80.0
31.97,31.969999999999896
21.97,21.96999999999999
110.0,110.0
245.0,245.0
170.0,170.0
45.0,45.0
130.0,130.0
85.0,85.0
70.0,70.0
45.0,45.0
145.0,145.0
82.97,82.97000000000006
225.0,225.0
77.0,77.0
35.0,35.0
120.0,120.0
95.0,95.0
86.97,86.97000000000004
75.0,75.0
245.0,245.0
90.0,90.0
115.0,115.0
50.0,50.0
90.0,90.0
79.0,79.0
36.0,36.0
185.0,185.0
85.0,85.0
130.0,130.0
95.0,95.0
115.0,115.0
80.0,80.0
80.0,80.0
45.97,45.97999999999995
210.0,210.0
48.97,48.96999999999994
65.0,65.0
85.0,85.0
140.0,140.0
90.0,90.0
155.0,155.0
37.0,37.0
160.0,160.0
65.0,65.0
75.0,75.0
155.0,155.0
90.0,90.0
100.0,100.0
165.0,165.0
210.0,210.0
110.0,110.0
32.0,32.0
175.0,175.0
55.0,55.0
130.0,130.0
95.0,95.0
355.0,355.0
65.0,65.0
35.0,35.0
45.0,45.0
60.0,60.0
160.0,160.0
80.0,80.0
95.0,95.0
55.0,55.0
147.99,147.9899999999999
25.0,25.0
80.0,80.0
130.0,130.0
76.0,76.08
160.0,160.0
210.0,210.0
225.0,225.0
180.0,180.0
80.0,80.0
260.0,260.0
140.0,140.0
150.0,150.0
85.0,85.0
95.0,95.0
85.0,85.0
80.97,80.97000000000007
54.97,54.96
80.0,80.0
190.0,190.0
50.0,50.0
225.0,225.0
45.0,45.0
64.0,64.0
55.0,55.0
60.97,60.97000000000002
50.0,50.0
40.0,40.0
105.0,105.0
55.0,55.0
35.97,35.96999999999991
45.0,45.0
48.0,48.0
28.0,28.0
105.0,105.0
330.0,330.0
125.0,125.0
147.99,147.9899999999999
165.0,165.0
40.0,40.0
137.97,137.96999999999977
64.0,64.0
45.0,45.0
95.0,95.0
70.0,70.0
100.0,100.0
57.0,56.99
85.0,85.0
35.0,35.0
120.0,120.0
40.97,40.96999999999991
180.0,180.0
70.0,70.0
35.0,35.0
80.0,80.0
210.0,210.0
120.99,120.99000000000038
75.0,75.0
130.0,130.0
64.97,64.97000000000004
235.0,235.0
55.0,55.0
127.97,127.96999999999981
130.0,130.0
105.0,105.0
47.0,47.0
135.0,135.0
70.0,70.0
37.0,37.0
85.0,85.0
95.0,95.0
42.0,42.0
35.0,35.0
85.0,85.0
250.0,250.0
190.0,190.0
42.0,42.0
45.0,45.0
110.0,110.0
210.0,210.0
50.0,50.0
110.0,110.0
100.0,100.0
225.0,225.0
245.0,245.0
115.0,115.0
125.0,125.0
65.0,65.0
35.97,35.96999999999991
60.0,60.0
140.0,140.0
85.0,85.0
48.97,48.969999999999935
75.0,75.0
42.0,42.0
48.0,48.0
42.0,42.0
85.0,85.0
145.0,145.0
200.0,200.0
135.0,135.0
115.0,115.0
55.0,55.0
55.0,55.0
37.97,37.96999999999989
75.0,75.0
75.97,75.97000000000004
170.0,170.0
65.0,65.0
105.0,105.0
75.0,75.0
40.0,40.0
45.0,45.0
75.0,75.0
28.97,28.969999999999946
64.0,64.0
65.0,65.0
41.97,41.96999999999989
225.0,225.0
235.0,235.0
45.0,45.0
42.0,42.0
85.0,85.0
245.0,245.0
37.0,37.0
69.97,69.97000000000006
145.0,145.0
65.97,65.97000000000004
190.0,190.0
135.0,135.0
64.0,64.0
80.0,80.0
100.0,100.0
80.0,80.0
105.0,105.0
80.0,80.0
115.0,115.0
95.0,95.0
130.0,130.0
42.0,42.0
95.0,95.0
130.0,130.0
120.0,120.0
120.99,120.99000000000038
85.97,85.97000000000006
95.0,95.0
125.0,125.0
35.0,35.0
135.0,135.0
128.0,128.0
189.99,189.99000000000007
42.0,42.0
115.0,115.0
82.97,82.97000000000006
25.97,25.969999999999963
45.0,45.0
45.0,45.0
145.0,145.0
75.0,75.0
260.0,260.0
45.0,45.0
120.99,120.99000000000038
25.97,25.969999999999963
80.0,80.0
85.0,85.0
38.0,38.0
80.0,80.0
245.0,245.0
30.0,30.0
58.97,58.9700000000001
80.0,80.0
62.97,62.970000000000006
60.0,60.0
85.0,85.0
100.0,100.0
215.0,215.0
135.0,135.0
125.0,125.0
64.0,64.0
225.0,225.0
60.0,60.0
25.97,25.969999999999963
56.97,56.970000000000006
210.0,210.0
32.0,32.0
45.0,45.0
130.0,130.0
37.97,37.969999999999885
76.97,76.97000000000007
65.0,65.0
68.0,68.0
100.0,100.0
122.99,122.9899999999998
85.0,85.0
120.0,120.0
42.0,42.0
120.99,120.99000000000038
50.0,50.0
130.0,130.0
115.0,115.0
175.0,175.0
42.0,42.0
94.97,95.00999999999998
80.0,80.0
150.0,150.0
68.0,68.0
190.0,190.0
35.97,35.96999999999991
90.0,90.0
160.0,160.0
125.0,125.0
24.97,24.969999999999974
215.0,215.0
140.0,140.0
41.97,41.96999999999989
55.0,55.0
160.0,160.0
35.0,35.0
105.0,105.0
135.0,135.0
60.0,60.0
45.0,45.0
100.0,100.0
51.97,51.969999999999985
60.0,60.0
110.0,110.0
75.0,75.0
37.0,37.0
165.0,165.0
120.99,120.99000000000038
75.0,75.0
120.0,120.0
200.0,200.0
80.0,80.0
180.0,180.0
50.0,50.0
130.0,130.0
35.0,35.0
60.0,60.0
420.0,420.0
130.0,130.0
100.0,100.0
260.0,260.0
80.0,80.0
260.0,260.0
120.99,120.99000000000038
125.0,125.0
80.0,80.0
85.0,85.0
100.0,100.0
54.97,54.91
90.0,90.0
230.0,230.0
45.0,45.0
75.0,75.0
150.0,150.0
45.0,45.0
110.0,110.0
85.0,85.0
330.0,330.0
115.0,115.0
100.0,100.0
105.0,105.0
175.0,175.0
175.0,175.0
95.0,95.0
37.97,37.969999999999885
105.0,105.0
65.0,65.0
51.97,51.969999999999985
120.99,120.99000000000038
136.97,137.08999999999978
160.0,160.0
105.0,105.0
200.0,200.0
45.0,45.0
80.0,80.0
400.0,400.0
115.0,115.0
48.0,48.0
175.0,175.0
115.0,115.0
115.0,115.0
100.0,100.0
50.0,50.0
80.0,80.0
57.0,57.0
235.0,235.0
190.0,190.0
55.97,55.97
260.0,260.0
150.0,150.0
130.0,130.0
80.0,80.0
80.0,80.0
40.0,40.0
75.97,75.97000000000004
130.0,130.0
98.97,98.96999999999994
105.0,105.0
85.0,85.0
106.97,106.9700000000004
125.0,125.0
68.0,68.0
158.0,158.05
75.0,75.0
40.0,40.0
165.0,165.0
55.0,55.0
210.0,210.0
120.0,120.0
200.0,200.0
140.0,140.0
21.97,21.96999999999999
135.0,135.0
125.0,125.0
75.0,75.0
85.0,85.0
110.0,110.0
27.0,27.0
165.0,165.0
95.0,95.0
170.0,170.0
60.0,60.0
106.97,106.9700000000004
75.0,75.0
60.97,60.97000000000002
80.0,80.0
140.99,140.98999999999984
85.0,85.0
32.97,32.96999999999994
190.0,190.0
32.0,32.0
75.0,75.0
75.0,75.0
115.0,115.0
130.0,130.0
80.0,80.0
58.0,58.0
35.0,35.0
60.97,60.97000000000002
190.0,190.0
1099.0,1069.36
60.0,60.0
100.0,100.0
75.0,75.0
30.0,30.0
170.0,170.0
17.97,17.970000000000024
135.0,135.0
130.0,130.0
58.97,58.9700000000001
85.0,85.0
235.0,235.0
35.0,35.0
51.97,51.969999999999985
89.97,89.97
140.0,140.0
45.0,45.0
90.0,90.0
55.0,55.0
180.0,180.0
100.0,100.0
80.0,80.0
140.0,140.0
160.0,160.0
28.97,28.969999999999956
130.0,130.0
130.0,130.0
155.0,155.0
100.0,100.0
30.0,30.0
68.0,68.0
80.0,80.0
40.0,40.0
115.0,115.0
17.97,17.970000000000024
120.99,120.99000000000038
175.0,175.0
225.0,225.0
45.0,45.0
60.0,60.0
157.99,157.9899999999998
140.0,140.0
100.0,100.0
210.0,210.0
103.97,103.76999999999992
80.0,80.0
80.0,80.0
95.0,95.0
200.0,200.0
125.0,125.0
58.97,58.97000000000002
45.0,45.0
270.0,270.0
61.97,61.97000000000003
127.0,127.0
310.0,310.0
145.0,145.0
76.97,76.97000000000007
190.0,190.0
120.0,120.0
160.0,160.0
64.0,64.0
90.0,90.0
17.97,17.970000000000024
260.0,260.0
150.99,150.9899999999998
105.0,105.0
47.97,47.96999999999996
65.0,65.0
100.0,100.0
45.0,45.0
31.97,31.969999999999896
165.0,165.0
45.0,45.0
49.97,49.96999999999997
100.0,100.0
37.0,37.0
130.0,130.0
37.97,37.969999999999885
30.0,30.0
155.0,155.0
106.97,106.9700000000004
45.97,45.96999999999994
120.99,120.98999999999982
56.97,56.970000000000006
100.0,100.0
140.0,140.0
185.0,185.0
95.0,95.0
80.0,80.0
100.0,100.0
100.0,100.0
45.0,45.0
55.0,55.0
45.0,45.0
245.0,245.0
155.0,155.0
130.0,130.0
120.0,120.0
65.97,65.97000000000001
115.0,115.0
145.0,145.0
52.5,52.5
75.0,75.0
74.97,74.97000000000006
165.0,165.0
38.0,38.0
125.0,125.0
260.0,260.0
100.0,100.0
95.0,95.0
83.97,83.97000000000007
210.0,210.0
225.0,225.0
120.0,120.0
180.0,180.0
210.0,210.0
95.0,95.0
375.0,375.0
165.0,165.0
55.0,55.0
100.0,100.0
85.0,85.0
44.97,44.96999999999991
175.0,175.0
104.97,104.96999999999993
68.0,68.0
75.0,75.0
37.97,37.969999999999885
150.0,150.0
49.97,49.96999999999997
20.97,20.970000000000017
50.0,50.0
85.0,85.0
35.0,35.0
101.97,101.97999999999995
45.0,45.0
135.0,135.0
175.0,175.0
190.0,190.0
60.97,60.97000000000002
30.97,30.96999999999995
88.0,88.0
150.0,150.0
75.0,75.0
80.0,80.0
123.97,123.96999999999984
32.0,32.0
96.97,96.96999999999997
130.97,130.9699999999998
120.0,120.0
150.0,150.0
36.97,36.96999999999992
210.0,210.0
170.0,170.0
72.97,72.97000000000004
110.0,110.0
95.0,95.0
90.0,90.0
188.99,188.99000000000012
160.0,160.0
95.0,95.0
128.0,128.0
48.97,48.96999999999994
64.0,64.0
115.0,115.0
85.0,85.0
44.97,44.96999999999991
225.0,225.0
145.0,145.0
85.97,85.97000000000007
140.0,140.0
164.99,164.98999999999992
68.0,68.0
175.0,175.0
200.0,200.0
151.97,151.96999999999974
125.0,125.0
24.97,24.969999999999974
55.97,55.97
128.0,128.0
55.0,55.0
225.0,225.0
395.0,394.95
180.0,180.0
45.0,45.0
260.0,260.0
170.0,170.0
65.0,65.0
155.0,155.0
89.97,89.97
90.0,90.0
160.0,160.0
190.0,190.0
75.0,75.0
42.0,42.0
36.0,36.0
130.0,130.0
120.99,120.99000000000038
160.0,160.0
80.0,80.0
70.0,70.0
106.97,106.9700000000004
100.0,100.0
45.0,45.0
85.0,85.0
45.0,45.0
195.0,195.0
45.0,45.0
135.0,135.0
58.97,58.9700000000001
135.0,135.0
80.0,80.0
58.97,58.9700000000001
100.0,100.0
340.0,340.0
165.0,165.0
35.97,35.96999999999991
110.0,110.0
80.0,80.0
60.0,60.0
45.0,45.0
165.0,165.0
70.0,70.0
47.0,47.0
21.97,21.969999999999995
164.99,164.98999999999992
75.0,75.0
42.0,42.0
17.97,17.970000000000024
120.0,120.0
135.0,135.0
28.97,28.969999999999956
170.0,170.0
125.0,125.0
420.0,420.0
185.0,185.0
31.97,31.9699999999999
58.0,58.0
45.0,45.0
115.0,115.0
133.99,133.98999999999998
145.0,145.0
133.99,133.98999999999998
54.97,54.97
48.97,48.96999999999994
32.0,32.0
45.0,45.0
80.0,80.0
95.0,95.0
30.0,30.0
44.97,44.969999999999935
140.0,140.0
160.0,160.0
140.0,140.0
60.0,60.0
100.0,100.0
106.97,106.9700000000004
35.0,35.0
145.0,145.0
150.0,150.0
32.0,32.0
126.99,126.9899999999998
37.97,37.969999999999885
135.0,135.0
40.0,40.0
105.0,105.0
245.0,245.0
41.0,41.0
90.0,90.0
85.0,85.0
78.97,78.97000000000007
70.0,70.0
40.0,40.0
200.0,200.0
30.0,30.0
93.97,93.96999999999998
45.0,45.0
48.0,48.0
30.0,30.0
41.97,41.96999999999989
38.0,38.0
85.0,85.0
85.0,85.0
125.0,125.0
40.0,40.0
69.97,69.97000000000003
170.0,170.0
85.0,85.0
35.0,35.0
90.0,90.0
45.0,45.0
75.0,75.0
88.97,88.97000000000001
65.0,65.0
130.0,130.0
42.0,42.0
150.0,150.0
29.97,29.959999999999955
95.0,95.0
100.0,100.0
135.0,135.0
160.0,160.0
90.97,91.00000000000001
165.0,165.0
55.97,55.97
35.0,35.0
35.0,35.0
108.97,108.96999999999989
45.0,45.0
25.97,25.969999999999963
60.0,60.0
62.0,62.0
85.0,85.0
28.97,28.969999999999956
175.0,175.0
120.0,120.0
80.0,80.0
137.97,137.96999999999977
60.0,60.0
35.97,35.96999999999991
75.0,75.0
160.0,160.0
50.0,50.0
95.0,95.0
200.0,200.0
28.97,28.96999999999996
35.0,35.0
40.0,40.0
115.0,115.0
95.0,95.0
175.0,175.0
55.0,55.0
27.97,27.979999999999965
135.0,135.0
33.97,33.90999999999994
80.0,80.0
44.97,44.96999999999991
160.0,160.0
180.0,180.0
85.0,85.0
160.0,160.0
61.97,61.97000000000003
180.0,180.0
38.0,38.0
115.0,115.0
24.0,24.0
85.97,85.97000000000007
120.99,120.99000000000038
85.0,85.0
90.0,90.0
210.0,210.0
28.0,28.0
105.0,105.0
175.0,175.0
75.0,75.0
395.0,395.0
260.0,260.0
85.97,85.97000000000007
89.97,89.94000000000001
60.0,60.0
95.0,95.0
175.0,175.0
142.97,142.96999999999977
85.0,85.0
70.0,70.0
385.0,385.0
24.97,25.09999999999998
60.97,60.97000000000002
140.0,140.0
95.0,95.0
340.0,340.0
105.0,105.0
125.0,125.0
38.0,38.0
130.0,130.0
42.0,42.0
90.0,90.0
31.97,31.969999999999946
95.0,95.0
72.0,72.0
135.0,135.0
115.0,115.0
165.0,165.0
150.0,150.0
75.0,75.0
95.0,95.0
45.0,45.0
106.97,106.9700000000004
15.97,15.710000000000022
150.0,150.0
45.0,45.0
180.0,180.0
62.0,62.0
330.0,330.0
100.0,100.0
80.0,80.0
24.97,24.969999999999967
80.0,80.0
69.97,69.97000000000006
19.97,19.970000000000024
120.99,120.99000000000038
25.97,25.969999999999963
235.0,235.0
37.97,37.969999999999885
48.0,48.0
24.5,24.5
80.0,80.0
65.0,65.0
40.0,40.0
85.0,85.0
58.0,58.0
175.0,175.0
90.0,90.0
110.0,110.0
55.0,55.0
375.0,375.0
155.0,155.0
35.97,35.96999999999991
190.0,190.0
180.0,180.0
125.0,125.0
180.0,180.0
170.0,170.0
90.0,90.0
175.0,175.0
150.0,150.0
45.0,45.0
86.97,86.97000000000004
225.0,225.0
115.0,115.0
165.0,165.0
135.0,135.0
115.0,115.0
45.0,45.0
105.0,105.0
24.97,24.969999999999967
130.97,130.9699999999998
135.0,135.0
24.5,24.4947
175.0,175.0
64.0,64.0
135.0,135.0
100.0,100.0
28.0,28.0
180.0,180.0
155.0,155.0
42.0,42.0
30.0,30.0
210.0,210.0
89.97,89.97
45.0,45.0
48.97,48.969999999999935
78.97,78.97000000000007
85.97,85.97000000000007
48.97,48.969999999999935
80.0,80.0
54.97,54.97
40.0,40.0
35.97,35.96999999999991
120.0,120.0
70.0,70.0
140.0,140.0
115.0,115.0
175.0,175.0
38.0,38.0
80.0,80.0
100.0,100.0
100.0,100.0
68.0,68.0
95.0,95.0
395.0,394.95
40.0,40.0
145.0,145.0
78.97,78.97000000000007
95.0,95.0
51.97,51.969999999999985
130.0,130.0
54.0,54.0
80.0,80.0
31.97,31.969999999999896
180.0,180.0
133.99,133.98999999999998
72.97,72.97000000000004
170.0,170.0
52.97,52.96999999999999
100.0,100.0
100.0,100.0
100.0,100.0
48.0,48.0
260.0,260.0
40.0,40.0
175.0,175.0
40.0,40.0
40.0,40.0
160.0,160.0
85.0,85.0
150.0,150.0
135.0,135.0
140.0,140.0
245.0,245.0
125.0,125.0
200.0,200.0
48.0,48.0
147.99,147.9899999999999
80.0,80.0
65.0,65.0
105.0,105.0
29.97,29.969999999999956
58.97,58.9700000000001
175.0,175.0
30.0,30.0
150.0,150.0
47.0,47.0
40.0,40.0
135.0,135.0
200.0,200.0
50.0,50.0
42.0,42.0
171.99,171.9899999999999
160.0,160.0
47.5,47.5
105.0,105.0
30.0,30.0
75.0,75.0
35.0,35.0
62.97,62.970000000000006
42.0,42.0
135.0,135.0
30.97,30.96999999999995
95.0,95.0
55.0,55.0
55.0,55.0
80.0,80.0
205.0,205.0
200.0,200.0
40.0,40.0
37.0,37.0
120.0,120.0
210.0,210.0
40.0,40.0
85.0,85.0
105.0,105.0
250.0,250.0
115.0,115.0
85.0,85.0
210.0,210.0
105.0,105.0
175.0,175.0
74.97,74.97000000000006
70.0,70.0
45.0,45.0
69.97,69.97000000000003
47.0,47.0
75.0,75.0
100.0,100.0
285.0,285.0
235.0,235.0
130.0,130.0
70.0,70.0
100.0,100.0
85.97,85.97000000000007
65.0,65.0
120.99,120.99000000000038
110.0,110.0
130.0,130.0
95.0,95.0
74.97,74.97000000000006
56.97,56.970000000000006
75.97,75.97000000000007
90.0,90.0
115.0,115.0
145.0,145.0
35.0,35.0
90.0,90.0
165.0,165.0
75.0,75.0
225.0,225.0
51.97,51.98029999999998
108.0,108.0
210.0,210.0
73.97,73.97000000000007
115.0,115.0
40.0,40.0
65.0,65.0
60.0,60.0
19.97,19.970000000000024
60.0,60.0
120.0,120.0
130.0,130.0
24.97,24.969999999999967
150.99,150.9899999999998
58.97,58.9700000000001
170.0,170.0
85.0,85.0
270.0,270.0
165.0,165.0
175.0,175.0
25.97,25.969999999999963
45.0,45.0
55.0,55.0
120.0,120.0
40.0,40.0
120.99,120.98999999999982
47.97,47.96999999999996
55.0,55.0
35.0,35.0
175.0,175.0
190.0,190.0
31.97,31.969999999999896
125.0,125.0
116.97,116.96999999999986
245.0,245.0
38.0,38.0
140.0,140.0
280.0,280.0
125.0,125.0
22.97,22.97
260.0,260.0
75.0,75.0
165.0,165.0
140.0,140.0
175.0,175.0
54.0,54.0
80.0,80.0
90.0,90.0
132.0,132.0
130.0,130.0
125.0,125.0
80.0,80.0
155.0,155.0
41.97,41.96999999999989
70.0,70.0
120.99,120.99000000000038
165.0,165.0
70.0,70.0
85.0,85.0
19.97,19.960000000000022
65.0,65.0
125.0,125.0
50.0,50.0
80.0,80.0
75.0,75.0
20.0,20.0
85.97,85.97000000000007
64.0,64.0
488.97,488.97000000000065
155.0,155.0
115.0,115.0
120.0,120.0
51.97,51.969999999999985
40.0,40.0
80.0,80.0
135.0,135.0
70.0,70.0
70.0,70.0
50.0,50.0
36.97,36.96999999999992
77.0,77.0
120.0,120.0
93.97,93.96999999999998
95.0,95.0
175.0,175.0
65.0,65.0
80.0,80.0
225.0,225.0
150.0,150.0
190.0,190.0
105.0,105.0
75.0,75.0
190.0,190.0
90.0,90.0
155.0,155.0
47.0,47.0
145.0,145.0
60.0,60.0
55.97,55.97
95.0,95.0
115.0,115.0
17.97,17.970000000000024
78.0,78.0
44.97,44.96999999999992
85.0,85.0
150.0,150.0
62.0,62.0
85.0,85.0
70.0,70.0
69.97,69.97000000000003
38.0,38.0
175.0,175.0
190.0,190.0
68.0,68.0
150.0,150.0
80.0,80.0
125.0,125.0
28.97,28.969999999999956
85.0,85.0
90.97,90.97000000000001
96.97,96.90999999999997
53.0,53.0
85.0,85.0
28.97,28.969999999999946
100.0,100.0
78.97,78.97000000000007
95.0,95.0
165.0,165.0
50.0,50.0
160.97,160.96999999999971
65.97,65.97000000000001
110.0,110.0
120.99,120.99000000000038
195.0,195.0
160.0,160.0
55.0,55.0
112.0,112.0
150.0,150.0
90.0,90.0
40.0,40.0
200.0,200.0
130.0,130.0
120.99,120.99000000000038
120.0,120.0
210.0,210.0
37.97,37.969999999999885
32.97,32.96999999999994
100.0,100.0
305.0,305.0
50.0,50.0
90.0,90.0
27.0,27.0
44.97,44.96999999999991
85.0,85.0
235.0,235.0
110.0,110.0
95.0,95.0
80.0,80.0
80.0,80.0
65.0,65.0
68.0,68.0
45.0,45.0
170.0,170.0
285.0,285.0
210.0,210.0
80.0,80.0
135.0,135.0
170.0,170.0
65.0,65.0
125.0,125.0
130.0,130.0
165.0,165.0
230.0,230.0
35.0,35.0
75.0,75.0
55.97,55.97
45.0,45.0
145.0,145.0
50.0,50.0
80.0,80.0
45.0,45.0
120.0,120.0
45.0,45.0
44.0,44.0
85.0,85.0
45.0,45.0
120.0,120.0
62.97,62.970000000000006
46.97,46.92999999999996
140.0,140.0
31.97,31.9699999999999
225.0,225.0
105.0,105.0
55.0,55.0
50.0,50.0
100.0,100.0
85.97,85.97000000000007
130.0,130.0
65.0,65.0
45.97,45.96999999999994
42.0,42.0
85.97,85.97000000000007
54.0,54.0
85.0,85.0
95.0,95.0
64.0,64.0
140.0,140.0
30.0,30.0
73.97,73.97000000000007
80.0,80.0
115.0,115.0
100.0,100.0
32.0,32.0
460.0,471.85
64.0,64.0
75.0,75.0
210.0,210.0
36.0,36.0
75.0,75.0
31.97,31.9699999999999
105.0,105.0
175.0,175.0
137.97,137.96999999999977
125.0,125.0
135.0,135.0
112.0,112.0
100.0,100.0
80.0,80.0
130.0,130.0
115.0,115.0
100.0,100.0
157.99,157.9899999999998
90.0,90.0
64.0,64.0
115.0,115.0
152.97,152.96999999999974
90.0,90.0
235.0,235.0
100.0,100.0
225.0,225.0
48.0,48.0
40.0,40.0
160.0,160.0
100.0,100.0
125.0,125.0
125.0,125.0
115.0,115.0
120.99,120.99000000000038
35.0,35.0
170.0,170.0
210.0,210.0
37.0,37.0
340.0,340.0
130.0,130.0
150.0,150.0
85.0,85.0
105.0,105.0
110.0,110.0
130.0,130.0
55.97,55.97
40.0,40.0
24.97,24.969999999999974
190.0,190.0
37.97,37.969999999999885
120.99,120.99000000000038
80.0,80.0
68.97,68.97000000000004
90.0,90.0
135.0,135.0
80.0,80.0
110.0,110.0
130.0,130.0
150.0,150.0
28.97,28.969999999999956
68.0,68.0
55.0,55.0
44.97,44.96999999999992
175.0,175.0
80.0,80.0
50.0,50.0
170.0,170.0
85.97,85.97000000000007
52.97,52.96999999999999
21.97,21.96999999999999
95.0,95.0
185.0,185.0
100.0,100.0
31.97,31.96999999999991
240.0,240.0
95.0,95.0
137.97,137.9199999999998
36.97,36.96999999999992
45.0,45.0
69.97,69.97000000000003
75.0,75.0
85.0,85.0
100.0,100.0
28.97,28.969999999999956
150.0,150.0
105.0,105.0
37.0,37.0
80.0,80.0
130.0,130.0
75.0,75.0
65.0,65.0
45.0,45.0
145.0,145.0
95.0,95.0
95.0,95.0
48.0,48.0
135.0,135.0
55.0,55.0
130.0,130.0
175.0,175.0
45.0,45.0
105.0,105.0
41.97,41.96999999999989
68.0,68.0
85.0,85.0
40.0,40.0
78.0,78.0
50.0,50.0
28.97,28.969999999999956
74.97,74.97000000000006
28.97,28.969999999999956
245.0,245.0
125.0,125.0
100.0,100.0
210.0,210.0
55.97,55.970000000000006
40.0,40.0
90.0,90.0
200.0,200.0
35.97,35.96999999999991
31.97,31.969999999999896
92.97,92.97
170.0,170.0
74.97,74.97000000000006
45.0,45.0
115.0,115.0
130.97,130.9699999999998
145.0,145.0
180.0,180.0
130.0,130.0
130.0,130.0
106.97,106.9700000000004
175.0,175.0
106.97,106.9700000000004
105.0,105.0
50.97,50.969999999999985
35.0,35.0
39.97,39.959999999999916
68.97,68.97000000000004
70.0,70.0
150.0,150.0
85.97,85.97000000000007
120.99,120.99000000000038
42.0,42.0
90.0,90.0
95.0,95.0
75.0,75.0
85.0,85.0
80.0,80.0
137.97,137.9601999999998
85.0,85.0
180.0,180.0
235.0,235.0
45.0,45.0
65.0,65.0
220.0,220.0
38.0,38.0
60.0,60.0
120.0,120.0
105.0,105.0
99.97,99.96999999999994
75.0,75.0
65.0,65.0
35.0,35.0
103.97,103.96999999999993
150.0,150.0
40.0,40.0
65.0,65.0
130.0,130.0
105.0,105.0
120.0,120.0
80.0,80.0
395.0,395.0
45.0,45.0
70.0,70.0
200.0,200.0
72.97,72.97000000000004
150.0,150.0
133.99,133.98999999999998
65.97,65.97000000000004
80.0,80.0
229.97,229.9700000000001
30.97,30.95999999999995
120.0,120.0
350.0,350.0
150.0,150.0
43.97,43.969999999999935
60.0,60.0
62.0,62.0
105.0,105.0
42.0,42.0
125.0,125.0
64.0,64.0
75.0,75.0
99.97,99.96999999999994
130.0,130.0
32.0,32.0
65.0,65.0
210.0,210.0
130.0,130.0
62.97,62.970000000000006
20.97,20.96000000000002
115.0,115.0
21.97,21.96999999999999
235.0,235.0
70.0,70.0
70.0,70.0
100.0,100.0
95.0,95.0
40.0,40.0
35.0,35.0
100.0,100.0
170.0,170.0
35.97,35.96999999999991
38.0,38.0
105.0,105.0
82.97,82.97000000000006
37.97,37.969999999999885
85.0,85.0
130.0,130.0
170.0,170.0
140.0,140.0
90.0,90.0
390.0,390.0
50.0,50.0
80.0,80.0
65.0,65.0
245.0,245.0
100.0,100.0
130.0,130.0
105.0,105.0
120.0,120.0
126.99,126.9899999999998
80.0,80.0
135.0,135.0
164.99,164.98999999999992
130.0,130.0
74.0,74.0
80.0,80.0
90.0,90.0
160.0,160.0
100.0,100.0
150.0,150.0
70.0,70.0
90.0,90.0
175.0,175.0
135.0,135.0
118.97,118.92999999999985
90.0,90.0
82.97,82.97000000000006
70.0,70.0
40.0,40.0
80.0,80.0
135.0,135.0
165.0,165.0
55.0,55.0
90.0,90.0
40.0,40.0
30.0,30.0
102.97,102.96999999999993
155.0,155.0
210.0,210.0
42.0,42.0
58.0,58.0
42.0,42.0
35.97,35.96999999999991
40.0,40.0
60.0,60.0
395.0,394.95
182.99,182.99000000000007
75.0,75.0
58.0,58.0
85.0,85.0
35.97,35.96999999999991
80.0,80.0
48.97,48.969999999999935
61.97,61.97000000000003
55.97,55.97
170.0,170.0
45.0,45.0
60.0,60.0
90.0,90.0
85.0,85.0
225.0,225.0
90.0,90.0
85.0,85.0
51.97,51.969999999999985
75.0,75.0
190.0,190.0
125.0,125.0
28.97,28.969999999999956
60.0,60.0
100.0,100.0
34.97,34.969999999999935
190.0,190.0
160.0,160.0
23.97,23.96999999999999
30.97,30.96999999999995
31.97,31.9699999999999
175.0,175.0
225.0,225.0
58.97,58.9700000000001
80.0,80.0
168.99,168.9899999999999
77.0,77.0
62.97,62.760000000000026
120.0,120.0
40.0,40.0
100.0,100.0
75.0,75.0
85.0,85.0
70.0,70.0
100.0,100.0
90.0,90.0
82.97,83.01000000000008
44.97,44.96999999999991
95.0,95.0
225.0,225.0
75.97,75.97000000000004
37.0,37.0
90.0,90.0
40.0,40.0
85.0,85.0
375.0,375.0
41.97,41.96999999999989
85.0,85.0
85.97,85.97000000000007
75.0,75.0
75.0,75.0
40.0,40.0
90.0,90.0
150.0,150.0
145.0,145.0
21.97,21.96999999999999
210.0,210.0
190.0,190.0
35.0,35.0
61.97,61.97000000000003
70.0,70.0
92.97,92.97
65.97,65.97000000000004
92.97,92.97
235.0,235.0
44.97,44.96999999999991
80.0,80.0
80.0,80.0
88.0,88.0
308.97,309.19040000000047
135.0,135.0
60.0,60.0
100.0,100.0
136.97,136.9699999999998
42.0,42.0
75.0,75.0
182.99,182.99000000000007
80.0,80.0
85.0,85.0
28.97,28.969999999999956
60.0,60.0
175.0,175.0
90.0,90.0
135.0,135.0
130.0,130.0
95.0,95.0
85.0,85.0
55.0,55.0
100.0,100.0
130.0,130.0
235.0,235.0
110.0,110.0
175.0,175.0
80.0,80.0
55.0,55.0
39.97,39.98999999999992
80.0,80.0
68.0,68.0
37.97,37.969999999999885
41.97,41.96999999999989
130.0,130.0
55.0,55.0
105.0,105.0
80.0,80.0
119.97,119.98999999999985
89.97,89.97000000000001
96.97,96.96999999999997
69.0,68.9594
115.0,115.0
80.0,80.0
85.97,85.97000000000007
85.0,85.0
175.0,175.0
38.0,38.0
180.0,180.0
100.0,100.0
115.0,115.0
95.0,95.0
32.97,32.96999999999994
62.97,62.97
170.0,170.0
182.99,182.99000000000007
25.97,25.969999999999963
85.0,85.0
100.0,100.0
65.0,65.0
55.0,55.0
35.0,35.0
43.97,43.94999999999994
68.0,68.0
90.0,90.0
164.99,164.98999999999992
55.97,55.97
59.0,59.0
185.0,185.0
225.0,225.0
170.0,170.0
51.97,51.969999999999985
45.0,45.0
40.0,40.0
180.0,180.0
200.0,200.0
37.0,37.0
140.0,140.0
25.97,25.969999999999963
35.0,35.0
32.0,32.0
55.0,55.0
80.0,80.0
200.0,200.0
165.0,165.0
40.0,40.0
185.0,185.0
108.0,108.0
220.0,220.0
85.0,85.0
74.97,74.97000000000006
48.0,48.0
130.0,130.0
140.0,140.0
70.0,70.0
90.0,90.0
40.0,40.0
58.97,58.97000000000002
133.99,133.98999999999998
145.0,145.0
120.0,120.0
84.97,84.97000000000006
37.0,37.0
68.0,68.0
165.0,165.0
180.0,180.0
30.0,30.0
110.0,110.0
140.0,140.0
175.0,175.0
175.0,175.0
120.99,120.99000000000038
95.0,95.0
40.0,40.0
108.0,108.0
105.0,105.0
130.0,130.0
37.97,37.969999999999885
200.0,200.0
130.0,130.0
100.0,100.0
55.0,55.0
24.97,24.969999999999967
100.0,100.0
80.0,80.0
75.97,75.97000000000004
42.0,42.0
130.0,130.0
125.0,125.0
165.0,165.0
45.0,45.0
130.0,130.0
130.0,130.0
75.97,75.97000000000004
95.0,95.0
26.0,26.0
165.0,165.0
175.0,175.0
210.0,210.0
145.0,145.0
45.0,45.0
140.0,140.0
24.0,24.0
220.0,220.0
190.0,190.0
21.97,21.969999999999995
85.0,85.0
185.0,185.0
180.0,180.0
105.0,105.0
35.0,35.0
45.0,45.0
190.0,190.0
80.0,80.0
128.0,128.0
35.0,35.0
133.99,133.98999999999998
184.97,184.6201999999999
135.0,135.0
55.0,55.0
75.97,75.97000000000007
50.0,50.0
190.0,190.0
164.99,164.98999999999992
55.0,55.0
56.97,56.970000000000006
120.0,120.0
150.0,150.0
135.0,135.0
133.99,133.98999999999998
123.97,123.96999999999984
330.0,330.0
85.0,85.0
210.0,210.0
40.0,40.0
90.0,90.0
235.0,235.0
85.0,85.0
105.0,105.0
125.0,125.0
375.0,375.0
85.0,85.0
165.0,165.0
65.0,65.0
80.0,80.0
80.0,80.0
100.0,100.0
65.0,65.0
80.0,80.0
155.0,155.0
135.0,135.0
65.0,65.0
42.97,42.96999999999993
90.0,90.0
85.0,85.0
128.0,128.0
100.0,100.0
200.0,200.0
80.0,80.0
135.0,135.0
45.0,45.0
120.0,120.0
38.97,39.01999999999992
105.0,105.0
175.0,175.0
210.0,210.0
50.0,50.0
58.97,58.9700000000001
61.97,61.97000000000003
110.0,110.0
171.99,171.9899999999999
68.0,68.0
60.0,60.0
147.99,147.9899999999999
40.0,40.0
80.0,80.0
130.97,130.9699999999998
170.0,170.0
45.0,45.0
100.0,100.0
170.0,170.0
95.0,95.0
25.0,25.0
70.0,70.0
160.0,160.0
42.0,42.0
135.0,135.0
67.97,67.97000000000004
42.0,42.0
44.97,44.96999999999992
42.0,42.0
145.0,145.0
85.97,85.97000000000006
350.0,350.0
130.0,130.0
80.0,80.0
128.0,128.0
45.0,45.0
190.0,190.0
75.0,75.0
70.0,70.0
225.0,225.0
45.0,45.0
95.0,95.0
53.0,53.0
75.0,75.0
64.97,64.97000000000004
130.0,130.0
120.0,120.0
100.0,100.0
64.0,64.0
130.0,130.0
210.0,210.0
56.0,56.0
210.0,210.0
200.0,200.0
106.97,106.9700000000004
35.0,35.0
90.0,90.0
80.0,80.0
75.0,75.0
80.0,80.0
235.0,235.0
48.97,48.959999999999944
70.0,70.0
140.0,140.0
135.0,135.0
115.0,115.0
95.0,95.0
69.97,69.97000000000003
75.0,75.0
115.0,115.0
100.0,100.0
235.0,235.0
100.0,100.0
80.0,80.0
75.0,75.0
44.0,44.0
145.0,145.0
130.0,130.0
60.0,60.0
120.99,120.99000000000038
130.0,130.0
165.0,165.0
30.97,30.96999999999995
175.0,175.0
70.0,70.0
115.0,115.0
155.0,155.0
42.0,42.0
130.0,130.0
76.0,76.0
75.0,75.0
85.0,85.0
180.0,180.0
35.97,35.96999999999991
37.97,37.969999999999885
65.0,65.0
55.0,55.0
140.0,140.0
100.0,100.0
110.0,110.0
100.0,100.0
120.0,120.0
65.0,65.0
170.0,170.0
95.0,95.0
55.97,55.970000000000006
68.0,68.0
175.0,175.0
185.0,185.0
210.0,210.0
60.0,60.0
90.0,90.0
80.0,80.0
235.0,235.0
130.0,130.0
310.0,310.0
44.97,44.96999999999991
130.0,130.0
110.0,110.0
245.0,245.0
103.97,103.96999999999993
95.0,95.0
235.0,235.0
68.0,68.0
147.99,147.9899999999999
80.0,80.0
295.0,295.0
37.97,37.96999999999989
75.0,75.0
120.0,120.0
75.0,75.0
180.0,180.0
45.0,45.0
170.0,170.0
20.97,20.970000000000017
58.97,58.9700000000001
55.0,55.0
130.0,130.0
145.0,145.0
145.0,145.0
40.0,40.0
51.97,51.969999999999985
17.97,17.970000000000024
95.0,95.0
175.0,175.0
68.0,68.0
180.0,180.0
45.0,45.0
35.0,35.0
58.97,58.9700000000001
105.0,105.0
67.97,67.97000000000004
64.0,64.0
115.0,115.0
130.0,130.0
260.0,260.0
20.97,20.96000000000002
120.99,120.99000000000038
45.0,45.0
40.0,40.0
42.0,42.0
130.0,130.0
75.0,75.0
95.0,95.0
75.0,75.0
66.97,67.06060000000004
75.0,75.0
76.97,76.97000000000007
145.0,145.0
130.0,130.0
85.0,85.0
64.0,64.0
120.0,120.0
90.0,90.0
65.97,65.97000000000001
120.0,120.0
135.0,135.0
108.97,108.96999999999991
55.0,55.0
55.97,55.97
190.0,190.0
32.0,32.0
68.0,68.0
165.0,165.0
45.0,45.0
82.0,82.0
35.0,35.0
210.0,210.0
120.0,120.0
245.0,245.0
85.97,85.97000000000007
51.97,51.97999999999998
35.0,35.0
42.97,42.96999999999993
165.0,165.0
70.0,70.0
160.0,160.0
480.0,480.9
90.0,90.0
190.0,190.0
270.0,270.0
80.0,80.0
80.0,80.0
90.0,90.0
375.0,375.0
80.0,80.0
120.0,120.0
75.97,75.97000000000004
75.0,75.0
105.0,105.0
80.97,80.97000000000008
135.0,135.0
105.0,105.0
100.0,100.0
52.97,52.959999999999994
40.0,40.0
130.0,130.0
205.0,205.0
56.97,56.970000000000006
170.0,170.0
130.0,130.0
225.0,225.0
75.97,75.97000000000004
55.0,55.0
75.0,75.0
60.0,60.0
75.0,75.0
260.0,260.0
75.0,75.0
120.0,120.0
160.0,160.0
95.0,95.0
175.0,175.0
75.0,75.0
60.0,60.0
120.0,120.0
90.0,90.0
130.0,130.0
45.0,45.0
200.0,200.0
300.0,300.0
45.0,45.0
40.0,40.0
190.0,190.0
180.0,180.0
110.0,110.0
155.0,155.0
165.0,165.0
45.0,45.0
135.0,135.0
130.0,130.0
80.0,80.0
90.0,90.0
75.0,75.0
85.0,85.0
175.0,175.0
65.0,65.0
160.0,160.0
120.0,120.0
95.0,95.0
80.0,80.0
200.0,200.0
115.0,115.0
106.97,106.9700000000004
150.0,150.0
120.0,120.0
130.0,130.0
40.0,40.0
100.0,100.0
130.0,130.0
45.0,45.0
45.0,45.0
105.97,105.96999999999991
30.97,30.96999999999995
221.97,221.9700000000001
150.0,150.0
225.0,225.0
35.0,35.0
110.0,110.0
400.0,400.0
37.0,37.0
25.97,25.879999999999978
130.0,130.0
122.99,122.9899999999998
135.0,135.0
230.0,230.0
151.97,151.96999999999974
285.0,285.0
80.0,80.0
115.0,115.0
210.0,210.0
147.99,147.9899999999999
75.0,75.0
125.0,125.0
19.97,19.970000000000024
75.0,75.0
55.0,55.0
330.0,330.0
123.97,123.96999999999984
150.0,150.0
135.0,135.0
170.0,170.0
110.0,110.0
235.0,235.0
45.0,45.0
140.0,140.0
120.99,120.98999999999982
76.97,76.97000000000007
85.0,85.0
80.0,80.0
82.0,82.0
95.0,95.0
100.0,100.0
55.0,55.0
41.97,41.96999999999989
110.0,110.0
280.0,280.0
42.0,42.0
120.99,120.99000000000038
70.0,70.0
235.0,235.0
147.99,147.9899999999999
210.0,210.0
40.0,40.0
120.0,120.0
350.0,350.0
14.0,14.03
150.0,150.0
150.0,150.0
62.97,62.970000000000006
155.0,155.0
70.0,70.0
47.0,47.0
75.0,75.0
130.0,130.0
24.97,24.709999999999987
200.0,200.0
280.0,280.0
115.0,115.0
85.0,85.0
54.97,54.97
190.0,190.0
24.97,24.969999999999974
42.0,42.0
80.0,80.0
35.0,35.0
135.0,135.0
44.97,44.96999999999991
140.0,140.0
105.0,105.0
29.97,29.959999999999955
340.0,340.0
125.0,125.0
120.0,120.0
31.97,31.969999999999903
160.0,160.0
235.0,235.0
28.0,28.0
55.97,55.97
85.0,85.0
24.97,24.969999999999974
170.0,170.0
170.0,170.0
85.0,85.0
175.0,175.0
85.0,85.0
19.97,19.970000000000024
65.0,65.0
68.0,68.0
140.0,140.0
45.0,45.0
147.99,147.9899999999999
115.0,115.0
182.99,182.99000000000007
130.0,130.0
120.0,120.0
35.0,35.0
70.0,70.0
115.0,115.0
73.97,73.97000000000007
68.0,68.0
60.0,60.0
180.0,180.0
123.97,123.96999999999984
80.0,80.0
86.97,86.97000000000004
140.0,140.0
55.0,55.0
155.0,155.0
80.0,80.0
70.0,70.0
110.0,110.0
135.0,135.0
100.0,100.0
105.0,105.0
40.0,40.0
115.0,115.0
225.0,225.0
47.0,47.0
45.0,45.0
85.0,85.0
95.0,95.0
48.0,48.0
75.0,75.0
135.0,135.0
68.0,68.0
115.0,115.0
150.0,150.0
70.0,70.0
125.0,125.0
180.0,180.0
95.0,95.0
74.97,74.97000000000006
90.0,90.0
85.0,85.0
130.0,130.0
165.0,165.0
155.0,155.0
22.0,22.0
235.0,235.0
225.0,225.0
41.97,41.96999999999989
140.0,140.0
60.0,60.0
85.0,85.0
48.97,48.96999999999994
180.0,180.0
38.0,38.0
45.0,45.0
100.0,100.0
90.0,90.0
195.0,195.0
105.0,105.0
120.0,120.0
130.0,130.0
95.0,95.0
60.0,60.0
100.0,100.0
85.0,85.0
29.97,29.969999999999956
180.0,180.0
120.0,120.0
85.0,85.0
35.0,35.0
80.0,80.0
75.0,75.0
45.0,45.0
125.0,125.0
85.0,85.0
105.0,105.0
106.97,106.9700000000004
35.0,35.0
175.0,175.0
105.0,105.0
115.0,115.0
127.0,127.0
40.0,40.0
95.0,95.0
175.0,175.0
150.0,150.0
100.0,100.0
170.0,170.0
120.0,120.0
37.97,37.969999999999885
42.0,42.0
64.0,64.0
95.0,95.0
80.0,80.0
41.97,41.96999999999989
115.0,115.0
140.0,140.0
37.0,37.0
180.0,180.0
70.0,70.0
135.0,135.0
135.0,135.0
150.0,150.0
60.0,60.0
50.0,50.0
75.0,75.0
65.0,65.0
21.97,21.969999999999995
210.0,210.0
64.0,64.0
75.97,75.97000000000004
20.97,20.970000000000017
80.0,80.0
170.0,170.0
31.97,31.9699999999999
85.0,85.0
94.97,94.96999999999998
110.0,110.0
80.97,80.97000000000008
150.0,150.0
25.0,25.0
62.97,62.97
70.0,70.0
28.97,28.969999999999946
120.0,120.0
28.0,28.0
40.0,40.0
130.97,130.9699999999998
480.0,481.7
210.0,210.0
32.0,32.0
115.0,115.0
80.0,80.0
210.0,210.0
180.0,180.0
85.0,85.0
100.0,100.0
190.0,190.0
270.0,270.0
95.0,95.0
35.97,35.96999999999991
120.99,120.99000000000038
105.0,105.0
78.97,78.97000000000007
31.97,31.9699999999999
245.0,245.0
280.0,280.0
76.97,76.97000000000007
60.0,60.0
95.0,95.0
120.0,120.0
120.99,120.99000000000038
120.0,120.0
140.0,140.0
89.97,89.97
44.97,44.969999999999935
150.0,150.0
40.0,40.0
75.0,75.0
64.0,64.0
45.0,45.0
35.97,35.96999999999991
82.97,82.97000000000006
135.0,135.0
120.0,120.0
42.0,42.0
170.0,170.0
31.97,31.969999999999896
165.0,165.0
182.99,182.99000000000007
135.0,135.0
145.0,145.0
135.0,135.0
175.0,175.0
92.97,92.97
85.97,85.97000000000007
106.97,106.9700000000004
42.0,42.0
45.0,45.0
145.0,145.0
45.0,45.0
44.97,44.96999999999991
90.0,90.0
62.97,62.97000000000003
80.0,80.0
28.97,28.969999999999946
190.0,190.0
125.0,125.0
80.97,80.97000000000008
145.0,145.0
225.0,225.0
98.0,98.0
95.0,95.0
106.97,106.9700000000004
145.0,145.0
140.0,140.0
100.97,100.96999999999994
37.97,37.969999999999885
125.0,125.0
60.0,60.0
50.0,50.0
200.0,200.0
155.0,155.0
147.99,147.9899999999999
205.0,205.0
50.0,50.0
80.0,80.0
95.0,95.0
120.99,120.99000000000038
50.0,50.0
106.97,106.9700000000004
80.0,80.0
58.0,58.0
80.0,80.0
68.0,68.0
160.0,160.0
68.97,68.97000000000004
21.97,21.969999999999995
195.0,195.0
100.0,100.0
260.0,260.0
57.0,57.0
175.0,175.0
190.0,190.0
64.0,64.0
34.0,34.0
145.0,145.0
155.0,155.0
76.97,76.97000000000007
95.0,95.0
52.0,52.0
105.0,105.0
220.0,220.0
16.0,16.0
60.0,60.0
145.0,145.0
75.0,75.0
160.0,160.0
210.0,210.0
104.97,104.96999999999993
34.97,34.94999999999993
32.0,32.0
141.97,142.01999999999975
85.0,85.0
130.0,130.0
130.0,130.0
135.0,135.0
55.0,55.0
160.0,160.0
24.97,24.969999999999974
100.0,100.0
75.0,75.0
50.0,50.0
40.0,40.0
44.0,44.0
60.0,60.0
74.97,74.97000000000006
85.0,85.0
98.0,98.0
94.97,95.00999999999998
62.97,62.970000000000006
115.0,115.0
235.0,235.0
102.97,102.96999999999993
55.0,55.0
245.0,245.0
175.0,175.0
60.0,60.0
90.0,90.0
60.0,60.0
35.0,35.0
42.0,42.0
84.97,84.97000000000006
35.0,35.0
75.0,75.0
72.0,72.0
155.0,155.0
100.0,100.0
210.0,210.0
100.97,100.96999999999994
100.0,100.0
25.0,25.0
105.0,105.0
120.0,120.0
89.97,89.97
145.0,145.0
68.0,68.0
69.97,69.97000000000003
98.0,98.0
130.0,130.0
180.0,180.0
40.0,40.0
165.0,165.0
245.0,245.0
35.97,35.96999999999991
68.0,68.0
155.0,155.0
120.99,120.99000000000038
50.0,50.0
130.0,130.0
115.0,115.0
100.0,100.0
65.0,65.0
105.0,105.0
135.0,135.0
235.0,235.0
135.0,135.0
95.0,95.0
90.0,90.0
128.97,128.96999999999983
137.97,137.93079999999978
100.0,100.0
55.0,55.0
180.0,180.0
229.97,229.9700000000001
55.97,56.04
160.0,160.0
35.0,35.0
155.0,155.0
210.0,210.0
125.0,125.0
51.97,51.969999999999985
188.99,188.99000000000012
200.0,200.0
57.97,57.93000000000001
200.0,200.0
100.0,100.0
75.0,75.0
28.97,28.969999999999946
40.0,40.0
65.0,65.0
45.0,45.0
95.0,95.0
90.0,90.0
140.0,140.0
60.0,60.0
140.0,140.0
40.0,40.0
41.97,41.96999999999989
70.0,70.0
105.97,105.96999999999991
70.0,70.0
45.0,45.0
35.0,35.0
85.97,85.97000000000007
165.0,165.0
33.97,33.969999999999935
55.0,55.0
42.0,42.0
68.0,68.0
69.97,69.97000000000003
34.0,34.0
70.0,70.0
35.0,35.0
80.0,80.0
125.0,125.0
60.0,60.0
45.0,45.0
120.0,120.0
32.0,32.0
115.0,115.0
28.97,28.969999999999956
120.0,120.0
235.0,235.0
40.0,40.0
175.0,175.0
22.0,22.0
133.99,133.98999999999998
115.0,115.0
26.0,26.0
120.99,120.99000000000038
155.0,155.0
164.99,164.98999999999992
45.0,45.0
120.99,120.99000000000038
90.0,90.0
82.97,82.97000000000007
135.0,135.0
45.0,45.0
110.0,110.0
41.97,41.96999999999989
280.0,280.0
80.0,80.0
115.0,115.0
140.0,140.0
80.0,80.0
385.0,385.0
230.0,230.0
85.0,85.0
140.0,140.0
175.0,175.0
365.0,365.0
82.97,82.97000000000006
90.0,90.0
110.97,110.96999999999989
110.0,110.0
180.0,180.0
82.97,82.97000000000006
51.97,51.969999999999985
165.0,165.0
75.0,75.0
145.0,145.0
45.97,45.96999999999994
96.97,96.96999999999997
171.99,171.9899999999999
68.0,68.0
32.0,32.0
55.97,55.97
78.97,78.97000000000007
16.0,16.0
90.0,90.0
150.0,150.0
95.0,95.0
110.0,110.0
85.0,85.0
48.97,48.96999999999994
41.97,41.96999999999989
95.0,95.0
116.97,116.96999999999987
85.0,85.0
68.0,68.0
55.0,55.0
110.0,110.0
145.0,145.0
45.0,45.0
125.0,125.0
145.0,145.0
200.0,200.0
100.0,100.0
150.0,150.0
135.0,135.0
75.0,75.0
31.97,31.969999999999896
52.97,52.96999999999999
170.0,170.0
55.0,55.0
80.0,80.0
75.0,75.0
85.0,85.0
120.0,120.0
58.97,58.9700000000001
125.0,125.0
120.99,120.99000000000038
150.0,150.0
75.0,75.0
78.97,78.97000000000007
80.0,80.0
100.0,100.0
90.0,90.0
30.0,30.0
220.0,220.0
75.0,75.0
55.0,55.0
85.0,85.0
130.0,130.0
70.0,70.0
130.0,130.0
85.0,85.0
78.97,78.97000000000007
160.0,160.0
35.0,35.0
85.0,85.0
50.0,50.0
355.0,355.0
45.0,45.0
38.0,38.0
70.0,70.0
65.0,65.0
105.0,105.0
210.0,210.0
105.0,105.0
360.0,360.0
152.97,152.96999999999974
55.0,55.0
130.0,130.0
28.0,28.0
128.0,128.0
157.97,157.96999999999971
85.0,85.0
100.0,100.0
73.97,73.97000000000007
120.0,120.0
115.0,115.0
75.0,75.0
45.0,45.0
40.0,40.0
80.0,80.0
75.0,75.0
80.0,80.0
140.0,140.0
85.0,85.0
200.0,200.0
165.0,165.0
45.0,45.0
65.0,65.0
58.0,58.0
75.0,75.0
175.0,175.0
70.0,70.0
54.97,54.88
78.97,78.97000000000007
75.0,75.0
45.0,45.0
245.0,245.0
80.0,80.0
80.0,80.0
68.0,68.0
130.0,130.0
115.0,115.0
25.0,25.0
31.97,31.969999999999896
175.0,175.0
200.0,200.0
45.0,45.0
190.0,190.0
205.0,205.0
140.0,140.0
41.97,41.96999999999989
89.97,89.97
147.99,147.9899999999999
125.0,125.0
138.97,138.96999999999977
85.0,85.0
95.0,95.0
190.0,190.0
75.0,75.0
21.97,21.96999999999999
80.0,80.0
175.0,175.0
225.0,225.0
55.0,55.0
48.97,48.96999999999996
60.0,60.0
200.0,200.0
85.0,85.0
60.0,60.0
150.0,150.0
45.0,45.0
55.0,55.0
50.0,50.0
110.0,110.0
62.0,62.0
150.0,150.0
175.0,175.0
122.99,122.9899999999998
160.0,160.0
165.0,165.0
100.0,100.0
42.0,42.0
85.0,85.0
145.0,145.0
175.0,175.0
65.0,65.0
50.0,50.0
100.0,100.0
40.0,40.0
190.0,190.0
260.0,260.0
40.0,40.0
135.0,135.0
73.97,73.97000000000007
135.0,135.0
70.97,71.01000000000005
170.0,170.0
60.0,60.0
70.0,70.0
72.97,72.97000000000004
120.0,120.0
75.0,75.0
35.0,35.0
55.0,55.0
35.0,35.0
78.97,78.97000000000007
1005.0,1005.0
115.0,115.0
165.0,165.0
55.0,55.0
80.0,80.0
215.0,215.0
45.97,45.96999999999994
95.0,95.0
53.0,52.909400000000005
45.0,45.0
116.97,116.96999999999987
100.0,100.0
130.0,130.0
158.0,158.09
165.0,165.0
106.97,106.9700000000004
20.97,21.287700000000015
130.0,130.0
150.0,150.0
45.0,45.0
37.0,37.0
330.0,330.0
112.97,112.96999999999987
80.0,80.0
100.0,100.0
40.0,40.0
120.99,120.99000000000038
85.97,85.97000000000007
60.0,60.0
125.0,125.0
120.99,120.99000000000038
95.0,95.0
32.0,32.0
75.0,75.0
135.0,135.0
50.0,50.0
45.0,45.0
108.0,108.0
175.0,175.0
58.97,58.9700000000001
135.0,135.0
106.97,106.9700000000004
110.0,110.0
37.97,37.96999999999989
70.0,70.0
85.0,85.0
50.0,50.0
190.0,190.0
75.97,75.97000000000004
170.0,170.0
160.0,160.0
95.0,95.0
85.97,85.97000000000007
125.0,125.0
150.0,150.0
75.0,75.0
70.0,70.0
100.0,100.0
130.0,130.0
120.99,120.99000000000038
45.0,45.0
55.0,55.0
200.0,200.0
102.97,102.96999999999993
190.0,190.0
45.0,45.0
105.0,105.0
105.0,105.0
100.0,100.0
100.0,100.0
168.99,168.9899999999999
130.0,130.0
180.0,180.0
170.0,170.0
100.0,100.0
125.0,125.0
50.0,50.0
45.0,45.0
120.0,120.0
135.0,135.0
25.97,25.969999999999963
75.0,75.0
120.99,120.99000000000038
80.0,80.0
115.0,115.0
135.0,135.0
106.97,106.9700000000004
150.97,150.99999999999974
115.0,115.0
133.99,133.98999999999998
75.0,75.0
70.0,70.0
100.0,100.0
54.0,54.0
100.0,100.0
45.0,45.0
110.0,110.0
45.0,45.0
85.0,85.0
42.0,42.0
55.0,55.0
40.0,40.0
35.0,35.0
100.0,100.0
40.0,40.0
90.0,90.0
89.97,89.97
26.97,26.969999999999967
120.0,120.0
41.97,41.96999999999989
140.0,140.0
164.99,164.98999999999992
110.0,110.0
190.0,190.0
85.0,85.0
45.0,45.0
190.0,190.0
100.0,100.0
55.97,55.97
95.0,95.0
100.0,100.0
145.0,145.0
101.97,101.96999999999994
55.97,55.97
140.0,140.0
75.0,75.0
55.0,55.0
32.97,32.96999999999994
80.0,80.0
64.0,64.0
125.0,125.0
360.0,360.0
36.0,36.0
165.0,165.0
160.0,160.0
375.0,375.0
30.0,30.0
125.0,125.0
40.97,40.96999999999991
170.0,170.0
41.97,41.96999999999992
170.0,170.0
45.0,45.0
65.0,65.0
105.0,105.0
105.0,105.0
164.99,164.98999999999992
68.0,68.0
100.0,100.0
36.97,36.96999999999992
42.0,42.0
70.0,70.0
200.0,200.0
100.0,100.0
85.0,85.0
180.0,180.0
65.0,65.0
105.0,105.0
32.0,32.0
44.97,44.96999999999991
69.97,69.97000000000003
105.0,105.0
70.0,70.0
31.97,31.969999999999896
64.0,64.0
120.0,120.0
47.0,47.0
100.0,100.0
85.0,85.0
80.0,80.0
65.0,65.0
42.0,42.0
47.0,47.0
85.0,85.0
164.99,164.98999999999992
32.0,32.0
28.97,28.969999999999956
69.97,69.97000000000003
28.0,28.0
120.99,120.99000000000038
26.0,26.0
95.0,95.0
90.0,90.0
105.0,105.0
75.0,75.0
115.0,115.0
69.97,69.97000000000003
90.0,90.0
100.0,100.0
33.97,33.969999999999935
130.0,130.0
85.0,85.0
95.0,95.0
32.0,32.0
100.0,100.0
235.0,235.0
75.0,75.0
37.0,37.0
44.97,44.96999999999991
35.0,35.0
175.0,175.0
58.97,58.9700000000001
250.0,250.0
90.0,90.0
104.97,104.96999999999993
130.0,130.0
100.0,100.0
100.0,100.0
80.0,80.0
130.0,130.0
40.0,40.0
145.0,145.0
65.0,65.0
28.97,28.969999999999956
85.0,85.0
85.0,85.0
92.97,92.97
140.0,140.0
65.0,65.0
100.0,100.0
69.0,69.0
35.0,35.0
82.97,82.97000000000006
35.97,35.96999999999991
64.0,64.0
110.0,110.0
95.0,95.0
110.0,110.0
21.97,21.969999999999995
55.0,55.0
225.0,225.0
105.0,105.0
45.0,45.0
58.97,58.9700000000001
225.0,225.0
180.0,180.0
45.97,45.96999999999994
80.0,80.0
41.97,41.96999999999989
150.0,150.0
200.0,200.0
210.0,210.0
90.0,90.0
55.97,56.06
110.0,110.0
129.0,130.0
200.0,200.0
105.0,105.0
130.0,130.0
60.97,60.97000000000002
210.0,210.0
50.0,50.0
80.0,80.0
120.0,120.0
120.99,120.99000000000038
100.0,100.0
105.0,105.0
85.0,85.0
100.0,100.0
190.0,190.0
115.0,115.0
145.0,145.0
73.97,73.97000000000007
105.0,105.0
133.99,133.98999999999998
100.0,100.0
42.0,42.0
80.0,80.0
85.0,85.0
130.0,130.0
120.0,120.0
45.0,45.0
110.0,110.0
75.0,75.0
210.0,210.0
85.0,85.0
190.0,190.0
31.97,31.969999999999946
120.0,120.0
165.0,165.0
36.97,36.96999999999992
55.0,55.0
64.0,64.0
42.0,42.0
80.0,80.0
98.97,98.99999999999994
130.0,130.0
130.0,130.0
150.0,150.0
150.0,150.0
64.0,64.0
190.0,190.0
95.0,95.0
37.97,37.969999999999885
69.97,69.97000000000003
135.0,135.0
77.0,77.0
90.0,90.0
90.0,90.0
105.0,105.0
145.0,145.0
95.0,95.0
35.97,35.96999999999991
125.0,125.0
55.97,55.97
125.0,125.0
50.0,50.0
135.0,135.0
137.97,137.96999999999977
88.97,88.97000000000001
31.97,31.969999999999896
55.0,55.0
147.0,147.02
45.0,45.0
105.0,105.0
42.97,42.96999999999993
60.0,60.0
35.0,35.0
105.0,105.0
45.0,45.0
40.0,40.0
165.0,165.0
210.0,210.0
122.99,122.9899999999998
58.0,58.0
75.0,75.0
120.0,120.0
130.0,130.0
48.0,48.0
100.0,100.0
69.0,69.0
75.0,75.0
85.0,85.0
51.97,51.969999999999985
80.0,80.0
87.97,87.39090000000002
75.0,75.0
130.0,130.0
125.0,125.0
67.0,67.0
45.0,45.0
100.0,100.0
105.0,105.0
65.97,65.97000000000004
78.0,78.0
150.0,150.0
40.0,40.0
69.0,68.97970000000001
135.0,135.0
180.0,180.0
36.0,36.0
125.0,125.0
210.0,210.0
155.0,155.0
360.0,360.0
130.0,130.0
55.0,55.0
31.97,31.9699999999999
87.97,87.97000000000004
245.0,245.0
75.0,75.0
385.0,385.0
85.0,85.0
48.97,48.96999999999994
108.97,108.96999999999989
170.0,170.0
125.0,125.0
18.0,18.0
171.99,171.9899999999999
90.0,90.0
85.0,85.0
60.0,60.0
40.0,40.0
58.97,58.9700000000001
110.0,110.0
120.99,120.99000000000038
54.97,54.97
42.0,42.0
165.0,165.0
75.0,75.0
130.0,130.0
122.0,122.0
55.0,55.0
95.0,95.0
125.0,125.0
35.0,35.0
65.0,65.0
35.0,35.0
180.0,180.0
65.0,65.0
125.0,125.0
145.0,145.0
270.0,270.0
35.0,35.0
75.0,75.0
90.0,90.0
137.0,137.0
105.0,105.0
85.0,85.0
210.0,210.0
65.0,65.0
175.0,175.0
125.0,125.0
37.0,37.0
75.0,75.0
45.0,45.0
76.97,76.97000000000007
210.0,210.0
45.0,45.0
106.97,106.9700000000004
180.0,180.0
105.0,105.0
75.0,75.0
135.0,135.0
75.0,75.0
125.0,125.0
105.0,105.0
175.0,175.0
200.0,200.0
250.97,250.97000000000023
175.0,175.0
110.0,110.0
175.0,175.0
65.0,65.0
64.0,64.0
40.0,40.0
100.0,100.0
55.0,55.0
210.0,210.0
125.0,125.0
240.0,240.0
125.0,125.0
115.0,115.0
115.0,115.0
41.0,41.0
78.97,78.97000000000007
69.97,69.97000000000003
80.0,80.0
200.0,200.0
80.0,80.0
225.0,225.0
99.97,99.96999999999994
45.0,45.0
89.97,89.97
75.0,75.0
48.97,48.96999999999994
20.0,20.0
100.0,100.0
55.0,55.0
165.0,165.0
160.0,160.0
395.0,395.0
85.0,85.0
120.0,120.0
150.0,150.0
42.0,42.0
170.0,170.0
30.97,30.96999999999995
45.0,45.0
150.0,150.0
45.0,45.0
120.99,120.99000000000038
225.0,225.0
126.99,126.9899999999998
75.0,75.0
102.0,102.0
164.99,164.98999999999992
160.0,160.0
64.0,64.0
60.0,60.0
85.0,85.0
85.0,85.0
140.0,140.0
40.0,40.0
65.0,65.0
130.0,130.0
68.0,68.0
145.0,145.0
40.0,40.0
200.0,200.0
175.0,175.0
125.0,125.0
185.0,185.0
85.0,85.0
100.0,100.0
105.0,105.0
130.0,130.0
120.0,120.0
115.0,115.0
160.0,160.0
155.0,155.0
105.0,105.0
70.0,70.0
68.0,68.0
55.0,55.0
90.0,90.0
225.0,225.0
80.0,80.0
80.0,80.0
37.97,37.96999999999989
85.0,85.0
115.0,115.0
80.0,80.0
68.0,68.0
130.0,130.0
190.0,190.0
68.97,68.97000000000004
45.0,45.0
28.97,28.969999999999956
80.0,80.0
45.0,45.0
165.0,165.0
64.97,64.97000000000004
65.0,65.0
78.97,78.97000000000007
80.0,80.0
40.0,40.0
65.0,65.0
240.0,240.0
40.0,40.0
34.0,34.0
40.0,40.0
190.0,190.0
15.0,15.0
210.0,210.0
48.97,48.96999999999994
55.97,55.97
182.99,182.99000000000007
188.0,188.0
85.0,85.0
36.0,36.0
135.0,135.0
100.97,100.96999999999994
130.0,130.0
100.0,100.0
22.97,22.97
135.0,135.0
95.0,95.0
68.0,68.0
31.97,31.9699999999999
30.0,30.0
125.0,125.0
65.97,65.97000000000001
210.0,210.0
55.97,55.97
135.0,135.0
20.0,20.0
52.0,52.0
100.0,100.0
80.0,80.0
120.0,120.0
31.97,31.969999999999896
39.97,39.959999999999916
105.0,105.0
75.0,75.0
90.0,90.0
115.0,115.0
45.0,45.0
62.97,62.970000000000006
60.0,60.0
135.0,135.0
50.0,50.0
40.0,40.0
145.0,145.0
150.0,150.0
180.0,180.0
63.0,63.0
170.0,170.0
75.0,75.0
56.97,57.00000000000001
50.0,50.0
95.0,95.0
103.97,103.96999999999993
75.0,75.0
106.97,106.9700000000004
185.0,185.0
80.0,80.0
200.0,200.0
51.97,51.969999999999985
135.0,135.0
47.0,47.0
45.0,45.0
75.0,75.0
90.0,90.0
165.0,165.0
115.0,115.0
56.97,57.00000000000001
115.0,115.0
150.0,150.0
95.0,95.0
80.0,80.0
35.0,35.0
35.97,35.96999999999991
235.0,235.0
140.0,140.0
40.0,40.0
210.0,210.0
140.0,140.0
47.0,47.0
100.0,100.0
45.0,45.0
125.0,125.0
68.0,68.0
100.0,100.0
90.0,90.0
66.97,66.97000000000004
150.0,150.0
42.0,42.0
100.0,100.0
62.97,62.970000000000006
45.0,45.0
64.0,64.0
65.97,65.97000000000001
330.0,330.0
182.99,182.99000000000007
78.97,78.97000000000007
62.0,62.0
45.0,45.0
40.0,40.0
80.0,80.0
135.0,135.0
105.0,105.0
150.0,150.0
210.0,210.0
200.0,200.0
150.0,150.0
80.0,80.0
171.99,171.9899999999999
32.0,32.0
75.97,75.97000000000004
190.0,190.0
95.0,95.0
90.0,90.0
50.0,50.0
50.0,50.0
150.0,150.0
85.97,85.97000000000007
42.0,42.0
200.0,200.0
190.0,190.0
135.0,135.0
150.0,150.0
50.0,50.0
126.99,126.9899999999998
90.0,90.0
69.97,69.97000000000003
190.0,190.0
77.0,77.0
200.0,200.0
78.97,78.97000000000007
31.97,31.969999999999896
56.97,56.970000000000006
76.97,76.97000000000007
80.0,80.0
75.0,75.0
185.0,185.0
45.97,45.96999999999994
95.0,95.0
34.97,34.969999999999935
80.0,80.0
190.0,190.0
110.0,110.0
78.0,78.0
40.0,40.0
34.0,34.0
190.0,190.0
100.0,100.0
85.0,85.0
54.97,54.95
85.0,85.0
80.0,80.0
51.97,51.969999999999985
40.0,40.0
47.0,47.0
66.97,66.97000000000006
75.0,75.0
125.0,125.0
155.0,155.0
135.0,135.0
123.97,123.96999999999984
120.99,120.99000000000038
122.99,122.9899999999998
106.97,106.9700000000004
200.0,200.0
85.0,85.0
44.97,44.96999999999991
64.0,64.0
72.0,72.0
78.97,78.97000000000007
130.0,130.0
130.0,130.0
330.0,330.0
133.99,133.98999999999998
48.97,48.96999999999994
130.0,130.0
105.0,105.0
65.0,65.0
24.97,24.969999999999967
235.0,235.0
35.0,35.0
195.0,195.0
70.0,70.0
120.99,120.99000000000038
64.0,64.0
40.0,40.0
120.0,120.0
60.0,60.0
190.0,190.0
150.0,150.0
34.97,34.969999999999935
175.0,175.0
155.0,155.0
31.97,31.969999999999896
165.0,165.0
100.0,100.0
75.0,75.0
60.0,60.0
80.0,80.0
37.0,37.0
85.0,85.0
85.0,85.0
164.99,164.98999999999992
120.0,120.0
120.0,120.0
40.0,40.0
120.0,120.0
55.0,55.0
250.0,250.0
64.97,64.97000000000004
135.0,135.0
95.0,95.0
150.0,150.0
75.0,75.0
65.0,65.0
175.0,175.0
95.0,95.0
48.0,48.0
36.0,36.0
21.97,21.969999999999995
24.97,24.969999999999985
200.0,200.0
60.0,60.0
245.0,245.0
125.0,125.0
235.0,235.0
80.0,80.0
170.0,170.0
125.0,125.0
75.0,75.0
32.0,32.0
42.0,42.0
74.97,74.97000000000006
145.0,145.0
225.0,225.0
60.0,60.0
115.0,115.0
64.0,64.0
37.0,37.0
35.97,35.96999999999991
100.97,100.96999999999994
29.97,29.969999999999956
125.0,125.0
125.0,125.0
100.0,100.0
100.0,100.0
85.0,85.0
85.0,85.0
150.0,150.0
75.0,75.0
20.0,20.0
66.97,66.97000000000006
180.0,180.0
55.97,55.97
180.0,180.0
110.0,110.0
26.97,26.969999999999967
48.0,48.0
120.0,120.0
95.0,95.0
217.99,217.99000000000026
55.0,55.0
40.0,40.0
85.0,85.0
75.0,75.0
85.0,85.0
75.0,75.0
115.0,115.0
85.0,85.0
155.0,155.0
68.0,68.0
85.0,85.0
47.5,47.5
175.0,175.0
125.0,125.0
171.99,171.9899999999999
105.0,105.0
106.97,106.9700000000004
60.0,60.0
96.97,96.96999999999997
165.0,165.0
26.97,26.969999999999967
120.0,120.0
182.99,182.99000000000007
90.0,90.0
225.0,225.0
24.0,24.0
54.0,54.0
90.0,90.0
95.0,95.0
85.0,85.0
44.97,44.96999999999992
36.97,36.96999999999992
45.0,45.0
100.0,100.0
190.0,190.0
180.0,180.0
235.0,235.0
135.0,135.0
45.0,45.0
72.0,72.0
150.0,150.0
68.0,68.0
175.0,175.0
57.0,57.0
65.0,65.0
85.0,85.0
65.0,65.0
15.0,15.0
225.0,225.0
62.97,62.760000000000026
85.0,85.0
76.97,76.97000000000007
210.0,210.0
130.0,130.0
38.97,38.96999999999992
75.0,75.0
48.97,48.96999999999994
100.0,100.0
62.97,62.97
150.0,150.0
245.0,245.0
50.0,50.0
80.97,80.97000000000008
110.0,110.0
115.0,115.0
150.0,150.0
85.0,85.0
221.97,221.9700000000001
270.0,270.0
185.0,185.0
100.0,100.0
375.0,375.0
120.0,120.0
245.0,245.0
190.0,190.0
90.0,90.0
155.0,155.0
120.0,120.0
35.0,35.0
64.0,64.0
100.0,100.0
95.0,95.0
90.0,90.0
225.0,225.0
210.0,210.0
75.0,75.0
64.0,64.0
40.0,40.0
105.0,105.0
160.0,160.0
36.0,36.0
110.0,110.0
75.0,75.0
175.0,175.0
95.0,95.0
385.0,385.0
54.0,54.0
175.0,175.0
90.0,90.0
70.0,70.0
32.0,32.0
115.0,115.0
85.0,85.0
96.97,96.96999999999997
28.0,28.0
90.0,90.0
120.0,120.0
151.97,151.96999999999974
165.0,165.0
55.0,55.0
90.0,90.0
45.0,45.0
54.5,54.465
25.97,25.969999999999963
24.97,24.969999999999978
65.0,65.0
190.0,190.0
18.0,18.0
52.0,52.0
90.0,90.0
38.0,38.0
50.0,50.0
100.0,100.0
47.0,47.0
75.0,75.0
190.0,190.0
105.0,105.0
140.0,140.0
180.97,181.13019999999986
245.0,245.0
32.0,32.0
80.0,80.0
355.0,355.0
160.0,160.0
164.99,164.98999999999992
90.0,90.0
63.97,63.970000000000034
95.0,95.0
40.0,40.0
116.97,116.96999999999986
95.0,95.0
100.0,100.0
120.99,120.99000000000038
55.97,55.97
200.0,200.0
245.0,245.0
130.0,130.0
106.97,106.9700000000004
90.0,90.0
140.0,140.0
30.0,30.0
210.0,210.0
120.0,120.0
42.0,42.0
115.0,115.0
590.0,590.0
170.0,169.78
61.97,61.97000000000003
45.0,45.0
32.0,32.0
75.0,75.0
330.0,330.0
75.0,75.0
80.0,80.0
395.0,395.0
120.99,120.99000000000038
44.97,44.96999999999991
165.0,165.0
125.0,125.0
165.0,165.0
60.0,60.0
45.0,45.0
42.0,42.0
110.0,110.0
110.0,110.0
106.97,106.9700000000004
95.0,95.0
145.0,145.0
135.0,135.0
60.0,60.0
68.97,68.97000000000004
95.0,95.0
75.0,75.0
125.0,125.0
150.0,150.0
145.0,145.0
95.0,95.0
125.0,125.0
105.0,105.0
68.0,68.0
60.0,60.0
42.0,42.0
190.0,190.0
65.0,65.0
62.97,62.970000000000006
52.0,52.0
28.0,28.0
170.0,170.0
160.0,160.0
135.0,135.0
45.0,45.0
65.0,65.0
95.0,95.0
75.0,75.0
115.0,115.0
100.0,100.0
55.97,55.97
130.0,130.0
225.0,225.0
70.0,70.0
100.0,100.0
155.0,155.0
23.97,23.96999999999999
58.0,58.0
35.97,35.95999999999993
50.0,50.0
65.0,65.0
151.97,151.96999999999974
75.0,75.0
210.0,210.0
175.0,175.0
100.0,100.0
165.0,165.0
42.0,42.0
135.0,135.0
80.0,80.0
45.0,45.0
140.0,140.0
120.99,120.98999999999982
260.0,260.0
85.0,85.0
90.0,90.0
80.0,80.0
75.97,75.97000000000006
325.0,325.0
55.97,55.97
160.0,160.0
68.0,68.0
40.0,40.0
55.97,55.970000000000006
35.0,35.0
75.0,75.0
95.0,95.0
130.0,130.0
55.0,55.0
50.0,50.0
210.0,210.0
125.0,125.0
64.0,64.0
90.0,90.0
80.0,80.0
135.0,135.0
190.0,190.0
65.97,65.97000000000001
82.97,82.97000000000006
95.0,95.0
225.0,225.0
75.0,75.0
190.0,190.0
48.97,48.999999999999964
85.0,85.0
75.0,75.0
80.0,80.0
190.0,190.0
95.0,95.0
115.0,115.0
80.0,80.0
44.97,44.96999999999991
80.0,80.0
21.97,21.96999999999999
145.0,145.0
40.0,40.0
45.0,45.0
195.0,195.0
31.97,31.9699999999999
37.97,37.96999999999989
80.0,80.0
123.97,123.96999999999984
135.0,135.0
165.0,165.0
225.0,225.0
31.97,31.969999999999896
147.99,147.9899999999999
150.0,150.0
175.0,175.0
200.0,200.0
125.0,125.0
28.97,28.969999999999956
95.0,95.0
110.97,110.96999999999989
37.0,37.0
145.0,145.0
48.0,48.0
210.0,210.0
245.0,245.0
95.0,95.0
120.0,120.0
35.0,35.0
50.0,50.0
85.0,85.0
210.0,210.0
64.97,64.97000000000004
85.0,85.0
120.0,120.0
55.0,55.0
135.0,135.0
140.0,140.0
37.0,37.0
95.0,95.0
70.0,70.0
85.97,85.97000000000007
45.0,45.0
65.0,65.0
130.0,130.0
130.0,130.0
31.97,31.969999999999896
135.0,135.0
165.0,165.0
235.0,235.0
150.0,150.0
90.0,90.0
85.0,85.0
125.0,125.0
100.0,100.0
150.0,150.0
65.0,65.0
133.99,133.98999999999998
200.0,200.0
65.0,65.0
68.0,68.0
40.0,40.0
50.0,50.0
67.97,67.97000000000004
80.0,80.0
92.97,92.97
55.97,55.97
45.0,45.0
75.0,75.0
95.0,95.0
135.0,135.0
150.0,150.0
31.97,31.969999999999896
175.0,175.0
113.97,113.96999999999987
180.0,180.0
105.0,105.0
130.0,130.0
55.97,55.97
150.0,150.0
80.0,80.0
52.0,52.0
220.0,220.0
155.0,155.0
65.97,65.97000000000001
85.0,85.0
135.0,135.0
68.0,68.0
40.0,40.0
135.0,135.0
190.0,190.0
55.97,55.97
140.0,140.0
45.0,45.0
395.0,395.0
135.0,135.0
55.0,55.0
150.0,150.0
130.0,130.0
36.97,36.96999999999992
115.0,115.0
64.0,64.0
72.97,72.97000000000007
62.97,62.970000000000006
55.97,55.97
37.0,37.0
105.0,105.0
85.0,85.0
38.97,38.96999999999992
48.0,48.0
190.0,190.0
90.0,90.0
124.97,124.96999999999984
58.0,58.0
225.0,225.0
85.0,85.0
85.0,85.0
135.0,135.0
70.0,70.0
140.0,140.0
395.0,395.0
210.0,210.0
37.97,37.999999999999915
110.0,110.0
47.0,47.0
110.0,110.0
130.0,130.0
106.97,106.9700000000004
35.0,35.0
40.0,40.0
165.0,165.0
120.0,120.0
52.97,52.96999999999999
41.97,41.96999999999989
29.97,29.969999999999956
150.0,150.0
147.99,147.9899999999999
120.99,120.99000000000038
80.0,80.0
95.0,95.0
150.0,150.0
28.97,28.969999999999956
30.0,30.0
160.0,160.0
65.0,65.0
90.0,90.0
110.0,110.0
145.0,145.0
90.0,90.0
123.97,123.96999999999984
135.0,135.0
64.0,64.0
85.0,85.0
170.0,170.0
14.0,14.0
70.0,70.0
210.0,210.0
150.0,150.0
100.0,100.0
85.0,85.0
85.0,85.0
65.0,65.0
65.0,65.0
130.0,130.0
75.0,75.0
47.0,47.0
130.0,130.0
120.99,120.99000000000038
120.99,120.98999999999982
48.97,48.96999999999994
120.0,120.0
48.97,48.96999999999996
45.0,45.0
105.0,105.0
100.0,100.0
130.0,130.0
28.97,28.969999999999946
210.0,210.0
160.0,160.0
175.0,175.0
32.0,32.0
185.0,185.0
175.0,175.0
165.0,165.0
45.0,45.0
120.0,120.0
65.97,65.97000000000001
96.97,96.96999999999997
125.0,125.0
60.0,60.0
70.0,70.0
100.0,100.0
125.0,125.0
195.0,195.0
40.0,40.0
95.0,95.0
120.99,120.98999999999982
215.0,215.0
170.0,170.0
105.0,105.0
95.0,95.0
22.97,22.97
135.0,135.0
150.0,150.0
45.0,45.0
30.0,30.0
150.0,150.0
115.0,115.0
85.0,85.0
120.99,120.99000000000038
51.97,51.969999999999985
110.0,110.0
77.0,77.0
140.0,140.0
75.0,75.0
40.97,40.96999999999991
100.0,100.0
90.0,90.0
80.0,80.0
55.0,55.0
90.0,90.0
95.0,95.0
200.0,200.0
80.0,80.0
120.0,120.0
145.0,145.0
210.0,210.0
185.0,185.0
65.0,65.0
44.97,44.96999999999991
100.0,100.0
120.0,120.0
24.97,24.969999999999974
100.0,100.0
60.0,60.0
100.0,100.0
38.0,38.0
105.0,105.0
235.0,235.0
160.0,160.0
69.97,69.97000000000003
95.0,95.0
160.0,160.0
150.0,150.0
78.97,78.97000000000007
22.0,22.0
80.0,80.0
75.97,75.97000000000004
210.0,210.0
145.0,145.0
95.0,95.0
60.0,60.0
85.0,85.0
100.0,100.0
70.0,70.0
235.0,235.0
145.0,145.0
48.0,48.0
180.0,180.0
110.0,110.0
150.97,150.96999999999974
140.0,140.0
26.97,26.969999999999967
57.97,57.94000000000001
150.0,150.0
100.0,100.0
145.0,145.0
125.0,125.0
51.97,51.969999999999985
45.0,45.0
50.0,50.0
210.0,210.0
100.0,100.0
100.0,100.0
135.0,135.0
225.0,225.0
31.97,31.969999999999896
130.0,130.0
90.0,90.0
220.0,220.0
130.97,130.9699999999998
70.0,70.0
210.0,210.0
75.0,75.0
85.0,85.0
115.0,115.0
47.0,47.0
210.0,210.0
105.97,105.96999999999991
245.0,245.0
210.0,210.0
220.0,220.0
45.0,45.0
135.0,135.0
106.97,106.9700000000004
65.0,65.0
90.0,90.0
50.0,50.0
150.0,150.0
34.97,34.969999999999935
215.0,215.0
36.97,36.96999999999992
105.0,105.0
125.0,125.0
130.0,130.0
34.0,34.0
125.0,125.0
140.0,140.0
80.0,80.0
135.0,135.0
100.0,100.0
38.0,38.0
80.0,80.0
165.0,165.0
100.0,100.0
120.0,120.0
400.0,400.0
170.0,170.0
68.97,68.97000000000004
100.0,100.0
60.0,60.0
33.97,33.929999999999936
100.0,100.0
215.0,215.0
44.97,44.96999999999991
210.0,210.0
60.0,60.0
20.97,20.96000000000002
42.0,42.0
355.0,355.0
37.0,37.0
100.0,100.0
60.0,60.0
110.0,110.0
130.0,130.0
125.0,125.0
42.0,42.0
130.0,130.0
35.97,35.96999999999991
85.0,85.0
55.0,55.0
65.0,65.0
80.0,80.0
72.0,72.0
90.0,90.0
215.0,215.0
135.0,135.0
78.97,78.97000000000007
95.0,95.0
85.0,85.0
40.0,40.0
90.0,90.0
130.0,130.0
68.0,68.0
145.0,145.0
47.0,47.0
88.97,88.97000000000001
115.0,115.0
180.0,180.0
144.97,144.96999999999977
95.0,95.0
73.97,73.97000000000007
180.0,180.0
210.0,210.0
45.0,45.0
21.97,21.96999999999999
150.0,150.0
280.0,280.0
150.0,150.0
105.0,105.0
50.0,50.0
65.0,65.0
80.0,80.0
35.0,35.0
140.0,140.0
65.0,65.0
95.0,95.0
400.0,400.0
90.0,90.0
35.0,35.0
175.0,175.0
69.97,69.97000000000003
44.97,44.969999999999935
100.0,100.0
47.0,47.0
70.0,70.0
75.0,75.0
150.0,150.0
95.0,95.0
120.99,120.99000000000038
145.0,145.0
68.0,68.0
210.0,210.0
60.0,60.0
95.0,95.0
125.0,125.0
95.0,95.0
160.0,160.0
140.0,140.0
28.97,28.969999999999956
80.0,80.0
85.0,85.0
140.0,140.0
80.0,80.0
135.0,135.0
75.0,75.0
58.97,58.9700000000001
69.97,69.97000000000006
45.0,45.0
42.0,42.0
149.0,149.05
55.97,56.0712
170.0,170.0
69.97,69.97000000000003
120.99,120.99000000000038
106.97,106.9700000000004
340.0,340.0
45.0,45.0
45.0,45.0
150.0,150.0
100.0,100.0
65.0,65.0
240.0,240.0
225.0,225.0
95.0,95.0
360.0,360.0
170.0,170.0
165.0,165.0
40.0,40.0
68.0,68.0
165.0,165.0
41.97,41.96999999999989
195.0,195.0
85.0,85.0
80.0,80.0
59.97,59.91000000000002
60.0,60.0
42.97,43.32999999999993
51.97,51.969999999999985
85.0,85.0
110.0,110.0
60.0,60.0
27.0,27.0
175.0,175.0
105.0,105.0
135.0,135.0
35.0,35.0
60.0,60.0
80.0,80.0
40.97,40.96999999999991
28.97,28.969999999999946
175.0,175.0
90.0,90.0
54.0,54.0
85.97,85.97000000000007
48.0,48.0
102.0,102.0
85.0,85.0
105.0,105.0
200.0,200.0
42.0,42.0
125.0,125.0
115.0,115.0
260.0,260.0
118.97,118.96999999999986
110.0,110.0
188.0,188.0
136.97,136.9699999999998
60.0,60.0
52.97,52.96999999999999
90.0,90.0
85.0,85.0
95.0,95.0
130.0,130.0
105.0,105.0
65.0,65.0
110.97,110.96999999999989
140.0,140.0
106.97,106.9700000000004
120.99,120.99000000000038
175.0,175.0
150.0,150.0
34.97,34.969999999999935
80.0,80.0
64.97,64.97000000000004
90.0,90.0
135.0,135.0
80.0,80.0
45.0,45.0
235.0,235.0
230.0,230.0
360.0,360.0
30.0,30.0
85.0,85.0
90.0,90.0
125.0,125.0
100.0,100.0
221.97,221.9700000000001
100.0,100.0
120.0,120.0
40.0,40.0
35.0,35.0
45.0,45.0
85.0,85.0
130.0,130.0
40.0,40.0
350.0,350.0
170.0,170.0
150.0,150.0
150.0,150.0
122.99,122.9899999999998
32.0,32.0
80.0,80.0
64.0,64.0
80.0,80.0
105.0,105.0
45.0,45.0
45.0,45.0
140.0,140.0
84.97,84.97000000000006
120.0,120.0
48.0,48.0
165.0,165.0
45.0,45.0
78.0,78.0
40.0,40.0
135.0,135.0
70.0,70.0
200.0,200.0
40.0,40.0
150.0,150.0
170.0,170.0
80.0,80.0
195.0,195.0
165.0,165.0
65.0,65.0
65.0,65.0
175.0,175.0
99.97,99.96999999999994
95.0,95.0
285.0,285.0
45.0,45.0
235.0,235.0
105.0,105.0
180.0,180.0
170.0,170.0
60.0,60.0
130.0,130.0
85.0,85.0
160.0,160.0
125.0,125.0
375.0,375.0
95.0,95.0
95.0,95.0
175.0,175.0
210.0,210.0
82.97,82.97000000000007
165.0,165.0
130.0,130.0
170.0,170.0
85.0,85.0
84.97,84.97000000000006
125.0,125.0
80.0,80.0
64.0,64.0
35.0,35.0
90.0,90.0
125.0,125.0
175.0,175.0
35.0,35.0
58.0,58.0
80.0,80.0
100.0,100.0
60.0,60.0
25.0,25.0
105.0,105.0
175.0,175.0
85.0,85.0
210.0,210.0
175.0,175.0
60.0,60.0
55.0,55.0
40.0,40.0
155.0,155.0
65.0,65.0
210.0,210.0
115.0,115.0
85.0,85.0
35.0,35.0
100.0,100.0
130.0,130.0
175.0,175.0
40.0,40.0
42.97,42.96999999999993
160.0,160.0
50.0,50.0
120.99,120.99000000000038
38.0,38.0
150.0,150.0
170.0,170.0
190.0,190.0
160.0,160.0
28.97,28.969999999999956
135.0,135.0
130.0,130.0
103.97,103.76999999999992
80.0,80.0
44.0,44.0
55.97,55.97
68.0,68.0
280.0,280.0
110.0,110.0
31.97,31.969999999999896
85.0,85.0
80.0,80.0
190.0,190.0
32.97,32.96999999999994
130.0,130.0
26.0,26.0
64.0,64.0
85.0,85.0
64.97,64.97000000000004
130.0,130.0
110.0,110.0
140.0,140.0
88.97,88.97000000000001
85.0,85.0
42.0,42.0
105.0,105.0
40.0,40.0
105.0,105.0
42.0,42.0
380.0,380.0
190.0,190.0
200.0,200.0
165.0,165.0
55.0,55.0
210.0,210.0
180.0,180.0
48.97,48.96999999999994
165.0,165.0
26.0,26.0
75.0,75.0
30.0,30.0
120.0,120.0
120.99,120.99000000000038
51.97,51.969999999999985
100.0,100.0
56.97,56.970000000000006
95.0,95.0
145.0,145.0
175.0,175.0
32.0,32.0
60.0,60.0
90.0,90.0
50.0,50.0
150.0,150.0
115.0,115.0
100.0,100.0
78.97,78.97000000000007
210.0,210.0
48.97,48.96999999999994
105.0,105.0
55.97,55.97
360.0,360.0
90.0,90.0
60.0,60.0
200.0,200.0
80.0,80.0
130.97,130.9699999999998
150.0,150.0
160.0,160.0
95.0,95.0
190.0,190.0
90.0,90.0
115.0,115.0
85.0,85.0
62.97,62.970000000000006
160.0,160.0
120.0,120.0
85.0,85.0
105.0,105.0
33.97,34.009999999999934
100.0,100.0
90.0,90.0
115.0,115.0
35.0,35.0
62.97,62.970000000000006
45.0,45.0
145.0,145.0
45.0,45.0
245.0,245.0
140.0,140.0
160.0,160.0
145.0,145.0
147.99,147.9899999999999
85.0,85.0
35.0,35.0
45.0,45.0
35.97,35.96999999999991
45.0,45.0
90.0,90.0
210.0,210.0
30.0,30.0
21.97,21.969999999999995
115.0,115.0
55.0,55.0
150.0,150.0
90.0,90.0
80.0,80.0
145.0,145.0
70.0,70.0
80.0,80.0
28.97,28.969999999999956
120.0,120.0
40.0,40.0
85.0,85.0
45.0,45.0
135.0,135.0
69.97,69.97000000000003
150.0,150.0
95.0,95.0
155.0,155.0
35.0,35.0
500.0,499.45
235.0,235.0
70.0,70.0
72.97,72.91000000000007
160.0,160.0
44.97,44.96999999999991
260.0,260.0
175.0,175.0
32.0,32.0
35.0,35.0
160.0,160.0
95.0,95.0
200.0,200.0
68.0,68.0
60.0,60.0
130.0,130.0
95.0,95.0
90.0,90.0
210.0,210.0
45.0,45.0
175.0,175.0
38.97,38.96999999999992
175.0,175.0
110.0,110.0
95.0,95.0
60.0,60.0
130.0,130.0
55.0,55.0
74.97,74.97000000000006
76.97,76.97000000000007
110.0,110.0
45.0,45.0
62.97,62.97
125.0,125.0
40.0,40.0
70.0,70.0
115.0,115.0
145.0,145.0
180.0,180.0
150.0,150.0
130.0,130.0
95.0,95.0
160.0,160.0
75.0,75.0
100.0,100.0
120.99,120.99000000000038
16.97,16.950000000000024
55.0,55.0
95.0,95.0
189.99,189.99000000000007
42.0,42.0
170.0,170.0
25.97,25.969999999999963
190.0,190.0
105.0,105.0
90.0,90.0
65.0,65.0
125.0,125.0
38.0,38.0
45.0,45.0
37.0,37.0
100.0,100.0
75.97,75.97000000000004
17.97,17.970000000000024
130.0,130.0
115.0,115.0
85.0,85.0
125.0,125.0
16.0,16.0
150.0,150.0
240.0,240.0
42.0,42.0
100.0,100.0
210.0,210.0
100.0,100.0
130.0,130.0
130.0,130.0
125.0,125.0
135.0,135.0
200.0,200.0
165.0,165.0
105.0,105.0
45.0,45.0
180.0,180.0
85.0,85.0
105.0,105.0
18.0,18.0
45.0,45.0
35.0,35.0
95.0,95.0
45.0,45.0
45.0,45.0
42.0,42.0
170.0,170.0
68.0,68.0
175.0,175.0
35.97,35.96999999999991
55.0,55.0
160.0,160.0
170.0,170.0
80.0,80.0
130.0,130.0
175.0,175.0
60.0,60.0
137.97,137.96999999999977
35.0,35.0
155.0,155.0
85.0,85.0
85.97,85.97000000000007
55.97,55.97
40.0,40.0
120.99,120.99000000000038
120.99,120.99000000000038
100.0,100.0
34.97,34.969999999999935
150.0,150.0
106.97,106.9700000000004
221.97,221.9700000000001
235.0,235.0
115.0,115.0
75.0,75.0
40.0,40.0
85.0,85.0
100.0,100.0
85.0,85.0
235.0,235.0
120.99,120.99000000000038
110.0,110.0
68.0,68.0
35.97,36.019999999999925
123.97,123.96999999999984
145.0,145.0
150.0,150.0
171.99,171.9899999999999
180.0,180.0
58.0,58.0
35.0,35.0
170.0,170.0
80.0,80.0
35.97,35.96999999999991
70.0,70.0
35.0,35.0
120.99,120.99000000000038
50.0,50.0
65.97,65.97000000000001
170.0,170.0
65.0,65.0
200.0,200.0
70.97,70.97000000000006
80.0,80.0
146.97,146.96999999999977
150.0,150.0
51.97,51.969999999999985
38.97,38.96999999999992
40.0,40.0
51.97,51.969999999999985
100.0,100.0
171.99,171.9899999999999
140.0,140.0
105.0,105.0
85.0,85.0
28.97,28.969999999999956
175.0,175.0
150.0,150.0
40.0,40.0
32.0,32.0
55.97,55.97
130.0,130.0
110.97,110.9299999999999
125.0,125.0
68.0,68.0
95.0,95.0
135.0,135.0
130.0,130.0
390.0,390.0
175.0,175.0
90.0,90.0
95.0,95.0
40.0,40.0
47.0,47.0
80.0,80.0
70.0,70.0
165.0,165.0
120.0,120.0
160.0,160.0
45.0,45.0
80.0,80.0
355.0,355.0
85.0,85.0
58.97,58.97000000000002
210.0,210.0
105.0,105.0
106.97,106.9700000000004
165.0,165.0
380.0,380.0
65.0,65.0
80.0,80.0
70.0,70.0
245.0,245.0
100.0,100.0
125.0,125.0
61.97,61.97000000000003
47.5,47.5
68.0,68.0
50.0,50.0
125.0,125.0
125.0,125.0
260.0,260.0
110.0,110.0
147.99,147.9899999999999
105.0,105.0
17.97,17.970000000000024
110.0,110.0
135.0,135.0
90.0,90.0
105.97,105.96999999999991
125.0,125.0
40.0,40.0
85.0,85.0
50.97,50.969999999999985
120.0,120.0
80.0,80.0
120.0,120.0
126.97,126.96999999999981
110.97,110.96999999999989
21.97,21.96999999999999
375.0,375.0
64.0,64.0
30.0,30.0
165.0,165.0
60.0,60.0
28.97,28.969999999999946
30.0,30.0
170.0,170.0
16.97,16.970000000000024
85.0,85.0
170.0,170.0
55.0,55.0
160.0,160.0
78.97,78.97000000000007
60.0,60.0
95.0,95.0
70.0,70.0
85.0,85.0
45.0,45.0
75.0,75.0
51.97,51.969999999999985
31.97,31.9699999999999
68.0,68.0
75.0,75.0
92.97,92.97
85.0,85.0
80.0,80.0
150.0,150.0
32.0,32.0
130.0,130.0
17.97,17.970000000000024
145.0,145.0
98.97,98.96999999999994
330.0,330.0
170.0,170.0
182.99,182.99000000000007
64.0,64.0
45.0,45.0
130.0,130.0
122.99,122.9899999999998
85.0,85.0
95.0,95.0
40.0,40.0
133.99,133.98999999999998
145.0,145.0
82.97,82.97000000000006
99.97,99.96999999999994
120.0,120.0
175.0,175.0
145.0,145.0
85.0,85.0
74.97,74.97000000000006
58.97,58.9700000000001
125.0,125.0
115.0,115.0
175.0,175.0
125.0,125.0
68.0,68.0
25.97,25.969999999999963
210.0,210.0
50.0,50.0
165.0,165.0
135.0,135.0
55.0,55.0
65.0,65.0
30.97,30.20999999999995
120.99,120.99000000000038
90.0,90.0
80.0,80.0
130.0,130.0
95.0,95.0
130.0,130.0
80.0,80.0
85.0,85.0
125.0,125.0
31.97,31.969999999999896
32.97,32.96999999999994
150.0,150.0
150.0,150.0
28.97,28.969999999999946
147.99,147.9899999999999
60.0,60.0
168.99,168.84999999999985
69.97,69.97000000000003
44.97,44.96999999999991
45.0,45.0
21.97,21.96999999999999
44.0,44.0
125.0,125.0
100.0,100.0
24.97,24.969999999999974
55.0,55.0
130.0,130.0
55.0,55.0
65.0,65.0
45.0,45.0
120.99,120.99000000000038
145.0,145.0
182.99,182.99000000000007
65.97,65.97000000000004
106.97,106.9700000000004
105.0,105.0
125.0,125.0
190.0,190.0
123.97,123.96999999999984
40.0,40.0
85.0,85.0
105.0,105.0
147.99,147.9899999999999
41.97,41.96999999999989
160.0,160.0
40.0,40.0
58.97,58.9700000000001
37.0,37.0
50.0,50.0
110.0,110.0
142.97,142.96999999999977
115.0,115.0
60.0,60.0
75.0,75.0
85.0,85.0
80.0,80.0
75.0,75.0
80.0,80.0
57.0,57.0
85.0,85.0
175.0,175.0
120.0,120.0
130.0,130.0
80.0,80.0
45.0,45.0
105.0,105.0
35.0,35.0
48.0,48.0
130.0,130.0
120.99,120.99000000000038
65.0,65.0
130.0,130.0
30.97,30.95999999999995
135.0,135.0
65.0,65.0
65.0,65.0
100.0,100.0
120.0,120.0
35.0,35.0
70.0,70.0
100.0,100.0
120.0,120.0
68.0,68.0
35.0,35.0
95.0,95.0
90.0,90.0
135.0,135.0
130.0,130.0
36.97,36.96999999999992
160.0,160.0
165.0,165.0
157.97,157.96999999999971
165.0,165.0
39.97,39.969999999999914
25.0,25.0
155.0,155.0
55.0,55.0
120.0,120.0
40.0,40.0
100.0,100.0
55.0,55.0
110.0,110.0
180.0,180.0
123.97,123.96999999999984
78.0,78.0
155.0,155.0
80.0,80.0
225.0,225.0
125.0,125.0
95.0,95.0
65.0,65.0
28.97,28.979999999999958
90.0,90.0
113.97,113.96999999999987
85.0,85.0
75.0,75.0
85.97,85.97000000000007
28.0,28.0
58.97,58.97000000000002
180.0,180.0
100.0,100.0
65.0,65.0
130.0,130.0
55.0,55.0
175.0,175.0
85.0,85.0
175.0,175.0
75.0,75.0
90.0,90.0
100.0,100.0
170.0,170.0
36.0,36.0
45.0,45.0
31.97,31.969999999999896
65.0,65.0
50.0,50.0
56.97,56.35000000000001
105.0,105.0
85.0,85.0
85.0,85.0
164.99,164.98999999999992
55.0,55.0
395.0,395.0
40.0,40.0
137.97,137.96999999999977
80.0,80.0
37.0,37.0
105.0,105.0
30.97,30.96999999999995
32.0,32.0
150.0,150.0
100.0,100.0
135.0,135.0
68.0,68.0
55.0,55.0
75.0,75.0
75.97,75.97000000000004
44.97,44.96999999999991
90.0,90.0
190.0,190.0
45.0,45.0
150.0,150.0
42.0,42.0
85.97,85.97000000000007
80.0,80.0
135.0,135.0
80.0,80.0
40.0,40.0
95.0,95.0
185.0,185.0
125.0,125.0
80.0,80.0
58.0,58.0
14.97,15.050000000000022
37.97,37.969999999999885
105.0,105.0
51.97,51.969999999999985
60.0,60.0
175.0,175.0
32.0,32.0
68.97,68.97000000000004
28.97,28.969999999999946
45.0,45.0
205.0,205.0
90.0,90.0
95.0,95.0
64.0,64.0
69.97,69.97000000000003
200.0,200.0
89.97,89.97
75.0,75.0
90.0,90.0
235.0,235.0
51.97,51.969999999999985
200.0,200.0
36.0,36.0
32.0,32.0
270.0,270.0
64.0,64.0
180.0,180.0
115.0,115.0
116.97,116.96999999999987
120.99,120.99000000000038
80.0,80.0
55.97,55.97
190.0,190.0
175.0,175.0
140.99,140.98999999999984
310.0,310.0
85.0,85.0
144.97,144.96999999999977
210.0,210.0
80.0,80.0
125.0,125.0
55.0,55.0
47.0,47.0
100.0,100.0
78.97,78.97000000000007
65.0,65.0
80.0,80.0
55.0,55.0
25.0,25.0
103.97,103.96999999999993
130.0,130.0
85.97,85.97000000000007
75.0,75.0
340.0,340.0
80.0,80.0
54.0,54.0
210.0,210.0
185.0,185.0
80.0,80.0
80.0,80.0
54.97,54.96
100.0,100.0
105.97,105.96999999999991
45.97,45.96999999999994
70.0,70.0
28.97,28.969999999999956
85.0,85.0
120.99,120.99000000000038
120.99,120.99000000000038
119.0,118.99
120.99,120.99000000000038
125.0,125.0
155.0,155.0
105.0,105.0
24.0,24.0
36.0,36.0
165.0,165.0
53.0,52.9194
170.0,170.0
35.0,35.0
75.0,75.0
225.0,225.0
60.0,60.0
140.99,140.98999999999984
105.0,105.0
147.99,147.9899999999999
75.0,75.0
75.0,75.0
190.0,190.0
120.99,120.99000000000038
26.97,26.969999999999967
110.0,110.0
62.97,62.970000000000006
85.0,85.0
105.0,105.0
190.0,190.0
100.0,100.0
210.0,210.0
100.0,100.0
142.97,142.96999999999977
58.97,58.9700000000001
95.0,95.0
99.97,99.96999999999994
47.0,47.0
210.0,210.0
210.0,210.0
95.0,95.0
30.97,30.96999999999995
45.0,45.0
350.0,350.0
255.0,255.0
35.97,35.96999999999991
190.0,190.0
160.0,160.0
42.0,42.0
135.0,135.0
120.99,120.99000000000038
85.0,85.0
41.97,41.96999999999989
44.97,44.969999999999935
75.0,75.0
135.0,135.0
64.0,64.0
105.0,105.0
260.0,260.0
26.97,26.969999999999967
80.0,80.0
264.99,265.0698000000005
75.0,75.0
55.0,55.0
35.0,35.0
51.97,51.969999999999985
56.97,57.02000000000001
85.0,85.0
125.0,125.0
35.0,35.0
44.97,44.969999999999935
29.97,29.969999999999956
130.0,130.0
115.0,115.0
48.97,48.96999999999994
26.0,26.0
130.0,130.0
25.0,25.0
44.0,44.0
200.0,200.0
147.99,147.9899999999999
68.0,68.0
200.0,200.0
125.0,125.0
210.0,210.0
115.0,115.0
30.0,30.0
85.97,85.97000000000007
22.0,22.0
45.0,45.0
165.0,165.0
80.0,80.0
58.97,58.9700000000001
150.0,150.0
50.0,50.0
260.0,260.0
210.0,210.0
175.0,175.0
150.0,150.0
40.0,40.0
70.0,70.0
48.0,48.0
35.0,35.0
120.99,120.99000000000038
130.0,130.0
210.0,210.0
70.0,70.0
35.0,35.0
140.0,140.0
95.0,95.0
42.0,42.0
260.0,260.0
210.0,210.0
75.0,75.0
171.99,171.9899999999999
75.0,75.0
42.0,42.0
120.99,120.99000000000038
210.0,210.0
140.0,140.0
135.0,135.0
90.0,90.0
100.0,100.0
65.0,65.0
45.0,45.0
78.0,78.0
130.0,130.0
65.0,65.0
80.0,80.0
170.0,170.0
150.0,150.0
64.0,64.0
58.0,58.0
175.0,175.0
65.0,65.0
48.0,48.0
150.0,150.0
47.0,47.0
170.0,170.0
125.0,125.0
65.97,65.97000000000004
55.0,55.0
240.0,240.0
170.0,170.0
35.0,35.0
45.0,45.0
110.0,110.0
106.97,106.9700000000004
81.97,82.13000000000007
170.0,170.0
185.0,185.0
39.97,39.959999999999916
26.97,26.969999999999967
120.0,120.0
125.0,125.0
125.0,125.0
85.0,85.0
72.97,72.97000000000006
48.0,48.0
68.0,68.0
137.97,137.96999999999977
295.0,295.0
175.0,175.0
50.0,50.0
200.0,200.0
35.0,35.0
31.97,31.969999999999896
150.0,150.0
45.0,45.0
105.0,105.0
24.97,24.969999999999974
100.0,100.0
61.97,61.97000000000003
120.99,120.99000000000038
125.0,125.0
32.0,32.0
105.0,105.0
70.0,70.0
145.0,145.0
25.0,25.0
90.0,90.0
35.97,35.96999999999991
50.0,50.0
58.0,58.0
126.97,126.96999999999981
70.0,70.0
95.0,95.0
55.0,55.0
160.0,160.0
69.97,69.97000000000003
165.0,165.0
60.0,60.0
140.0,140.0
100.0,100.0
85.0,85.0
145.0,145.0
75.0,75.0
70.0,70.0
55.0,55.0
35.97,35.96999999999991
51.97,51.969999999999985
50.0,50.0
125.0,125.0
32.0,32.0
64.0,64.0
40.0,40.0
235.0,235.0
51.97,51.969999999999985
70.97,70.97000000000006
95.0,95.0
50.0,50.0
190.0,190.0
260.0,260.0
35.97,35.96999999999993
40.0,40.0
105.0,105.0
50.0,50.0
100.0,100.0
100.0,100.0
135.0,135.0
200.0,200.0
130.0,130.0
85.0,85.0
260.0,260.0
120.0,120.0
350.0,350.0
90.0,90.0
32.0,32.0
29.97,29.969999999999956
68.0,68.0
180.0,180.0
100.0,100.0
175.0,175.0
60.0,60.0
235.0,235.0
175.0,175.0
70.0,70.0
245.0,245.0
100.0,100.0
40.0,40.0
50.0,50.0
140.0,140.0
150.0,150.0
69.97,69.97000000000003
80.0,80.0
42.0,42.0
90.0,90.0
135.0,135.0
150.0,150.0
90.0,90.0
100.0,100.0
125.0,125.0
157.97,157.96999999999971
50.0,50.0
80.0,80.0
80.0,80.0
105.97,105.96999999999991
64.0,64.0
45.0,45.0
68.0,68.0
85.97,85.97000000000007
125.0,125.0
130.0,130.0
185.0,185.0
110.0,110.0
55.0,55.0
225.0,225.0
210.0,210.0
40.0,40.0
100.0,100.0
168.99,168.9899999999999
30.0,30.0
200.0,200.0
160.0,160.0
165.0,165.0
50.0,50.0
140.0,140.0
200.0,200.0
41.97,41.96999999999989
48.0,48.0
85.0,85.0
45.0,45.0
115.0,115.0
75.0,75.0
30.0,30.0
165.0,165.0
210.0,210.0
45.0,45.0
150.0,150.0
55.0,55.0
40.0,40.0
37.97,37.969999999999885
260.0,260.0
120.0,120.0
380.0,380.0
95.0,95.0
51.97,51.969999999999985
170.0,170.0
250.97,250.97000000000023
40.0,40.0
230.0,230.0
115.0,115.0
165.0,165.0
90.0,90.0
125.0,125.0
115.0,115.0
157.99,157.9899999999998
152.0,152.0
450.0,450.2
190.0,190.0
123.97,123.96999999999984
95.0,95.0
24.0,24.0
125.0,125.0
113.97,113.96999999999987
100.0,100.0
100.0,100.0
38.0,38.0
38.97,38.969999999999914
100.0,100.0
47.97,47.859999999999964
130.0,130.0
225.0,225.0
75.0,75.0
48.97,48.96999999999996
160.0,160.0
95.0,95.0
100.0,100.0
245.0,245.0
85.97,85.97000000000007
100.0,100.0
130.0,130.0
65.0,65.0
40.0,40.0
100.0,100.0
160.0,160.0
155.0,155.0
110.97,110.96999999999989
145.0,145.0
90.0,90.0
256.97,256.9700000000003
90.0,90.0
245.0,245.0
145.0,145.0
75.0,75.0
120.0,120.0
75.97,75.97000000000006
175.0,175.0
50.0,50.0
56.97,56.970000000000006
14.0,13.99
45.0,45.0
65.0,65.0
62.97,62.97
65.0,65.0
75.97,75.97000000000006
150.0,150.0
40.0,40.0
65.0,65.0
100.97,100.96999999999994
100.0,100.0
65.97,65.97000000000001
165.0,165.0
94.97,94.96999999999998
125.0,125.0
130.0,130.0
450.0,450.1
85.0,85.0
58.0,58.0
235.0,235.0
200.0,200.0
130.0,130.0
210.0,210.0
45.0,45.0
80.0,80.0
100.0,100.0
50.0,50.0
165.0,165.0
155.0,155.0
105.0,105.0
100.0,100.0
24.5,24.4947
68.0,68.0
160.97,160.96999999999971
190.0,190.0
125.0,125.0
75.0,75.0
68.0,68.0
39.97,39.969999999999914
135.0,135.0
123.97,123.96999999999984
120.0,120.0
90.0,90.0
85.0,85.0
80.0,80.0
116.97,116.96999999999987
110.0,110.0
48.97,48.96999999999994
28.97,28.969999999999956
116.97,116.96999999999986
80.0,80.0
35.0,35.0
110.0,110.0
175.0,175.0
120.99,120.99000000000038
64.0,64.0
90.0,90.0
90.0,90.0
60.0,60.0
110.0,110.0
90.0,90.0
40.0,40.0
330.0,330.0
190.0,190.0
164.99,164.98999999999992
55.97,55.97
24.97,24.969999999999985
49.97,49.96999999999997
45.0,45.0
64.0,64.0
60.0,60.0
165.0,165.0
200.0,200.0
170.0,170.0
80.0,80.0
60.0,60.0
51.97,51.969999999999985
100.0,100.0
80.0,80.0
85.0,85.0
32.0,32.0
340.0,340.0
105.0,105.0
120.0,120.0
160.0,160.0
130.0,130.0
155.0,155.0
120.0,120.0
45.0,45.0
115.0,115.0
88.97,88.97000000000001
137.97,137.9199999999998
30.0,30.0
12.97,12.840000000000021
128.0,128.0
43.97,43.969999999999935
150.0,150.0
46.97,46.92999999999996
64.0,64.0
41.97,41.96999999999992
95.0,95.0
75.0,75.0
195.0,195.0
80.0,80.0
82.97,82.97000000000006
40.0,40.0
76.97,76.97000000000007
137.97,137.93079999999978
100.0,100.0
180.0,180.0
55.0,55.0
150.0,150.0
60.0,60.0
80.0,80.0
60.97,60.97000000000002
115.0,115.0
75.0,75.0
55.0,55.0
37.0,37.0
150.0,150.0
96.97,96.96999999999997
85.0,85.0
180.0,180.0
130.0,130.0
147.99,147.9899999999999
70.0,70.0
165.0,165.0
55.0,55.0
80.0,80.0
90.0,90.0
120.0,120.0
145.0,145.0
120.0,120.0
80.0,80.0
62.97,62.97
120.99,120.98999999999982
55.97,55.97
48.0,48.0
84.0,84.0
45.0,45.0
130.0,130.0
155.0,155.0
95.0,95.0
91.97,91.97
100.0,100.0
52.97,52.97999999999999
260.0,260.0
100.0,100.0
120.0,120.0
115.0,115.0
130.0,130.0
70.0,70.0
103.97,103.96999999999993
120.0,120.0
24.97,25.00999999999998
28.0,28.0
110.0,110.0
100.0,100.0
100.0,100.0
37.97,37.969999999999885
130.0,130.0
95.0,95.0
55.0,55.0
225.0,225.0
37.97,37.969999999999885
45.0,45.0
98.0,98.0
60.97,60.97000000000002
75.0,75.0
26.97,26.969999999999967
120.0,120.0
106.97,106.9700000000004
75.0,75.0
69.97,69.97000000000003
190.0,190.0
60.0,60.0
170.0,170.0
35.0,35.0
66.97,66.97000000000006
48.0,48.0
65.0,65.0
175.0,175.0
147.99,147.9899999999999
120.0,120.0
80.0,80.0
26.97,26.969999999999967
35.97,35.96999999999991
37.97,37.969999999999885
55.0,55.0
30.0,30.0
95.0,95.0
50.0,50.0
50.0,50.0
210.0,210.0
140.0,140.0
210.0,210.0
210.0,210.0
44.0,44.0
24.0,24.0
100.0,100.0
98.0,98.0
55.0,55.0
245.0,245.0
85.97,85.97000000000007
40.0,40.0
102.97,102.94999999999993
135.0,135.0
165.0,165.0
65.0,65.0
95.0,95.0
65.0,65.0
110.0,110.0
55.0,55.0
68.0,68.0
130.0,130.0
56.97,56.970000000000006
135.0,135.0
190.0,190.0
89.97,89.97
85.0,85.0
37.0,37.0
155.0,155.0
80.0,80.0
45.0,45.0
45.0,45.0
42.0,42.0
100.0,100.0
150.0,150.0
225.0,225.0
40.0,40.0
36.97,37.21999999999992
36.0,36.0
135.0,135.0
350.0,350.2
42.0,42.0
85.0,85.0
58.0,58.0
82.97,82.97000000000006
45.0,45.0
170.0,170.0
150.0,150.0
55.97,55.97
90.0,90.0
105.0,105.0
270.0,270.0
360.0,360.0
120.0,120.0
22.97,22.8406
35.0,35.0
25.97,26.029999999999973
31.97,31.969999999999903
160.0,160.0
55.0,55.0
160.0,160.0
185.0,185.0
55.0,55.0
95.0,95.0
75.0,75.0
85.0,85.0
225.0,225.0
100.0,100.0
245.0,245.0
64.0,64.0
135.0,135.0
75.97,75.97000000000004
80.0,80.0
98.97,98.99999999999994
125.0,125.0
165.0,165.0
37.97,37.969999999999885
70.0,70.0
45.0,45.0
82.97,82.97000000000006
147.99,147.9899999999999
70.0,70.0
22.97,22.95
100.0,100.0
155.0,155.0
130.97,130.9699999999998
170.0,170.0
75.0,75.0
190.0,190.0
235.0,235.0
155.0,155.0
37.0,37.0
135.0,135.0
165.0,165.0
60.0,60.0
147.99,147.9899999999999
29.97,29.969999999999956
175.0,175.0
105.0,105.0
125.0,125.0
133.99,133.98999999999998
85.0,85.0
190.0,190.0
200.0,200.0
80.0,80.0
85.0,85.0
200.0,200.0
40.0,40.0
225.0,225.0
240.0,240.0
80.0,80.0
150.0,150.0
170.0,170.0
150.0,150.0
43.97,43.91999999999994
235.0,235.0
85.0,85.0
140.0,140.0
51.97,51.969999999999985
32.0,32.0
40.0,40.0
55.0,55.0
51.97,51.969999999999985
120.0,120.0
55.0,55.0
165.0,165.0
35.97,35.96999999999991
135.0,135.0
157.99,157.9899999999998
30.0,30.0
155.0,155.0
32.97,32.97999999999994
50.0,50.0
140.0,140.0
110.0,110.0
65.0,65.0
49.97,49.989999999999974
47.0,47.0
115.0,115.0
105.0,105.0
125.0,125.0
150.0,150.0
133.99,133.98999999999998
85.0,85.0
65.97,65.97000000000001
150.0,150.0
75.0,75.0
35.0,35.0
45.0,45.0
64.0,64.0
35.97,35.96999999999991
175.0,175.0
120.99,120.99000000000038
130.0,130.0
85.0,85.0
95.0,95.0
95.0,95.0
100.97,100.96999999999993
55.0,55.0
95.0,95.0
125.0,125.0
95.0,95.0
75.0,75.0
55.0,55.0
28.0,28.0
29.97,29.969999999999956
100.0,100.0
22.5,22.4941
116.97,116.96999999999987
100.0,100.0
50.0,50.0
47.0,47.0
130.0,130.0
140.0,140.0
63.97,63.970000000000034
120.99,120.99000000000038
175.0,175.0
100.0,100.0
95.0,95.0
225.0,225.0
90.0,90.0
48.97,48.96999999999994
90.0,90.0
150.0,150.0
28.97,28.969999999999956
85.0,85.0
260.0,260.0
85.0,85.0
68.0,68.0
120.0,120.0
170.0,170.0
175.0,175.0
106.97,106.9700000000004
151.97,151.96999999999974
42.0,42.0
80.0,80.0
117.0,116.95
80.0,80.0
135.0,135.0
105.0,105.0
32.97,32.959999999999944
125.0,125.0
40.0,40.0
305.0,305.0
110.0,110.0
70.0,70.0
77.0,77.0
115.0,115.0
115.0,115.0
140.0,140.0
42.0,42.0
147.99,147.9899999999999
31.97,31.969999999999896
82.0,82.0
125.0,125.0
80.0,80.0
50.0,50.0
70.0,70.0
140.0,140.0
175.0,175.0
150.0,150.0
40.0,40.0
135.0,135.0
35.97,35.96999999999993
80.0,80.0
120.0,120.0
170.0,170.0
275.0,275.0
92.97,92.97
40.0,40.0
41.97,41.96999999999989
110.0,110.0
155.0,155.0
125.0,125.0
70.0,70.0
51.97,51.969999999999985
150.0,150.0
260.0,260.0
45.0,45.0
160.0,160.0
60.0,60.0
140.0,140.0
106.97,106.9700000000004
165.0,165.0
92.97,92.97
125.0,125.0
40.0,40.0
100.0,100.0
165.0,165.0
33.97,33.969999999999935
105.0,105.0
60.0,60.0
120.99,120.99000000000038
170.0,170.0
49.97,49.95999999999997
147.99,147.9899999999999
35.97,35.96999999999991
140.0,140.0
90.0,90.0
96.97,96.96999999999997
25.97,25.969999999999963
45.0,45.0
115.0,115.0
120.0,120.0
44.97,44.96999999999991
125.0,125.0
70.0,70.0
55.0,55.0
80.0,80.0
235.0,235.0
80.0,80.0
70.0,70.0
32.97,32.96999999999994
330.0,330.0
51.97,51.969999999999985
80.0,80.0
37.0,37.0
80.0,80.0
90.0,90.0
100.0,100.0
106.97,106.9700000000004
100.0,100.0
100.0,100.0
75.0,75.0
102.0,102.0
130.0,130.0
100.0,100.0
125.0,125.0
120.0,120.0
45.0,45.0
85.0,85.0
185.0,185.0
68.97,68.97000000000004
120.99,120.99000000000038
180.0,180.0
31.97,31.969999999999896
135.0,135.0
70.0,70.0
110.0,110.0
35.97,35.979999999999926
210.0,210.0
75.0,75.0
45.0,45.0
150.0,150.0
60.0,60.0
180.0,180.0
260.0,260.0
155.0,155.0
126.99,126.9899999999998
122.99,122.9899999999998
70.0,70.0
160.0,160.0
58.0,58.0
60.0,60.0
30.0,30.0
210.0,210.0
150.0,150.0
135.0,135.0
90.0,90.0
115.0,115.0
45.0,45.0
157.99,157.9899999999998
61.97,61.97000000000003
90.0,90.0
120.0,120.0
80.0,80.0
70.97,70.90000000000005
37.0,37.0
55.0,55.0
175.0,175.0
70.0,70.0
42.0,42.0
225.0,225.0
210.0,210.0
97.97,97.96999999999997
62.97,62.970000000000006
42.0,42.0
74.97,74.97000000000006
100.0,100.0
125.0,125.0
40.0,40.0
210.0,210.0
150.0,150.0
38.0,38.0
130.0,130.0
77.97,77.98000000000008
210.0,210.0
39.97,39.969999999999914
28.97,28.969999999999956
115.0,115.0
65.0,65.0
68.0,68.0
50.0,50.0
105.0,105.0
80.0,80.0
115.0,115.0
105.0,105.0
120.99,120.99000000000038
90.0,90.0
48.0,48.0
50.0,50.0
100.0,100.0
100.0,100.0
120.0,120.0
68.0,68.0
85.0,85.0
106.97,106.9700000000004
90.0,90.0
28.0,28.0
110.0,110.0
205.0,205.0
85.0,85.0
21.97,21.96999999999999
31.97,31.969999999999896
120.0,120.0
330.0,330.0
85.0,85.0
140.0,140.0
108.0,108.0
122.99,122.9899999999998
100.0,100.0
96.97,96.96999999999997
70.0,70.0
190.0,190.0
145.0,145.0
235.0,235.0
40.0,40.0
130.0,130.0
120.99,120.99000000000038
76.97,76.97000000000007
165.0,165.0
60.0,60.0
128.0,128.0
55.0,55.0
100.0,100.0
53.0,53.0
100.0,100.0
295.0,295.0
85.0,85.0
135.0,135.0
270.0,270.0
58.0,58.0
40.0,40.0
30.0,30.0
75.0,75.0
89.97,89.97
85.0,85.0
20.0,20.0
28.97,28.969999999999956
200.0,200.0
110.0,110.0
285.0,285.0
90.0,90.0
40.0,40.0
32.97,32.96999999999994
150.0,150.0
62.97,62.970000000000006
225.0,225.0
230.0,230.0
145.0,145.0
145.0,145.0
225.0,225.0
130.0,130.0
45.0,45.0
170.0,170.0
67.0,67.0
120.0,120.0
128.0,128.0
115.0,115.0
100.0,100.0
47.5,47.5
100.0,100.0
120.99,120.99000000000038
65.0,65.0
24.97,24.969999999999974
55.0,55.0
120.0,120.0
150.0,150.0
75.0,75.0
115.0,115.0
35.97,35.96999999999991
69.97,69.97000000000003
145.0,145.0
30.0,30.0
200.0,200.0
80.0,80.0
36.97,36.96999999999992
92.97,92.97
65.0,65.0
70.0,70.0
64.0,64.0
375.0,375.0
125.0,125.0
120.0,120.0
130.0,130.0
65.0,65.0
235.0,235.0
85.0,85.0
156.97,156.96999999999971
95.0,95.0
220.0,220.0
40.0,40.0
90.0,90.0
115.0,115.0
92.97,92.97
75.0,75.0
375.0,375.0
175.0,175.0
115.0,115.0
90.0,90.0
155.0,155.0
12.97,12.88000000000002
170.0,170.0
95.0,95.0
55.0,55.0
160.0,160.0
140.0,140.0
44.97,44.96999999999991
64.0,64.0
78.0,78.0
90.0,90.0
37.0,37.0
82.0,82.0
175.0,175.0
28.0,28.0
35.0,35.0
35.97,35.96999999999991
45.0,45.0
51.97,51.969999999999985
32.0,32.0
75.0,75.0
210.0,210.0
100.0,100.0
180.0,180.0
160.0,160.0
60.0,60.0
75.0,75.0
50.0,50.0
65.0,65.0
70.0,70.0
160.97,160.96999999999971
41.97,41.96999999999989
225.0,225.0
175.0,175.0
170.0,170.0
175.0,175.0
65.0,65.0
74.97,74.97000000000006
200.0,200.0
46.0,46.0
235.0,235.0
113.97,113.96999999999987
115.0,115.0
75.97,75.97000000000004
130.0,130.0
60.0,60.0
45.0,45.0
45.0,45.0
75.0,75.0
210.0,210.0
100.0,100.0
85.0,85.0
65.0,65.0
110.0,110.0
120.0,120.0
42.0,42.0
82.97,82.97000000000006
50.0,50.0
145.0,145.0
75.0,75.0
95.0,95.0
142.97,142.96999999999977
135.0,135.0
90.0,90.0
85.0,85.0
35.97,35.96999999999991
180.0,180.0
135.0,135.0
85.0,85.0
100.0,100.0
115.0,115.0
170.0,170.0
160.0,160.0
155.0,155.0
28.0,28.0
94.97,94.96999999999998
200.0,200.0
70.0,70.0
98.97,98.99999999999994
65.0,65.0
45.0,45.0
120.0,120.0
74.97,74.97000000000006
56.0,56.0
140.0,140.0
130.0,130.0
58.97,58.9700000000001
85.97,85.97000000000007
150.0,150.0
22.97,22.845299999999998
45.0,45.0
54.5,54.5
35.0,35.0
32.0,32.0
76.97,76.97000000000007
42.0,42.0
100.0,100.0
180.0,180.0
89.97,89.97
45.0,45.0
170.0,170.0
270.0,270.0
110.0,110.0
102.0,102.0
126.99,126.9899999999998
70.0,70.0
25.97,25.969999999999963
110.0,110.0
35.0,35.0
35.0,35.0
54.5,54.465
110.0,110.0
235.0,235.0
35.0,35.0
90.0,90.0
80.0,80.0
210.0,210.0
75.0,75.0
80.0,80.0
42.0,42.0
168.0,168.77
125.0,125.0
140.0,140.0
28.97,28.969999999999956
95.0,95.0
85.0,85.0
65.0,65.0
31.97,31.969999999999896
105.0,105.0
75.0,75.0
95.0,95.0
75.97,75.88000000000007
115.0,115.0
75.0,75.0
145.0,145.0
65.97,65.97000000000001
80.0,80.0
125.0,125.0
50.0,50.0
105.0,105.0
27.0,27.0
28.97,28.969999999999956
65.0,65.0
105.0,105.0
82.0,82.0
285.0,285.0
80.0,80.0
142.97,142.96999999999977
48.0,48.0
65.0,65.0
80.97,80.97000000000007
130.0,130.0
125.0,125.0
215.0,215.0
32.0,32.0
45.0,45.0
85.0,85.0
110.0,110.0
375.0,375.0
100.0,100.0
70.0,70.0
70.0,70.0
75.0,75.0
42.0,42.0
34.0,34.0
85.0,85.0
34.0,34.0
24.97,24.969999999999967
63.97,63.970000000000034
61.97,61.97000000000003
115.0,115.0
200.0,200.0
68.0,68.0
86.97,86.97000000000004
42.0,42.0
190.0,190.0
95.0,95.0
80.0,80.0
160.0,160.0
55.0,55.0
35.0,35.0
170.0,170.0
245.0,245.0
41.97,41.96999999999989
90.0,90.0
42.0,42.0
70.0,70.0
62.97,62.970000000000006
51.97,51.969999999999985
45.0,45.0
235.0,235.0
100.0,100.0
325.0,325.0
80.0,80.0
62.97,62.970000000000006
35.0,35.0
75.0,75.0
37.0,37.0
160.0,160.0
157.99,157.9899999999998
40.0,40.0
94.97,94.96999999999998
245.0,245.0
55.0,55.0
65.0,65.0
82.97,82.97000000000006
50.0,50.0
45.0,45.0
105.0,105.0
120.99,120.99000000000038
180.0,180.0
360.0,360.0
130.0,130.0
80.0,80.0
48.97,48.96999999999994
78.97,78.97000000000007
65.0,65.0
45.0,45.0
48.97,48.96999999999994
92.97,92.97
40.0,40.0
55.0,55.0
61.97,61.97000000000003
240.0,240.0
120.99,120.99000000000038
45.0,45.0
210.0,210.0
48.0,48.0
37.97,37.969999999999885
75.0,75.0
140.0,140.0
122.97,122.96999999999984
165.0,165.0
130.0,130.0
95.0,95.0
110.0,110.0
66.97,66.97000000000006
190.0,190.0
73.97,73.97000000000007
45.0,45.0
110.0,110.0
85.0,85.0
31.97,31.9699999999999
210.0,210.0
155.0,155.0
190.0,190.0
200.0,200.0
165.0,165.0
100.0,100.0
80.0,80.0
55.0,55.0
100.0,100.0
120.0,120.0
106.97,106.9700000000004
135.0,135.0
135.0,135.0
75.0,75.0
100.0,100.0
90.0,90.0
145.0,145.0
120.0,120.0
85.0,85.0
40.0,40.0
160.0,160.0
55.0,55.0
45.0,45.0
108.97,108.96999999999991
175.0,175.0
115.0,115.0
80.0,80.0
74.97,74.97000000000006
125.0,125.0
55.0,55.0
95.0,95.0
68.0,68.0
200.0,200.0
115.0,115.0
37.0,37.0
28.0,28.0
35.0,35.0
130.0,130.0
136.97,136.9699999999998
95.0,95.0
55.0,55.0
106.97,106.9700000000004
70.0,70.0
170.0,170.0
50.0,50.0
35.97,35.96999999999991
39.97,39.73999999999992
100.0,100.0
80.0,80.0
37.97,37.969999999999885
340.0,340.0
80.0,80.0
250.0,250.0
55.0,55.0
355.0,355.0
165.0,165.0
60.0,60.0
28.97,28.969999999999956
95.0,95.0
145.0,145.0
55.0,55.0
75.0,75.0
133.99,133.98999999999998
75.97,75.97000000000004
375.0,375.0
60.0,60.0
85.97,85.97000000000007
170.0,170.0
175.0,175.0
50.0,50.0
42.0,42.0
45.0,45.0
245.0,245.0
85.97,85.97000000000007
35.0,35.0
155.0,155.0
35.97,35.96999999999991
75.0,75.0
170.0,170.0
125.0,125.0
80.0,80.0
175.0,175.0
95.0,95.0
120.99,120.99000000000038
56.97,56.970000000000006
100.0,100.0
58.97,58.9700000000001
100.0,100.0
115.0,115.0
137.97,137.93079999999978
50.0,50.0
175.0,175.0
95.0,95.0
105.0,105.0
20.97,20.970000000000017
55.0,55.0
190.0,190.0
245.0,245.0
31.97,31.969999999999896
175.0,175.0
76.97,76.97000000000007
200.0,200.0
85.0,85.0
65.0,65.0
125.0,125.0
31.97,31.969999999999896
88.0,88.0
44.97,44.969999999999935
28.0,28.0
75.0,75.0
44.97,44.969999999999935
125.0,125.0
330.0,330.0
165.0,165.0
68.97,68.97000000000004
137.97,137.96999999999977
70.0,70.0
40.0,40.0
270.0,270.0
61.97,62.050000000000026
230.0,230.0
45.0,45.0
110.0,110.0
80.0,80.0
235.0,235.0
60.97,60.97000000000002
37.0,37.0
48.0,48.0
97.97,97.96999999999997
31.97,31.929999999999946
74.97,74.97000000000007
80.0,80.0
92.97,92.97
44.97,44.969999999999935
235.0,235.0
55.0,55.0
145.0,145.0
115.0,115.0
105.0,105.0
50.0,50.0
130.0,130.0
30.0,30.0
105.0,105.0
155.0,155.0
28.0,28.0
120.0,120.0
49.97,49.96999999999997
65.0,65.0
55.0,55.0
40.0,40.0
45.0,45.0
85.97,85.97000000000007
62.97,62.97
45.0,45.0
95.0,95.0
180.0,180.0
180.0,180.0
157.99,157.9899999999998
90.0,90.0
125.0,125.0
37.97,37.96999999999992
80.0,80.0
190.0,190.0
120.0,120.0
140.0,140.0
90.0,90.0
80.0,80.0
31.97,31.969999999999896
42.0,42.0
115.0,115.0
210.0,210.0
90.0,90.0
55.0,55.0
65.0,65.0
95.0,95.0
35.0,35.0
47.97,47.96999999999996
120.0,120.0
110.0,110.0
145.0,145.0
65.0,65.0
140.0,140.0
55.0,55.0
89.97,89.97
37.0,37.0
42.0,42.0
150.0,150.0
51.97,51.969999999999985
215.0,215.0
64.0,64.0
150.0,150.0
47.0,47.0
70.0,70.0
185.0,185.0
75.97,75.97000000000006
175.0,175.0
76.97,76.97000000000007
80.0,80.0
230.0,230.0
85.0,85.0
126.99,126.9899999999998
270.0,270.0
290.0,290.0
50.0,50.0
106.97,106.9700000000004
140.0,140.0
75.0,75.0
130.0,130.0
150.0,150.0
125.0,125.0
140.0,140.0
35.0,35.0
45.0,45.0
70.97,70.97000000000006
65.0,65.0
175.0,175.0
55.0,55.0
135.0,135.0
150.0,150.0
80.0,80.0
100.0,100.0
150.0,150.0
45.0,45.0
47.0,47.0
80.0,80.0
31.97,31.969999999999896
21.97,21.969999999999995
65.97,65.97000000000001
175.0,175.0
60.97,60.97000000000002
90.0,90.0
350.0,350.0
190.0,190.0
85.0,85.0
100.0,100.0
50.0,50.0
95.0,95.0
170.0,170.0
210.0,210.0
115.0,115.0
90.0,90.0
125.0,125.0
42.0,42.0
175.0,175.0
55.97,55.97
42.97,42.96999999999993
95.0,95.0
55.0,55.0
95.0,95.0
45.0,45.0
150.0,150.0
100.0,100.0
55.0,55.0
120.0,120.0
58.97,58.9700000000001
65.0,65.0
68.0,68.0
130.0,130.0
95.0,95.0
180.0,180.0
80.0,80.0
75.0,75.0
90.0,90.0
37.0,37.0
35.0,35.0
100.0,100.0
20.0,20.0
58.97,58.9700000000001
45.0,45.0
35.0,35.0
85.0,85.0
75.0,75.0
40.0,40.0
64.0,64.0
70.0,70.0
65.0,65.0
70.0,70.0
85.0,85.0
65.0,65.0
35.97,35.96999999999991
85.0,85.0
58.0,58.0
45.0,45.0
82.97,82.97000000000007
380.0,380.0
60.0,60.0
85.0,85.0
115.0,115.0
120.99,120.99000000000038
235.0,235.0
115.0,115.0
45.0,45.0
165.0,165.0
50.0,50.0
115.0,115.0
32.0,32.0
110.0,110.0
50.0,50.0
96.97,96.92999999999996
152.97,152.96999999999974
45.0,45.0
44.97,44.96999999999991
175.0,175.0
140.0,140.0
210.0,210.0
215.0,215.0
98.97,98.99999999999994
235.0,235.0
130.0,130.0
80.0,80.0
170.0,170.0
126.99,126.9899999999998
40.0,40.0
80.97,80.97000000000008
245.0,245.0
65.97,65.97000000000004
48.97,48.96999999999994
95.0,95.0
77.0,77.0
40.0,40.0
80.0,80.0
125.0,125.0
120.99,120.99000000000038
39.97,39.969999999999914
90.0,90.0
330.0,330.0
130.0,130.0
90.0,90.0
77.0,77.0
78.97,78.97000000000007
18.97,19.00000000000002
70.0,70.0
74.0,74.0
175.0,175.0
51.97,51.969999999999985
100.0,100.0
100.0,100.0
90.0,90.0
189.99,189.99000000000007
60.0,60.0
164.99,164.98999999999992
95.0,95.0
90.0,90.0
23.97,23.949999999999992
41.97,41.96999999999989
33.97,33.98999999999994
32.0,32.0
100.0,100.0
165.0,165.0
35.97,35.96999999999991
35.0,35.0
350.0,350.0
55.0,55.0
140.0,140.0
85.0,85.0
54.0,54.0
160.0,160.0
42.0,42.0
75.97,75.97000000000004
100.0,100.0
100.0,100.0
80.0,80.0
79.0,79.0
375.0,375.0
100.0,100.0
65.97,65.97000000000004
147.99,147.9899999999999
165.0,165.0
100.0,100.0
330.0,330.0
75.0,75.0
37.0,37.0
36.97,36.96999999999992
55.0,55.0
260.0,260.0
80.0,80.0
145.0,145.0
62.97,62.97
175.0,175.0
150.0,150.0
65.0,65.0
125.0,125.0
80.0,80.0
36.0,36.0
115.0,115.0
160.0,160.0
75.0,75.0
125.0,125.0
90.0,90.0
55.0,55.0
95.0,95.0
68.0,68.0
45.0,45.0
120.99,120.99000000000038
175.0,175.0
60.0,60.0
120.0,120.0
160.97,160.96999999999971
115.0,115.0
135.0,135.0
45.0,45.0
75.0,75.0
245.0,245.0
215.0,215.0
100.0,100.0
195.0,195.0
110.0,110.0
34.97,34.969999999999935
395.0,395.0
65.0,65.0
110.0,110.0
30.0,30.0
42.0,42.0
24.97,24.969999999999974
225.0,225.0
42.0,42.0
85.0,85.0
65.0,65.0
77.0,77.0
130.0,130.0
80.0,80.0
115.0,115.0
65.0,65.0
45.0,45.0
120.99,120.99000000000038
70.97,70.97000000000006
75.0,75.0
45.0,45.0
40.0,40.0
35.97,35.96999999999991
100.0,100.0
105.0,105.0
85.0,85.0
85.0,85.0
65.97,65.97000000000001
140.0,140.0
115.0,115.0
145.0,145.0
42.0,42.0
80.0,80.0
100.0,100.0
50.0,50.0
140.0,140.0
32.97,32.96999999999994
35.97,35.96999999999991
40.0,40.0
150.0,150.0
85.0,85.0
75.0,75.0
40.0,40.0
105.0,105.0
42.0,42.0
88.97,88.97000000000001
24.0,24.0
31.97,31.969999999999896
44.97,44.96999999999991
75.0,75.0
90.0,90.0
135.0,135.0
105.0,105.0
125.0,125.0
24.97,24.96999999999998
89.97,89.97
32.0,32.0
120.0,120.0
100.0,100.0
44.97,44.96999999999991
76.97,76.97000000000007
80.0,80.0
85.0,85.0
80.0,80.0
35.0,35.0
42.0,42.0
165.0,165.0
65.0,65.0
102.97,102.96999999999993
45.0,45.0
35.97,35.96999999999991
65.0,65.0
150.0,150.0
135.0,135.0
395.0,395.0
42.0,42.0
135.0,135.0
150.0,150.0
40.0,40.0
80.0,80.0
28.0,28.0
85.0,85.0
35.0,35.0
210.0,210.0
375.0,375.0
75.0,75.0
225.0,225.0
50.0,50.0
235.0,235.0
55.0,55.0
75.0,75.0
40.0,40.0
235.0,235.0
100.0,100.0
95.0,95.0
80.0,80.0
106.97,106.9700000000004
160.0,160.0
145.0,145.0
135.0,135.0
170.0,170.0
90.0,90.0
60.0,60.0
120.0,120.0
37.0,37.0
34.97,34.969999999999935
130.0,130.0
65.0,65.0
50.0,50.0
235.0,235.0
80.97,80.97000000000007
76.97,76.97000000000007
140.0,140.0
235.0,235.0
58.0,58.0
65.0,65.0
245.0,245.0
210.0,210.0
50.0,50.0
155.0,155.0
45.0,45.0
180.0,180.0
225.0,225.0
37.0,37.0
240.0,240.0
51.97,51.969999999999985
48.0,48.0
85.0,85.0
44.97,44.96999999999991
55.97,55.97
250.97,250.97000000000023
45.0,45.0
170.0,170.0
100.0,100.0
75.0,75.0
95.0,95.0
55.0,55.0
110.0,110.0
25.0,25.0
75.0,75.0
45.97,45.96999999999994
28.0,28.0
60.0,60.0
60.0,60.0
120.0,120.0
35.0,35.0
45.0,45.0
24.0,24.0
165.0,165.0
260.0,260.0
90.0,90.0
42.0,42.0
90.0,90.0
120.99,120.99000000000038
45.0,45.0
48.97,48.96999999999994
32.97,32.96999999999994
45.0,45.0
168.99,168.9899999999999
200.0,200.0
120.99,120.99000000000038
31.97,31.969999999999946
190.0,190.0
72.97,72.97000000000007
85.0,85.0
85.0,85.0
135.0,135.0
235.0,235.0
95.0,95.0
170.0,170.0
145.0,145.0
140.0,140.0
133.99,133.98999999999998
35.97,35.96999999999991
375.0,375.0
199.99,200.04980000000015
24.97,25.00999999999998
65.0,65.0
70.0,70.0
90.0,90.0
95.0,95.0
31.97,31.969999999999896
250.97,250.97000000000023
125.0,125.0
100.0,100.0
105.0,105.0
37.0,37.0
180.0,180.0
80.0,80.0
55.0,55.0
24.97,24.969999999999974
130.0,130.0
70.0,70.0
235.0,235.0
70.0,70.0
125.0,125.0
108.97,108.96999999999989
130.0,130.0
62.0,62.0
180.0,180.0
55.97,56.06
85.0,85.0
45.0,45.0
32.97,32.96999999999994
40.0,40.0
225.0,225.0
165.0,165.0
31.97,31.969999999999896
130.0,130.0
170.0,170.0
106.97,106.9700000000004
200.0,200.0
110.0,110.0
17.97,17.970000000000024
100.0,100.0
45.0,45.0
95.0,95.0
230.0,230.0
60.0,60.0
95.0,95.0
92.97,92.97
45.0,45.0
120.0,120.0
130.0,130.0
48.0,48.0
40.0,40.0
55.0,55.0
120.0,120.0
100.0,100.0
68.0,68.0
100.0,100.0
170.0,170.0
125.0,125.0
42.0,42.0
85.0,85.0
55.0,55.0
125.0,125.0
47.0,47.0
44.0,44.0
115.0,115.0
125.0,125.0
37.0,37.0
120.99,120.99000000000038
120.0,120.0
21.97,21.96999999999999
75.0,75.0
115.0,115.0
100.0,100.0
55.0,55.0
135.0,135.0
100.0,100.0
210.0,210.0
140.0,140.0
95.0,95.0
38.0,38.0
140.0,140.0
106.97,106.9700000000004
130.0,130.0
105.0,105.0
96.97,96.96999999999997
105.0,105.0
235.0,235.0
78.97,78.97000000000007
90.0,90.0
90.0,90.0
125.0,125.0
69.0,69.0
50.0,50.0
215.0,215.0
95.0,95.0
80.0,80.0
130.0,130.0
170.0,170.0
90.0,90.0
118.97,118.96999999999986
70.0,70.0
165.0,165.0
95.0,95.0
85.0,85.0
150.0,150.0
75.0,75.0
32.0,32.0
115.0,115.0
115.0,115.0
120.99,120.99000000000038
180.0,180.0
75.0,75.0
90.0,90.0
135.0,135.0
47.0,47.0
123.97,123.96999999999984
89.97,89.97
190.0,190.0
230.0,230.0
175.0,175.0
64.0,64.0
42.0,42.0
56.97,56.970000000000006
47.97,47.96999999999996
90.0,90.0
68.0,68.0
135.0,135.0
80.0,80.0
165.0,165.0
50.0,50.0
28.97,28.969999999999956
115.0,115.0
130.97,130.9699999999998
175.0,175.0
60.97,60.97000000000002
110.0,110.0
145.0,145.0
120.0,120.0
85.0,85.0
45.0,45.0
200.0,200.0
115.0,115.0
100.0,100.0
48.97,49.00999999999996
165.0,165.0
68.0,68.0
190.0,190.0
41.97,41.96999999999989
140.0,140.0
140.0,140.0
420.0,420.0
55.0,55.0
80.0,80.0
42.0,42.0
32.0,32.0
160.0,160.0
55.0,55.0
28.0,28.0
155.0,155.0
75.0,75.0
180.0,180.0
120.0,120.0
85.0,85.0
110.0,110.0
82.97,82.97000000000006
95.0,95.0
120.0,120.0
65.0,65.0
62.0,62.0
74.97,74.97000000000007
150.0,150.0
80.0,80.0
40.0,40.0
175.0,175.0
130.0,130.0
130.0,130.0
215.0,215.0
35.0,35.0
150.0,150.0
355.0,355.0
105.0,105.0
65.0,65.0
40.97,40.959999999999916
185.0,185.0
62.97,62.97
75.0,75.0
175.0,175.0
60.0,60.0
100.0,100.0
150.0,150.0
80.0,80.0
99.0,98.98
120.99,120.99000000000038
38.0,38.0
25.0,25.0
28.97,28.969999999999956
140.0,140.0
210.0,210.0
155.0,155.0
150.0,150.0
135.0,135.0
75.0,75.0
64.0,64.0
20.97,20.970000000000017
170.0,170.0
100.0,100.0
190.0,190.0
95.0,95.0
160.0,160.0
140.0,140.0
120.0,120.0
205.0,205.0
80.0,80.0
70.0,70.0
80.0,80.0
135.0,135.0
55.97,55.97
100.0,100.0
100.0,100.0
120.0,120.0
165.0,165.0
45.0,45.0
120.99,120.99000000000038
130.0,130.0
115.0,115.0
45.0,45.0
80.0,80.0
120.99,120.99000000000038
100.0,100.0
120.99,120.99000000000038
42.0,42.0
55.0,55.0
85.0,85.0
55.0,55.0
185.0,185.0
250.97,250.97000000000023
45.0,45.0
95.0,95.0
150.0,150.0
55.0,55.0
85.0,85.0
235.0,235.0
32.0,32.0
130.0,130.0
95.0,95.0
84.97,84.97000000000006
55.0,55.0
115.0,115.0
85.0,85.0
32.97,32.96999999999994
200.0,200.0
51.97,51.969999999999985
135.0,135.0
45.0,45.0
100.0,100.0
100.0,100.0
65.0,65.0
28.97,28.969999999999956
180.0,180.0
130.0,130.0
140.0,140.0
85.0,85.0
75.0,75.0
90.0,90.0
235.0,235.0
41.97,41.96999999999989
31.97,31.9699999999999
330.0,330.0
38.0,38.0
165.0,165.0
45.0,45.0
165.0,165.0
130.0,130.0
190.0,190.0
65.97,65.97000000000001
60.0,60.0
65.0,65.0
85.0,85.0
35.97,35.96999999999991
130.0,130.0
85.0,85.0
150.0,150.0
175.0,175.0
64.0,64.0
50.0,50.0
42.0,42.0
82.0,82.0
94.97,94.96999999999998
115.0,115.0
100.0,100.0
79.0,79.0
31.97,31.909999999999947
175.0,175.0
58.97,58.9700000000001
39.97,39.98999999999992
90.0,90.0
48.0,48.0
125.0,125.0
170.0,170.0
100.0,100.0
235.0,235.0
130.0,130.0
75.0,75.0
175.0,175.0
85.0,85.0
80.0,80.0
160.0,160.0
42.0,42.0
60.0,60.0
55.0,55.0
40.0,40.0
150.0,150.0
115.0,115.0
115.0,115.0
40.0,40.0
35.0,35.0
85.0,85.0
50.0,50.0
55.0,55.0
103.97,103.96999999999993
155.0,155.0
47.5,47.5
55.97,55.97
42.0,42.0
80.0,80.0
120.0,120.0
55.0,55.0
64.0,64.0
40.0,40.0
55.0,55.0
95.0,95.0
37.97,37.969999999999885
120.99,120.99000000000038
60.0,60.0
85.0,85.0
31.97,31.979999999999947
325.0,325.0
31.97,31.969999999999896
34.97,34.969999999999935
120.0,120.0
115.0,115.0
68.0,68.0
210.0,210.0
90.0,90.0
54.97,54.94
235.0,235.0
122.0,122.0
310.0,310.0
100.0,100.0
140.97,140.96999999999977
110.0,110.0
33.97,34.29999999999993
75.0,75.0
190.0,190.0
31.97,31.969999999999896
145.0,145.0
115.0,115.0
105.0,105.0
68.0,68.0
16.97,17.00000000000002
120.99,120.99000000000038
45.0,45.0
42.0,42.0
106.97,106.9700000000004
35.97,35.96999999999991
40.0,40.0
90.0,90.0
28.0,28.0
55.0,55.0
105.0,105.0
70.0,70.0
55.97,55.97
35.97,35.96999999999991
82.97,82.97000000000006
48.0,48.0
55.97,55.97
120.0,120.0
140.0,140.0
55.0,55.0
75.0,75.0
95.0,95.0
160.0,160.0
180.0,180.0
39.97,39.969999999999914
150.0,150.0
48.0,48.0
115.0,115.0
105.0,105.0
60.0,60.0
45.0,45.0
32.0,32.0
225.0,225.0
150.0,150.0
60.0,60.0
50.0,50.0
155.0,155.0
140.0,140.0
115.0,115.0
145.0,145.0
175.0,175.0
65.0,65.0
145.0,145.0
32.0,32.0
69.97,69.97000000000003
42.0,42.0
85.0,85.0
116.97,116.96999999999986
65.0,65.0
45.0,45.0
115.0,115.0
68.97,68.97000000000004
210.0,210.0
125.0,125.0
44.97,44.969999999999935
75.0,75.0
65.0,65.0
230.0,230.0
48.0,48.0
157.99,157.9899999999998
245.0,245.0
50.0,50.0
65.0,65.0
120.0,120.0
51.97,51.969999999999985
68.0,68.0
40.0,40.0
47.0,47.0
25.0,25.0
80.0,80.0
145.0,145.0
375.0,375.0
95.0,95.0
75.0,75.0
165.0,165.0
57.0,57.0
100.0,100.0
100.0,100.0
95.0,95.0
106.97,106.9700000000004
115.0,115.0
135.0,135.0
100.0,100.0
25.97,25.969999999999963
155.0,155.0
130.0,130.0
100.0,100.0
95.0,95.0
110.97,110.96999999999989
150.0,150.0
115.0,115.0
160.0,160.0
95.0,95.0
175.0,175.0
48.97,48.96999999999994
26.97,26.969999999999967
55.0,55.0
100.0,100.0
170.0,170.0
39.0,39.0
225.0,225.0
123.97,123.96999999999984
235.0,235.0
48.0,48.0
140.0,140.0
137.97,137.96999999999977
75.0,75.0
85.0,85.0
70.0,70.0
155.0,155.0
75.0,75.0
110.0,110.0
60.0,60.0
100.0,100.0
135.0,135.0
120.0,120.0
75.0,75.0
101.97,101.99999999999994
80.0,80.0
130.0,130.0
85.0,85.0
35.97,35.96999999999991
245.0,245.0
75.0,75.0
380.0,380.0
157.99,157.9899999999998
160.0,160.0
58.0,58.0
130.0,130.0
171.99,171.9899999999999
150.0,150.0
44.97,44.969999999999935
35.0,35.0
210.0,210.0
100.0,100.0
210.0,210.0
32.0,32.0
18.0,18.0
105.0,105.0
360.0,360.0
64.0,64.0
41.97,41.96999999999989
200.0,200.0
90.0,90.0
41.97,41.96999999999989
260.0,260.0
24.97,24.969999999999985
155.0,155.0
130.0,130.0
65.0,65.0
195.0,195.0
55.0,55.0
68.0,68.0
80.97,80.97000000000008
42.97,42.95999999999993
50.0,50.0
65.0,65.0
85.0,85.0
31.97,31.969999999999946
35.0,35.0
165.0,165.0
145.0,145.0
24.0,24.0
170.0,170.0
89.97,89.97000000000001
100.0,100.0
41.97,41.96999999999989
190.0,190.0
360.0,360.0
70.0,70.0
51.97,51.969999999999985
75.0,75.0
125.0,125.0
360.0,360.0
44.97,44.96999999999992
157.99,157.9899999999998
64.0,64.0
47.5,47.5
85.0,85.0
45.0,45.0
235.0,235.0
65.0,65.0
136.97,136.96999999999977
55.0,55.0
115.0,115.0
55.0,55.0
38.0,38.0
120.0,120.0
40.0,40.0
85.0,85.0
130.0,130.0
90.0,90.0
34.0,34.0
48.0,48.0
85.0,85.0
182.99,182.99000000000007
115.0,115.0
300.0,300.0
19.97,21.000000000000018
30.0,30.0
45.0,45.0
100.0,100.0
105.0,105.0
75.0,75.0
210.0,210.0
190.0,190.0
58.0,58.0
35.0,35.0
28.97,28.969999999999946
375.0,375.0
125.0,125.0
170.0,170.0
48.97,49.099999999999966
58.97,58.9700000000001
40.0,40.0
190.0,190.0
90.0,90.0
46.0,46.0
65.0,65.0
142.97,142.96999999999977
150.0,150.0
130.97,130.9699999999998
21.97,21.96999999999999
58.97,58.9700000000001
130.0,130.0
45.0,45.0
42.0,42.0
120.99,120.99000000000038
50.0,50.0
65.0,65.0
165.0,165.0
90.0,90.0
90.0,90.0
46.97,47.01999999999995
68.0,68.0
195.0,195.0
45.0,45.0
150.0,150.0
35.97,35.96999999999991
60.0,60.0
42.0,42.0
47.0,47.0
85.0,85.0
140.0,140.0
56.0,56.0
80.0,80.0
48.97,48.96999999999994
62.97,62.97000000000003
105.0,105.0
75.0,75.0
45.0,45.0
50.0,50.0
95.0,95.0
215.0,215.0
28.97,28.969999999999946
115.0,115.0
31.5,31.5094
100.0,100.0
62.97,62.97
75.97,75.97000000000004
245.0,245.0
32.0,32.0
33.97,33.95999999999994
210.0,210.0
165.0,165.0
70.0,70.0
155.0,155.0
37.0,37.0
155.0,155.0
42.0,42.0
88.0,78.36
160.0,160.0
85.0,85.0
110.0,110.0
201.97,202.00999999999996
49.97,49.96999999999997
68.0,68.0
175.0,175.0
145.0,145.0
90.0,90.0
100.0,100.0
135.0,135.0
140.0,140.0
125.0,125.0
110.0,110.0
130.0,130.0
175.0,175.0
120.0,120.0
115.0,115.0
64.0,64.0
75.0,75.0
235.0,235.0
130.0,130.0
62.97,62.970000000000006
60.0,60.0
85.0,85.0
136.97,136.9699999999998
115.0,115.0
150.0,150.0
100.0,100.0
105.97,105.96999999999991
60.0,60.0
195.0,195.0
70.0,70.0
65.97,65.97000000000001
35.0,35.0
50.0,50.0
74.0,74.0
45.0,45.0
205.97,205.72
48.0,48.0
44.97,44.96999999999991
122.99,122.9899999999998
80.0,80.0
40.0,40.0
75.0,75.0
85.0,85.0
220.97,220.97000000000008
235.0,235.0
130.0,130.0
165.0,165.0
180.0,180.0
95.0,95.0
105.0,105.0
165.0,165.0
25.97,25.969999999999963
55.0,55.0
85.0,85.0
130.0,130.0
120.0,120.0
65.0,65.0
395.0,395.0
95.0,95.0
37.0,37.0
68.0,68.0
260.0,260.0
55.97,55.97
84.0,84.0
225.0,225.0
36.0,36.0
110.0,110.0
100.0,100.0
155.0,155.0
165.0,165.0
170.0,170.0
200.0,200.0
200.0,200.0
40.0,40.0
85.0,85.0
40.0,40.0
235.0,235.0
80.0,80.0
75.0,75.0
55.0,55.0
75.0,75.0
80.97,80.97000000000007
175.0,175.0
40.0,40.0
85.0,85.0
105.0,105.0
85.0,85.0
35.0,35.0
145.0,145.0
68.0,68.0
110.0,110.0
142.97,142.96999999999977
160.0,160.0
70.0,70.0
105.0,105.0
110.0,110.0
35.0,35.0
68.0,68.0
35.0,35.0
310.0,310.0
225.0,225.0
135.0,135.0
147.99,147.9899999999999
80.0,80.0
150.0,150.0
28.97,28.969999999999946
120.0,120.0
145.0,145.0
75.97,75.97000000000004
115.0,115.0
40.0,40.0
80.97,80.97000000000007
125.0,125.0
110.0,110.0
142.97,142.96999999999977
120.0,120.0
230.0,230.0
175.0,175.0
165.0,165.0
180.0,180.0
80.0,80.0
31.97,31.9699999999999
35.0,35.0
32.0,32.0
130.0,130.0
55.97,55.97
225.0,225.0
108.0,108.0
75.0,75.0
69.97,69.97000000000003
245.0,245.0
120.99,120.99000000000038
31.5,31.5094
355.0,355.0
56.97,56.99000000000001
69.97,69.97000000000003
70.0,70.0
40.0,40.0
55.97,55.97
30.0,30.0
35.0,35.0
80.0,80.0
40.0,40.0
60.0,60.0
69.97,69.97000000000006
45.0,45.0
35.0,35.0
40.0,40.0
135.0,135.0
189.99,189.99000000000007
130.0,130.0
130.0,130.0
65.0,65.0
190.0,190.0
120.0,120.0
65.0,65.0
210.0,210.0
108.97,108.96999999999989
40.0,40.0
75.0,75.0
41.0,41.0
24.0,24.0
100.0,100.0
32.97,32.96999999999994
100.0,100.0
145.0,145.0
86.97,86.97000000000004
75.0,75.0
100.0,100.0
155.0,155.0
85.0,85.0
45.0,45.0
95.0,95.0
35.97,35.96999999999991
75.0,75.0
28.97,28.969999999999956
70.0,70.0
58.97,58.9700000000001
68.0,68.0
60.0,60.0
45.0,45.0
35.0,35.0
75.0,75.0
136.97,136.96999999999977
55.97,55.97
24.97,24.969999999999985
68.0,68.0
100.0,100.0
60.0,60.0
180.0,180.0
100.0,100.0
105.0,105.0
32.0,32.0
165.0,165.0
235.0,235.0
64.0,64.0
39.0,39.0
70.0,70.0
40.0,40.0
65.0,65.0
95.0,95.0
90.0,90.0
130.0,130.0
85.0,85.0
50.0,50.0
45.0,45.0
26.0,26.0
89.97,89.97000000000001
160.0,160.0
145.0,145.0
108.97,108.96999999999991
285.0,285.0
150.0,150.0
35.0,35.0
270.0,270.0
155.0,155.0
170.0,170.0
130.0,130.0
45.0,45.0
50.0,50.0
130.0,130.0
45.0,45.0
40.0,40.0
75.0,75.0
25.97,25.969999999999967
225.0,225.0
130.0,130.0
42.0,42.0
62.97,62.970000000000006
69.97,69.97000000000006
125.0,125.0
105.0,105.0
89.97,89.97
24.97,24.969999999999967
65.0,65.0
180.0,180.0
260.0,260.0
55.0,55.0
80.0,80.0
85.0,85.0
90.0,90.0
120.99,120.99000000000038
180.0,180.0
141.97,141.96999999999977
60.0,60.0
85.0,85.0
205.0,205.0
164.99,164.98999999999992
85.0,85.0
106.97,106.9700000000004
210.0,210.0
136.97,136.9699999999998
61.97,61.97000000000003
112.0,112.0
210.0,210.0
40.0,40.0
95.0,95.0
65.0,65.0
65.0,65.0
47.97,47.909999999999954
60.0,60.0
147.99,147.9899999999999
31.97,31.969999999999896
58.97,58.9700000000001
90.0,90.0
85.0,85.0
130.0,130.0
105.97,105.96999999999991
70.0,70.0
45.0,45.0
225.0,225.0
28.97,28.869999999999955
95.0,95.0
135.0,135.0
80.97,80.97000000000008
150.0,150.0
85.0,85.0
135.0,135.0
41.97,41.96999999999989
55.0,55.0
75.0,75.0
85.0,85.0
70.0,70.0
50.0,50.0
65.0,65.0
35.0,35.0
125.0,125.0
27.0,27.0
80.0,80.0
225.0,225.0
180.0,180.0
82.97,82.97000000000006
170.0,170.0
45.0,45.0
70.0,70.0
105.0,105.0
75.0,75.0
95.0,95.0
37.97,37.96999999999989
70.0,70.0
62.97,62.970000000000006
150.0,150.0
125.0,125.0
90.0,90.0
55.0,55.0
50.0,50.0
38.97,39.01999999999992
100.0,100.0
75.0,75.0
32.0,32.0
45.0,45.0
130.0,130.0
55.0,55.0
145.0,145.0
175.0,175.0
110.0,110.0
75.0,75.0
98.0,98.0
90.0,90.0
35.0,35.0
75.0,75.0
75.0,75.0
135.0,135.0
95.0,95.0
105.0,105.0
160.0,160.0
225.0,225.0
45.0,45.0
130.0,130.0
135.0,135.0
80.0,80.0
133.99,133.98999999999998
170.0,170.0
175.0,175.0
200.0,200.0
100.0,100.0
100.0,100.0
45.0,45.0
95.0,95.0
58.97,58.9700000000001
105.97,105.96999999999991
190.0,190.0
120.99,120.99000000000038
120.99,120.99000000000038
184.97,184.70019999999988
68.0,68.0
75.0,75.0
125.0,125.0
235.0,235.0
75.0,75.0
45.0,45.0
100.0,100.0
50.0,50.0
140.0,140.0
62.97,62.970000000000006
80.0,80.0
40.0,40.0
165.0,165.0
210.0,210.0
30.0,30.0
85.0,85.0
64.0,64.0
44.97,44.96999999999991
65.0,65.0
100.0,100.0
130.0,130.0
65.0,65.0
55.0,55.0
45.0,45.0
60.0,60.0
85.0,85.0
75.0,75.0
150.0,150.0
120.0,120.0
140.0,140.0
245.0,245.0
130.97,130.9699999999998
70.0,70.0
40.0,40.0
40.0,40.0
80.0,80.0
100.0,100.0
31.97,31.969999999999896
100.0,100.0
55.0,55.0
55.0,55.0
115.0,115.0
70.0,70.0
130.0,130.0
140.0,140.0
38.97,38.96999999999992
200.0,200.0
40.0,40.0
95.0,95.0
160.0,160.0
65.0,65.0
35.0,35.0
125.0,125.0
58.97,58.9700000000001
120.0,120.0
210.0,210.0
90.0,90.0
45.0,45.0
80.0,80.0
55.0,55.0
40.0,40.0
115.0,115.0
100.0,100.0
84.97,85.00000000000006
220.0,220.0
81.97,82.13000000000007
41.97,41.96999999999989
110.0,110.0
300.0,300.0
42.0,42.0
148.97,148.96999999999974
145.0,145.0
150.0,150.0
80.0,80.0
64.0,64.0
64.97,64.97000000000004
68.0,68.0
90.0,90.0
51.97,51.969999999999985
105.0,105.0
120.0,120.0
95.0,95.0
32.97,33.03999999999994
85.0,85.0
100.0,100.0
55.0,55.0
100.0,100.0
89.97,89.97
100.0,100.0
170.0,170.0
37.97,37.96999999999989
32.0,32.0
120.99,120.99000000000038
42.0,42.0
180.0,180.0
210.0,210.0
45.0,45.0
60.0,60.0
22.97,22.94
45.0,45.0
25.0,25.0
120.0,120.0
80.0,80.0
62.97,62.970000000000006
190.0,190.0
55.0,55.0
65.0,65.0
37.0,37.0
42.97,42.96999999999993
210.0,210.0
48.0,48.0
100.0,100.0
105.0,105.0
250.0,250.0
132.97,133.0199999999998
47.0,47.0
75.0,75.0
88.0,88.0
86.97,86.97000000000004
45.0,45.0
58.97,58.9700000000001
225.0,225.0
145.0,145.0
37.97,37.96999999999989
80.0,80.0
120.99,120.99000000000038
90.0,90.0
80.0,80.0
43.97,43.969999999999935
45.0,45.0
85.0,85.0
51.97,51.969999999999985
97.97,97.90999999999997
85.97,85.97000000000007
65.0,65.0
65.0,65.0
355.0,355.0
130.0,130.0
75.0,75.0
95.0,95.0
190.0,190.0
95.0,95.0
48.0,48.0
250.97,250.97000000000023
95.0,95.0
110.0,110.0
225.0,225.0
120.0,120.0
22.97,23.209999999999994
45.0,45.0
245.0,245.0
70.0,70.0
40.0,40.0
100.0,100.0
58.97,58.9700000000001
130.0,130.0
145.0,145.0
99.97,99.96999999999994
125.0,125.0
80.0,80.0
80.0,80.0
130.0,130.0
180.0,180.0
75.0,75.0
70.0,70.0
45.0,45.0
200.0,200.0
80.0,80.0
190.0,190.0
29.97,29.969999999999956
35.0,35.0
85.0,85.0
35.0,35.0
150.0,150.0
375.0,375.0
150.0,150.0
80.0,80.0
82.97,83.00000000000007
50.97,50.969999999999985
175.0,175.0
53.97,53.96999999999999
26.97,26.969999999999967
65.0,65.0
57.0,57.0
130.0,130.0
49.97,49.96999999999997
126.99,126.9899999999998
121.97,121.91999999999983
100.97,100.96999999999994
120.99,120.99000000000038
90.0,90.0
95.0,95.0
43.97,43.98999999999994
310.0,310.0
160.0,160.0
130.0,130.0
360.0,360.0
80.0,80.0
89.97,89.97000000000001
80.0,80.0
68.0,68.0
68.0,68.0
62.97,62.970000000000006
115.0,115.0
80.0,80.0
31.97,31.969999999999896
72.97,72.97000000000006
75.0,75.0
100.0,100.0
37.0,37.0
75.0,75.0
75.0,75.0
48.97,48.96999999999994
65.0,65.0
65.97,65.97000000000001
120.99,120.99000000000038
55.0,55.0
39.97,39.969999999999914
32.0,32.0
75.0,75.0
235.0,235.0
95.0,95.0
120.99,120.99000000000038
180.0,180.0
58.97,58.9700000000001
170.0,170.0
190.0,190.0
175.0,175.0
105.0,105.0
85.0,85.0
75.0,75.0
80.0,80.0
100.0,100.0
65.0,65.0
115.0,115.0
50.0,50.0
235.0,235.0
120.99,120.98999999999982
170.0,170.0
90.0,90.0
140.0,140.0
95.0,95.0
95.0,95.0
175.0,175.0
125.0,125.0
45.0,45.0
75.0,75.0
62.97,63.01000000000001
164.99,164.98999999999992
75.0,75.0
130.97,130.9699999999998
90.0,90.0
165.0,165.0
69.0,69.0
65.0,65.0
80.0,80.0
240.0,240.0
72.0,72.0
180.0,180.0
100.0,100.0
245.0,245.0
95.0,95.0
45.0,45.0
70.0,70.0
65.0,65.0
37.0,37.0
82.97,82.97000000000007
182.99,182.99000000000007
160.0,160.0
110.0,110.0
264.99,264.9896000000005
82.97,82.97000000000006
68.0,68.0
85.0,85.0
125.0,125.0
37.0,37.0
36.97,36.96999999999992
145.0,145.0
115.0,115.0
145.0,145.0
90.0,90.0
85.97,85.97000000000007
140.0,140.0
26.97,26.969999999999967
210.0,210.0
26.0,26.0
33.0,33.55
185.0,185.0
175.0,175.0
45.0,45.0
115.0,115.0
120.99,120.99000000000038
190.0,190.0
100.0,100.0
95.0,95.0
75.0,75.0
68.0,68.0
28.97,28.969999999999956
75.0,75.0
135.0,135.0
245.0,245.0
145.0,145.0
245.0,245.0
175.0,175.0
120.0,120.0
130.0,130.0
37.0,37.0
85.0,85.0
37.0,37.0
59.97,59.91000000000002
90.0,90.0
85.0,85.0
65.0,65.0
120.0,120.0
72.97,72.86000000000007
100.0,100.0
80.0,80.0
115.0,115.0
160.0,160.0
65.0,65.0
65.0,65.0
210.0,210.0
175.0,175.0
70.0,70.0
130.0,130.0
140.0,140.0
42.0,42.0
50.0,50.0
95.0,95.0
145.0,145.0
130.0,130.0
190.0,190.0
35.0,35.0
35.97,35.96999999999991
58.0,58.0
28.97,28.969999999999946
90.0,90.0
105.0,105.0
100.0,100.0
28.97,28.969999999999946
50.0,50.0
58.97,58.9700000000001
55.0,55.0
85.0,85.0
80.0,80.0
60.0,60.0
50.0,50.0
52.0,52.0
95.0,95.0
45.0,45.0
140.0,140.0
45.0,45.0
120.99,120.99000000000038
50.0,50.0
100.0,100.0
175.0,175.0
48.0,48.0
28.97,28.969999999999956
133.99,133.98999999999998
75.0,75.0
85.0,85.0
135.0,135.0
285.0,285.0
70.0,70.0
130.0,130.0
64.0,64.0
120.0,120.0
95.0,95.0
56.0,56.02
37.0,37.0
58.97,58.9700000000001
58.0,58.0
85.0,85.0
140.0,140.0
90.0,90.0
68.0,68.0
70.0,70.0
160.0,160.0
200.0,200.0
24.97,25.119999999999983
61.97,61.97000000000003
102.97,102.96999999999993
188.97,188.9699999999999
55.0,55.0
171.99,171.9899999999999
360.0,360.0
30.0,30.0
165.0,165.0
90.0,90.0
165.0,165.0
130.0,130.0
55.0,55.0
128.0,128.0
37.97,37.969999999999885
170.0,170.0
210.0,210.0
150.0,150.0
50.0,50.0
165.0,165.0
28.97,28.969999999999956
145.0,145.0
190.0,190.0
80.0,80.0
190.0,190.0
24.97,24.969999999999967
105.0,105.0
120.0,120.0
48.0,48.0
235.0,235.0
32.0,32.0
68.0,68.0
200.0,200.0
115.0,115.0
40.0,40.0
125.0,125.0
75.0,75.0
140.0,140.0
130.0,130.0
58.0,58.0
170.0,170.0
75.0,75.0
110.0,110.0
90.0,90.0
60.0,60.0
135.0,135.0
175.0,175.0
35.97,35.96999999999991
200.0,200.0
32.97,32.96999999999994
40.0,40.0
85.0,85.0
110.0,110.0
110.0,110.0
80.0,80.0
140.0,140.0
100.0,100.0
64.0,64.0
85.0,85.0
58.97,58.9700000000001
41.97,41.96999999999992
100.0,100.0
55.0,55.0
375.0,375.0
85.0,85.0
135.0,135.0
90.0,90.0
24.0,24.0
78.0,78.0
170.0,170.0
30.0,30.0
150.0,150.0
100.0,100.0
170.0,170.0
80.0,80.0
130.0,130.0
80.0,80.0
125.0,125.0
63.97,63.970000000000034
85.97,85.97000000000007
235.0,235.0
115.0,115.0
135.0,135.0
155.0,155.0
110.0,110.0
120.0,120.0
40.0,40.0
115.0,115.0
120.0,120.0
110.0,110.0
75.0,75.0
55.0,55.0
170.0,170.0
150.0,150.0
68.0,68.0
350.0,350.0
240.0,240.0
29.97,31.169999999999945
135.0,135.0
105.0,105.0
38.97,38.96999999999992
70.0,70.0
29.97,29.969999999999956
78.97,78.97000000000007
145.0,145.0
150.0,150.0
145.0,145.0
110.0,110.0
80.0,80.0
115.0,115.0
105.0,105.0
230.0,230.0
150.0,150.0
210.0,210.0
225.0,225.0
115.0,115.0
188.97,188.9699999999999
65.0,65.0
85.0,85.0
240.0,240.0
90.0,90.0
70.97,70.97000000000006
235.0,235.0
350.0,350.0
110.0,110.0
210.0,210.0
35.97,35.96999999999991
100.0,100.0
110.0,110.0
125.0,125.0
120.0,120.0
100.0,100.0
80.0,80.0
115.0,115.0
145.0,145.0
55.0,55.0
210.0,210.0
73.97,73.97000000000007
45.0,45.0
21.97,21.969999999999995
135.0,135.0
30.0,30.0
235.0,235.0
180.0,180.0
110.0,110.0
140.0,140.0
90.0,90.0
29.97,29.969999999999956
100.0,100.0
42.0,42.0
42.0,42.0
90.0,90.0
55.0,55.0
125.0,125.0
80.0,80.0
80.0,80.0
70.0,70.0
40.97,40.96999999999991
40.0,40.0
60.0,60.0
90.0,90.0
210.0,210.0
61.97,62.050000000000026
93.97,93.96999999999998
130.0,130.0
24.97,24.969999999999967
26.0,26.0
103.97,103.76999999999992
175.0,175.0
85.0,85.0
130.0,130.0
170.0,170.0
40.0,40.0
95.0,95.0
25.97,25.969999999999963
55.0,55.0
55.0,55.0
28.97,28.969999999999946
95.0,95.0
50.0,50.0
38.0,38.0
170.0,170.0
80.0,80.0
75.0,75.0
85.97,85.97000000000007
55.0,55.0
230.0,230.0
165.0,165.0
135.0,135.0
24.97,24.969999999999974
90.0,90.0
135.0,135.0
84.97,84.97000000000006
80.0,80.0
165.0,165.0
95.0,95.0
35.0,35.0
55.97,55.97
125.0,125.0
1005.0,1005.0
96.97,96.96999999999997
190.0,190.0
160.0,160.0
90.0,90.0
36.0,36.0
75.0,75.0
37.97,37.969999999999885
115.0,115.0
170.0,170.0
36.97,36.95999999999992
80.0,80.0
42.0,42.0
90.0,90.0
64.97,64.97000000000004
30.0,30.0
160.0,160.0
120.0,120.0
75.0,75.0
95.0,95.0
75.0,75.0
90.0,90.0
95.0,95.0
120.99,120.99000000000038
145.0,145.0
165.0,165.0
150.0,150.0
115.0,115.0
160.0,160.0
120.99,120.99000000000038
80.0,80.0
31.97,31.969999999999946
70.0,70.0
145.0,145.0
92.97,92.97
47.97,47.96999999999996
120.0,120.0
45.0,45.0
75.0,75.0
170.0,170.0
64.0,64.0
140.0,140.0
48.0,48.0
85.0,85.0
24.97,25.019999999999982
40.0,40.0
140.0,140.0
105.0,105.0
94.0,94.0
135.0,135.0
32.0,32.0
102.0,102.0
41.97,41.96999999999992
200.0,200.0
100.0,100.0
42.0,42.0
50.0,50.0
31.97,31.969999999999896
130.0,130.0
40.0,40.0
115.0,115.0
63.0,63.0
50.0,50.0
90.0,90.0
100.0,100.0
64.0,64.0
95.0,95.0
180.0,180.0
126.99,126.9899999999998
90.0,90.0
180.0,180.0
75.0,75.0
45.0,45.0
135.0,135.0
35.0,35.0
35.0,35.0
120.99,120.99000000000038
95.0,95.0
45.0,45.0
70.0,70.0
45.0,45.0
235.0,235.0
164.99,164.98999999999992
35.0,35.0
65.0,65.0
80.0,80.0
50.0,50.0
175.0,175.0
120.0,120.0
90.0,90.0
160.0,160.0
147.99,147.9899999999999
51.97,51.969999999999985
41.97,41.96999999999992
80.0,80.0
60.0,60.0
210.0,210.0
64.0,64.0
55.0,55.0
95.0,95.0
145.0,145.0
90.0,90.0
120.0,120.0
130.0,130.0
52.97,52.96999999999999
130.0,130.0
60.0,60.0
45.0,45.0
55.0,55.0
60.97,60.97090000000002
52.97,52.96999999999999
40.0,40.0
105.0,105.0
51.97,51.969999999999985
153.97,153.96999999999974
85.0,85.0
118.97,118.96999999999986
48.0,48.0
68.0,68.0
170.0,170.0
65.0,65.0
145.0,145.0
80.0,80.0
130.0,130.0
155.0,155.0
145.0,145.0
51.97,51.969999999999985
55.0,55.0
95.0,95.0
80.0,80.0
150.0,150.0
75.0,75.0
75.0,75.0
45.0,45.0
170.0,170.0
285.0,285.0
175.0,175.0
220.0,220.0
64.0,64.0
90.0,90.0
215.0,215.0
64.0,64.0
155.0,155.0
225.0,225.0
210.0,210.0
150.0,150.0
58.97,58.9700000000001
395.0,395.0
145.0,145.0
37.0,37.0
150.0,150.0
285.0,285.0
65.0,65.0
126.99,126.9899999999998
42.97,43.369999999999926
110.0,110.0
140.0,140.0
135.0,135.0
85.0,85.0
182.99,182.99000000000007
98.0,98.02
53.0,53.0
40.0,40.0
44.97,44.96999999999991
78.0,78.0
65.0,65.0
30.0,30.0
100.0,100.0
225.0,225.0
26.97,26.969999999999967
101.97,102.04999999999994
90.0,90.0
78.97,78.97000000000007
85.97,85.97000000000007
120.0,120.0
225.0,225.0
118.97,118.96999999999986
55.97,55.97
125.0,125.0
64.0,64.0
89.97,89.97000000000001
82.97,82.97000000000006
130.0,130.0
25.97,25.989999999999974
182.99,182.99000000000007
125.0,125.0
62.97,62.970000000000006
68.0,68.0
31.97,31.969999999999896
42.0,42.0
117.0,117.0
85.0,85.0
145.0,145.0
70.0,70.0
175.0,175.0
85.0,85.0
80.0,80.0
115.0,115.0
135.0,135.0
116.0,116.4
90.0,90.0
68.0,68.0
17.97,17.970000000000024
80.0,80.0
120.0,120.0
115.0,115.0
170.0,170.0
85.0,85.0
235.0,235.0
48.0,48.0
235.0,235.0
235.0,235.0
240.0,240.0
40.0,40.0
65.0,65.0
75.0,75.0
50.0,50.0
180.0,180.0
65.0,65.0
90.0,90.0
80.0,80.0
100.0,100.0
29.97,29.969999999999956
140.0,140.0
105.0,105.0
130.0,130.0
31.97,31.9699999999999
75.0,75.0
30.97,30.95999999999995
100.0,100.0
41.0,41.0
157.97,157.96999999999971
35.0,35.0
40.0,40.0
155.0,155.0
32.0,32.0
155.0,155.0
100.0,100.0
135.0,135.0
120.0,120.0
45.0,45.0
51.97,51.969999999999985
130.0,130.0
125.0,125.0
60.0,60.0
48.0,48.0
100.0,100.0
175.0,175.0
60.0,60.0
130.0,130.0
26.0,26.0
55.0,55.0
75.0,75.0
95.0,95.0
215.0,215.0
150.0,150.0
120.99,120.98999999999982
150.0,150.0
135.0,135.0
110.0,110.0
42.0,42.0
80.0,80.0
58.0,58.0
60.0,60.0
370.0,370.0
65.97,65.97000000000001
105.0,105.0
235.0,235.0
49.97,49.96999999999997
110.0,110.0
75.0,75.0
230.0,230.0
182.97,182.83059999999986
44.97,44.96999999999991
45.0,45.0
42.0,42.0
395.0,395.0
70.0,70.0
85.0,85.0
171.99,171.9899999999999
62.97,62.970000000000006
37.0,37.0
130.0,130.0
100.0,100.0
77.0,77.0
41.97,41.96999999999989
85.97,85.97000000000007
105.0,105.0
45.0,45.0
80.0,80.0
75.0,75.0
55.0,55.0
75.0,75.0
75.0,75.0
25.97,25.969999999999963
80.0,80.0
122.97,122.96999999999984
31.97,31.969999999999896
150.0,150.0
128.0,128.0
128.0,128.0
35.0,35.0
150.0,150.0
99.97,99.96999999999994
115.0,115.0
95.0,95.0
40.0,40.0
150.0,150.0
210.0,210.0
150.0,150.0
175.0,175.0
170.0,170.0
37.97,37.96999999999989
70.0,70.0
42.0,42.0
150.0,150.0
64.0,64.0
120.0,120.0
68.0,68.0
28.97,28.969999999999956
70.0,70.0
355.0,355.0
28.0,28.0
68.0,68.0
47.0,47.0
190.0,190.0
75.0,75.0
42.0,42.0
50.0,50.0
190.0,190.0
115.0,115.0
175.0,175.0
135.0,135.0
133.99,133.98999999999998
85.0,85.0
42.0,42.0
125.0,125.0
45.0,45.0
100.0,100.0
50.0,50.0
35.0,35.0
42.0,42.0
190.0,190.0
85.0,85.0
16.97,16.990000000000023
90.0,90.0
92.97,92.97
102.0,102.0
170.0,170.0
175.0,175.0
35.0,35.0
35.0,35.0
125.0,125.0
164.99,164.98999999999992
220.0,220.0
32.0,32.0
85.97,85.97000000000007
100.0,100.0
80.0,80.0
113.97,113.96999999999987
165.0,165.0
85.0,85.0
18.97,18.94000000000002
140.0,140.0
120.0,120.0
31.97,31.9699999999999
45.0,45.0
165.0,165.0
260.0,260.0
48.97,48.96999999999996
92.97,92.97
80.0,80.0
60.0,60.0
130.0,130.0
180.0,180.0
170.0,170.0
115.0,115.0
100.0,100.0
150.0,150.0
95.0,95.0
180.0,180.0
140.0,140.0
95.0,95.0
130.0,130.0
140.0,140.0
120.0,120.0
140.0,140.0
147.99,147.9899999999999
47.0,47.0
45.0,45.0
55.0,55.0
160.0,160.0
200.0,200.0
55.0,55.0
245.0,245.0
100.0,100.0
35.97,35.96999999999991
375.0,375.0
90.0,90.0
45.0,45.0
92.97,92.97
68.0,68.0
30.0,30.0
47.0,47.0
160.0,160.0
106.97,106.9700000000004
80.0,80.0
45.0,45.0
125.0,125.0
164.99,164.98999999999992
28.97,28.969999999999956
170.0,170.0
28.0,28.0
72.97,72.97000000000004
235.0,235.0
27.97,27.969999999999963
80.0,80.0
68.0,68.0
50.0,50.0
125.0,125.0
225.0,225.0
155.0,155.0
75.97,75.97000000000004
130.0,130.0
20.97,20.92000000000002
135.0,135.0
47.0,47.0
80.0,80.0
130.0,130.0
65.0,65.0
49.0,49.0
225.0,225.0
175.0,175.0
58.97,58.9700000000001
160.0,160.0
68.0,68.0
200.0,200.0
95.0,95.0
135.0,135.0
48.0,48.0
31.97,31.969999999999896
100.97,100.96999999999994
64.0,64.0
24.0,24.0
120.0,120.0
61.97,61.97000000000003
44.97,44.96999999999991
80.0,80.0
245.0,245.0
70.0,70.0
105.0,105.0
200.0,200.0
175.0,175.0
40.0,40.0
45.0,45.0
65.0,65.0
106.97,106.9700000000004
120.99,120.99000000000038
36.0,36.0
62.97,62.970000000000006
95.0,95.0
102.97,102.96999999999993
150.0,150.0
65.0,65.0
72.97,72.97000000000006
55.0,55.0
32.0,32.0
75.0,75.0
170.0,170.0
112.97,112.96999999999987
48.0,48.0
120.0,120.0
180.0,180.0
40.0,40.0
44.97,44.96999999999991
35.97,35.96999999999991
120.99,120.99000000000038
155.0,155.0
190.0,190.0
54.97,54.89
395.0,395.0
135.99,135.9899999999998
190.0,190.0
69.97,69.97000000000003
105.0,105.0
58.97,58.9700000000001
136.97,136.96999999999977
125.0,125.0
55.0,55.0
210.0,210.0
210.0,210.0
115.0,115.0
145.0,145.0
55.97,55.97
85.0,85.0
45.0,45.0
115.0,115.0
99.97,99.96999999999994
120.0,120.0
170.0,170.0
75.0,75.0
141.97,142.01999999999975
40.0,40.0
350.0,350.0
135.0,135.0
64.0,64.0
150.0,150.0
115.0,115.0
225.0,225.0
145.0,145.0
95.0,95.0
175.0,175.0
28.97,28.969999999999956
105.0,105.0
75.0,75.0
30.97,30.96999999999995
150.0,150.0
85.0,85.0
120.99,120.99000000000038
44.97,44.96999999999991
75.0,75.0
125.0,125.0
225.0,225.0
31.97,31.969999999999896
150.0,150.0
27.0,27.0
50.0,50.0
37.97,37.96999999999989
85.0,85.0
150.0,150.0
35.0,35.0
135.0,135.0
35.0,35.0
100.0,100.0
24.97,24.96999999999998
108.97,108.96999999999991
90.0,90.0
95.0,95.0
160.0,160.0
120.0,120.0
130.0,130.0
100.0,100.0
285.0,285.0
100.0,100.0
45.0,45.0
100.0,100.0
28.0,28.0
180.0,180.0
95.0,95.0
150.0,150.0
61.97,61.97000000000003
150.0,150.0
180.0,180.0
130.0,130.0
65.97,65.97000000000001
120.0,120.0
82.97,82.97000000000006
235.0,235.0
160.0,160.0
75.0,75.0
160.0,160.0
180.0,180.0
120.99,120.98999999999982
175.0,175.0
175.0,175.0
65.97,65.97000000000001
85.0,85.0
210.0,210.0
130.0,130.0
68.0,68.0
135.0,135.0
85.0,85.0
60.97,60.97000000000002
135.0,135.0
175.0,175.0
32.0,32.0
150.0,150.0
40.0,40.0
100.0,100.0
165.0,165.0
80.0,80.0
210.0,210.0
85.0,85.0
170.0,170.0
135.0,135.0
170.0,170.0
75.0,75.0
160.0,160.0
105.0,105.0
60.0,60.0
155.0,155.0
100.0,100.0
122.99,122.9899999999998
180.0,180.0
75.0,75.0
74.97,74.97000000000007
120.99,120.99000000000038
115.0,115.0
90.0,90.0
30.0,30.0
82.97,83.00000000000007
217.99,217.99000000000026
260.0,260.0
45.0,45.0
47.0,47.0
160.97,160.96999999999971
55.0,55.0
80.0,80.0
180.0,180.0
85.0,85.0
122.0,122.0
24.0,24.0
19.97,19.950000000000024
375.0,375.0
180.0,180.0
35.0,35.0
100.0,100.0
75.0,75.0
38.0,38.0
68.0,68.0
130.0,130.0
120.99,120.99000000000038
125.0,125.0
100.0,100.0
120.99,120.98999999999982
44.97,44.96999999999991
165.0,165.0
135.0,135.0
85.0,85.0
35.0,35.0
90.0,90.0
47.0,47.0
90.0,90.0
130.0,130.0
115.0,115.0
145.0,145.0
95.0,95.0
120.0,120.0
89.97,89.97
110.0,110.0
155.0,155.0
37.97,37.96999999999989
90.0,90.0
35.0,35.0
75.0,75.0
90.0,90.0
210.0,210.0
58.97,58.9700000000001
140.0,140.0
170.0,170.0
125.0,125.0
100.0,100.0
95.0,95.0
45.0,45.0
47.0,47.0
45.0,45.0
56.0,56.0
75.0,75.0
112.97,112.96999999999987
155.0,155.0
44.97,44.96999999999991
175.0,175.0
135.0,135.0
55.0,55.0
140.0,140.0
45.0,45.0
147.99,147.9899999999999
80.0,80.0
45.0,45.0
48.0,48.0
45.0,45.0
112.0,112.0
45.0,45.0
85.0,85.0
45.0,45.0
110.0,110.0
130.0,130.0
235.0,235.0
100.0,100.0
122.99,122.9899999999998
120.99,120.99000000000038
170.0,170.0
125.0,125.0
150.0,150.0
339.99,339.5900000000006
95.0,95.0
80.0,80.0
100.0,100.0
62.97,63.040000000000035
125.0,125.0
40.0,40.0
350.0,350.0
75.0,75.0
80.0,80.0
75.97,75.97000000000004
175.0,175.0
95.0,95.0
130.0,130.0
230.0,230.0
35.0,35.0
115.0,115.0
135.0,135.0
165.0,165.0
100.0,100.0
48.0,48.0
45.0,45.0
45.0,45.0
78.0,78.0
45.0,45.0
106.97,106.9700000000004
42.0,42.0
141.97,142.01999999999975
65.0,65.0
190.0,190.0
89.97,89.97
150.0,150.0
215.0,215.0
32.0,32.0
135.0,135.0
160.0,160.0
190.0,190.0
370.0,370.0
95.0,95.0
65.0,65.0
105.0,105.0
80.0,80.0
138.97,139.76999999999978
60.0,60.0
85.0,85.0
70.0,70.0
47.0,47.0
199.99,200.44960000000015
260.0,260.0
36.97,36.96999999999992
55.0,55.0
165.0,165.0
140.0,140.0
99.97,99.96999999999994
140.0,140.0
120.0,120.0
165.0,165.0
31.97,31.969999999999896
130.0,130.0
68.0,68.0
115.0,115.0
135.0,135.0
45.0,45.0
185.0,185.0
175.0,175.0
125.0,125.0
55.0,55.0
75.0,75.0
42.0,42.0
85.0,85.0
150.0,150.0
92.97,92.97
45.0,45.0
80.0,80.0
80.0,80.0
175.0,175.0
30.97,30.95999999999995
50.0,50.0
110.0,110.0
60.0,60.0
100.0,100.0
115.0,115.0
80.0,80.0
24.97,24.969999999999967
21.97,21.969999999999995
64.0,64.0
245.0,245.0
90.0,90.0
37.0,37.0
65.0,65.0
145.0,145.0
85.0,85.0
38.97,38.959999999999916
64.0,64.0
190.0,190.0
114.97,115.00999999999988
160.0,160.0
175.0,175.0
35.0,35.0
85.0,85.0
58.0,58.0
75.0,75.0
65.0,65.0
235.0,235.0
180.0,180.0
225.0,225.0
68.0,68.0
35.0,35.0
147.99,147.9899999999999
140.0,140.0
37.0,37.0
22.97,22.97
45.0,45.0
105.0,105.0
160.0,160.0
30.0,30.0
135.0,135.0
133.99,133.98999999999998
120.0,120.0
100.0,100.0
110.0,110.0
55.0,55.0
32.0,32.0
65.0,65.0
165.0,165.0
165.0,165.0
75.0,75.0
182.99,182.99000000000007
175.0,175.0
210.0,210.0
102.0,102.0
37.0,37.0
80.0,80.0
127.97,127.96999999999981
135.0,135.0
130.0,130.0
130.0,130.0
95.0,95.0
100.0,100.0
142.97,142.96999999999977
80.0,80.0
128.0,128.0
55.97,55.97
22.97,22.97
210.0,210.0
45.0,45.0
28.97,28.969999999999956
85.0,85.0
40.0,40.0
50.0,50.0
85.0,85.0
70.97,70.97000000000006
125.0,125.0
100.0,100.0
200.0,200.0
120.0,120.0
30.0,30.0
100.0,100.0
85.0,85.0
55.0,55.0
45.0,45.0
125.0,125.0
115.0,115.0
120.0,120.0
170.0,170.0
170.0,170.0
35.0,35.0
120.0,120.0
115.0,115.0
105.0,105.0
270.0,270.0
64.97,64.97000000000004
35.0,35.0
75.0,75.0
75.0,75.0
37.0,37.0
105.0,105.0
70.0,70.0
285.0,285.0
140.0,140.0
100.0,100.0
135.0,135.0
135.0,135.0
210.0,210.0
90.0,90.0
133.99,133.98999999999998
75.0,75.0
35.97,35.96999999999991
110.0,110.0
90.0,90.0
55.0,55.0
145.0,145.0
68.0,68.0
64.97,64.97000000000004
36.97,36.96999999999992
40.0,40.0
35.0,35.0
55.0,55.0
125.0,125.0
130.0,130.0
190.0,190.0
60.0,60.0
35.0,35.0
90.0,90.0
180.0,180.0
55.0,55.0
70.97,70.95000000000006
120.99,120.99000000000038
150.0,150.0
175.0,175.0
175.0,175.0
51.97,51.969999999999985
100.0,100.0
122.99,122.9899999999998
130.0,130.0
150.0,150.0
68.0,68.0
210.0,210.0
65.0,65.0
165.0,165.0
95.0,95.0
120.0,120.0
165.0,165.0
133.99,133.98999999999998
68.0,68.0
170.0,170.0
85.0,85.0
38.97,38.969999999999914
69.97,69.97000000000003
70.0,70.0
195.0,195.0
65.0,65.0
120.0,120.0
165.0,165.0
47.0,47.0
140.0,140.0
60.0,60.0
68.0,68.0
60.0,60.0
120.0,120.0
40.0,40.0
165.0,165.0
64.0,64.0
190.0,190.0
35.0,35.0
85.0,85.0
100.0,100.0
130.0,130.0
210.0,210.0
45.0,45.0
30.0,30.0
200.0,200.0
106.97,106.9700000000004
150.0,150.0
75.0,75.0
82.97,82.97000000000006
64.0,64.0
95.0,95.0
225.0,225.0
68.0,68.0
55.0,55.0
150.0,150.0
235.0,235.0
160.0,160.0
120.99,120.99000000000038
70.0,70.0
60.0,60.0
80.0,80.0
85.0,85.0
55.0,55.0
75.0,75.0
80.0,80.0
48.0,48.0
105.0,105.0
45.0,45.0
75.0,75.0
35.97,35.96999999999991
50.0,50.0
99.97,99.96999999999994
110.0,110.0
155.0,155.0
42.0,42.0
85.0,85.0
70.0,70.0
65.0,65.0
195.0,195.0
110.0,110.0
115.0,115.0
210.0,210.0
48.0,48.0
125.0,125.0
200.0,200.0
120.99,120.99000000000038
60.0,60.0
175.0,175.0
55.0,55.0
35.0,35.0
35.0,35.0
135.0,135.0
68.0,68.0
42.0,42.0
89.97,89.97
106.97,106.9700000000004
120.0,120.0
125.0,125.0
190.0,190.0
85.97,85.97000000000007
54.0,54.0
48.0,48.0
32.0,32.0
115.0,115.0
157.99,157.9899999999998
125.0,125.0
37.0,37.0
25.97,25.969999999999963
80.0,80.0
85.0,85.0
150.0,150.0
40.0,40.0
170.0,170.0
48.0,48.0
365.0,365.0
78.97,78.97000000000007
50.0,50.0
100.0,100.0
150.0,150.0
98.0,98.0
140.99,140.98999999999984
28.0,28.0
135.0,135.0
74.0,74.0
51.97,51.969999999999985
125.0,125.0
190.0,190.0
60.97,60.97000000000002
200.0,200.0
165.0,165.0
180.0,180.0
165.0,165.0
47.0,47.0
28.97,28.969999999999946
130.0,130.0
110.0,110.0
120.99,120.99000000000038
40.0,40.0
125.0,125.0
120.0,120.0
170.0,170.0
590.0,590.0
190.0,190.0
55.97,55.97
118.0,118.0
130.0,130.0
100.0,100.0
75.0,75.0
90.0,90.0
60.0,60.0
135.0,135.0
35.0,35.0
85.0,85.0
69.97,69.97000000000003
100.0,100.0
22.0,22.0
130.0,130.0
28.0,28.0
50.0,50.0
42.0,42.0
100.0,100.0
115.0,115.0
180.0,180.0
395.0,395.0
40.0,40.0
150.0,150.0
210.0,210.0
150.0,150.0
133.99,133.98999999999998
48.0,48.0
48.0,48.0
100.97,100.96999999999993
88.97,88.97000000000001
64.0,64.0
80.0,80.0
105.0,105.0
160.0,160.0
190.0,190.0
35.0,35.0
34.97,34.969999999999935
34.97,34.969999999999935
100.0,100.0
90.0,90.0
100.0,100.0
24.97,24.969999999999974
95.0,95.0
21.97,21.96999999999999
95.0,95.0
40.0,40.0
325.0,325.0
105.0,105.0
74.97,74.97000000000006
72.0,72.0
105.0,105.0
270.0,270.0
100.0,100.0
68.0,68.0
24.97,25.05999999999998
106.97,106.9700000000004
125.0,125.0
21.97,21.96999999999999
150.0,150.0
175.0,175.0
175.0,175.0
140.0,140.0
125.0,125.0
55.97,55.97
170.0,170.0
137.97,137.96999999999977
165.0,165.0
123.97,123.96999999999984
210.0,210.0
94.0,94.0
31.97,31.9699999999999
225.0,225.0
69.97,69.97000000000003
55.0,55.0
125.0,125.0
180.0,180.0
61.97,61.97000000000003
58.0,58.0
190.0,190.0
64.0,64.0
90.0,90.0
175.0,175.0
150.0,150.0
28.97,28.969999999999956
95.0,95.0
235.0,235.0
130.0,130.0
100.0,100.0
35.0,35.0
90.0,90.0
40.0,40.0
60.0,60.0
41.0,41.0
24.97,24.969999999999967
155.0,155.0
85.0,85.0
55.0,55.0
80.0,80.0
42.97,42.96999999999993
70.0,70.0
135.0,135.0
64.0,64.0
120.0,120.0
210.0,210.0
240.0,240.0
150.0,150.0
80.0,80.0
130.0,130.0
105.0,105.0
80.0,80.0
157.97,157.96999999999971
165.0,165.0
175.0,175.0
41.97,41.96999999999989
42.0,42.0
175.0,175.0
82.97,82.97000000000007
30.97,30.96999999999995
190.0,190.0
34.0,34.0
31.97,31.899999999999945
80.0,80.0
130.0,130.0
130.0,130.0
135.0,135.0
190.0,190.0
105.0,105.0
150.0,150.0
45.0,45.0
120.0,120.0
80.0,80.0
90.0,90.0
165.0,165.0
75.0,75.0
170.0,170.0
35.0,35.0
90.0,90.0
150.0,150.0
160.0,160.0
25.0,25.0
160.0,160.0
84.97,84.97000000000006
35.0,35.0
45.0,45.0
60.97,60.97000000000002
165.0,165.0
57.0,57.0
170.0,170.0
55.0,55.0
210.0,210.0
125.0,125.0
45.0,45.0
165.0,165.0
160.0,160.0
105.0,105.0
75.0,75.0
55.0,55.0
105.0,105.0
36.0,36.0
21.97,21.969999999999995
55.0,55.0
180.0,180.0
65.0,65.0
35.0,35.0
74.97,74.97000000000006
80.0,80.0
40.0,40.0
100.0,100.0
90.0,90.0
95.0,95.0
45.0,45.0
80.0,80.0
27.0,27.0
165.0,165.0
170.0,170.0
36.97,36.96999999999992
130.0,130.0
30.0,30.0
90.0,90.0
106.97,106.9700000000004
325.0,325.0
115.0,115.0
80.0,80.0
16.0,16.0
80.0,80.0
190.0,190.0
42.0,42.0
80.0,80.0
140.0,140.0
164.99,164.98999999999992
42.0,42.0
150.0,150.0
40.0,40.0
95.0,95.0
175.0,175.0
165.0,165.0
180.0,180.0
170.0,170.0
165.0,165.0
100.0,100.0
130.0,130.0
150.0,150.0
106.97,106.9700000000004
125.0,125.0
140.0,140.0
105.0,105.0
136.97,136.96999999999977
105.0,105.0
90.0,90.0
45.0,45.0
95.0,95.0
106.97,106.9700000000004
130.0,130.0
125.0,125.0
120.99,120.99000000000038
95.0,95.0
90.0,90.0
95.0,95.0
70.0,70.0
200.0,200.0
115.0,115.0
200.0,200.0
90.0,90.0
66.97,66.97000000000004
125.0,125.0
95.0,95.0
90.0,90.0
24.0,24.0
120.0,120.0
280.0,280.0
25.0,25.0
61.97,61.97000000000003
150.0,150.0
155.0,155.0
105.0,105.0
16.0,16.0
100.0,100.0
40.0,40.0
105.0,105.0
45.0,45.0
35.0,35.0
105.0,105.0
31.97,31.969999999999896
147.99,147.9899999999999
120.0,120.0
130.0,130.0
115.0,115.0
122.99,122.9899999999998
235.0,235.0
44.97,44.96999999999991
135.0,135.0
95.0,95.0
145.0,145.0
28.97,28.969999999999956
110.0,110.0
140.0,140.0
82.97,82.97000000000006
48.0,48.0
130.0,130.0
44.97,44.969999999999935
110.0,110.0
40.0,40.0
90.0,90.0
145.0,145.0
150.0,150.0
50.0,50.0
65.0,65.0
34.0,34.0
120.99,120.99000000000038
75.0,75.0
150.0,150.0
245.0,245.0
50.0,50.0
44.97,44.95999999999994
80.0,80.0
30.0,30.0
260.0,260.0
105.0,105.0
68.0,68.0
185.0,185.0
375.0,375.0
100.0,100.0
85.97,85.97000000000007
40.0,40.0
95.0,95.0
133.99,133.98999999999998
95.0,95.0
67.0,67.0
105.0,105.0
55.0,55.0
42.0,42.0
85.97,85.97000000000007
42.0,42.0
90.0,90.0
55.0,55.0
135.0,135.0
110.0,110.0
75.0,75.0
130.0,130.0
42.0,42.0
125.0,125.0
24.5,24.5
51.97,51.969999999999985
189.99,189.99000000000007
95.0,95.0
32.0,32.0
30.0,30.0
120.0,120.0
40.0,40.0
270.0,270.0
70.0,70.0
150.0,150.0
40.0,40.0
130.97,130.9699999999998
48.0,48.0
80.0,80.0
182.99,182.99000000000007
147.99,147.9899999999999
55.0,55.0
45.0,45.0
106.97,106.9700000000004
40.0,40.0
45.0,45.0
70.0,70.0
89.97,89.97
171.99,171.9899999999999
45.0,45.0
51.97,51.969999999999985
80.0,80.0
24.97,24.969999999999974
82.97,82.97000000000007
60.97,60.97000000000002
47.97,47.96999999999996
106.97,106.9700000000004
70.0,70.0
125.0,125.0
225.0,225.0
40.0,40.0
60.0,60.0
40.0,40.0
89.97,89.97
80.0,80.0
105.0,105.0
225.0,225.0
90.0,90.0
85.0,85.0
54.0,54.0
100.0,100.0
205.97,205.3402
51.97,51.969999999999985
45.0,45.0
68.97,68.97000000000004
90.0,90.0
93.97,93.96999999999998
75.0,75.0
225.0,225.0
42.0,42.0
165.0,165.0
47.97,47.97029999999996
35.0,35.0
50.0,50.0
85.0,85.0
275.0,275.0
95.0,95.0
20.97,21.060000000000016
40.0,40.0
125.0,125.0
135.0,135.0
72.97,72.97000000000004
35.97,35.95999999999993
105.0,105.0
190.0,190.0
100.0,100.0
190.0,190.0
90.0,90.0
85.0,85.0
40.0,40.0
90.0,90.0
47.0,47.0
147.0,147.0
165.0,165.0
147.99,147.9899999999999
42.0,42.0
135.0,135.0
20.0,20.0
75.0,75.0
85.0,85.0
120.0,120.0
115.0,115.0
95.0,95.0
165.0,165.0
90.0,90.0
235.0,235.0
99.97,99.96999999999994
170.0,170.0
90.0,90.0
115.0,115.0
65.0,65.0
45.0,45.0
100.0,100.0
170.0,170.0
150.0,150.0
60.0,60.0
47.0,47.0
80.0,80.0
40.0,40.0
180.0,180.0
150.0,150.0
89.97,89.97000000000001
120.0,120.0
45.0,45.0
20.97,20.980000000000018
96.97,96.96999999999997
210.0,210.0
110.0,110.0
32.0,32.0
285.0,285.0
89.97,89.97
125.0,125.0
115.0,115.0
240.0,240.0
120.0,120.0
85.0,85.0
48.0,48.0
99.97,99.96999999999994
72.97,72.97000000000006
180.0,180.0
200.0,200.0
40.0,40.0
105.0,105.0
48.0,48.0
40.0,40.0
235.0,235.0
90.0,90.0
235.0,235.0
35.0,35.0
150.0,150.0
180.0,180.0
115.0,115.0
150.0,150.0
175.0,175.0
75.97,75.97000000000007
64.0,64.0
42.0,42.0
95.0,95.0
85.97,85.97000000000007
56.0,56.0
115.0,115.0
120.0,120.0
155.0,155.0
32.0,32.0
55.0,55.0
55.0,55.0
30.0,30.0
145.0,145.0
180.0,180.0
55.97,55.97
150.0,150.0
200.0,200.0
130.0,130.0
85.0,85.0
185.0,185.0
42.0,42.0
100.0,100.0
32.0,32.0
150.0,150.0
90.0,90.0
40.0,40.0
200.0,200.0
210.0,210.0
95.0,95.0
130.0,130.0
66.97,66.97000000000006
135.0,135.0
51.97,51.969999999999985
160.0,160.0
85.0,85.0
90.0,90.0
200.0,200.0
225.0,225.0
40.0,40.0
69.97,69.97000000000003
60.0,60.0
78.0,78.0
90.0,90.0
185.0,185.0
85.0,85.0
61.97,61.97000000000003
55.97,55.97
175.0,175.0
64.0,64.0
190.0,190.0
165.0,165.0
85.0,85.0
135.0,135.0
151.97,151.96999999999974
85.0,85.0
40.0,40.0
205.0,205.0
64.97,64.97000000000004
190.0,190.0
55.0,55.0
40.0,40.0
68.0,68.0
100.0,100.0
175.0,175.0
75.0,75.0
35.0,35.0
75.0,75.0
48.97,48.96999999999994
115.0,115.0
60.0,60.0
70.0,70.0
165.0,165.0
55.0,55.0
62.0,62.0
120.0,120.0
145.0,145.0
200.0,200.0
150.0,150.0
68.97,68.97000000000004
135.0,135.0
110.0,110.0
45.0,45.0
105.0,105.0
120.0,120.0
100.0,100.0
210.0,210.0
125.0,125.0
125.0,125.0
90.0,90.0
55.97,55.98
72.97,72.97000000000004
330.0,330.0
70.0,70.0
87.97,87.96000000000004
110.0,110.0
145.0,145.0
45.0,45.0
103.97,103.96999999999993
60.0,60.0
120.99,120.99000000000038
58.0,58.0
160.0,160.0
135.0,135.0
75.0,75.0
170.0,170.0
200.0,200.0
105.0,105.0
130.97,130.9699999999998
80.0,80.0
200.0,200.0
115.0,115.0
249.99,248.06
75.97,75.97000000000004
135.0,135.0
35.97,35.96999999999991
74.0,74.0
200.0,200.0
55.0,55.0
35.0,35.0
80.0,80.0
36.0,36.0
40.0,40.0
95.0,95.0
65.0,65.0
85.0,85.0
110.0,110.0
80.0,80.0
75.0,75.0
68.0,68.0
72.97,72.97000000000004
150.99,150.9899999999998
145.0,145.0
360.0,360.0
395.0,395.0
169.0,169.19
95.0,95.0
100.0,100.0
28.97,28.969999999999956
48.97,48.96999999999994
210.0,210.0
47.0,47.0
200.0,200.0
142.97,142.96999999999977
35.0,35.0
47.97,47.96999999999996
245.0,245.0
51.97,51.93999999999998
58.0,58.0
200.0,200.0
100.0,100.0
30.0,30.0
45.0,45.0
120.0,120.0
175.0,175.0
130.0,130.0
64.97,64.97000000000004
40.0,40.0
120.0,120.0
120.0,120.0
175.0,175.0
225.0,225.0
190.0,190.0
170.0,170.0
210.0,210.0
155.0,155.0
90.0,90.0
125.0,125.0
150.0,150.0
150.0,150.0
35.97,35.979999999999926
37.0,37.0
58.97,58.97000000000002
120.99,120.99000000000038
68.0,68.0
100.0,100.0
165.0,165.0
159.0,159.23
133.99,133.98999999999998
76.97,76.97000000000007
70.0,70.0
32.0,32.0
45.0,45.0
40.0,40.0
95.0,95.0
48.0,48.0
69.97,69.97000000000006
95.0,95.0
30.97,30.96999999999995
55.0,55.0
55.0,55.0
64.97,64.97000000000004
41.97,41.96999999999989
160.0,160.0
85.0,85.0
190.0,190.0
75.0,75.0
100.0,100.0
60.0,60.0
135.0,135.0
120.0,120.0
260.0,260.0
45.0,45.0
115.0,115.0
55.0,55.0
35.0,35.0
120.99,120.99000000000038
28.97,28.969999999999956
200.97,201.56019999999998
106.97,106.9700000000004
29.97,29.969999999999956
95.0,95.0
80.0,80.0
40.0,40.0
95.0,95.0
100.0,100.0
200.0,200.0
65.0,65.0
80.0,80.0
80.0,80.0
45.0,45.0
106.97,106.9700000000004
65.0,65.0
115.0,115.0
122.99,122.9899999999998
78.97,78.97000000000007
170.0,170.0
45.0,45.0
35.0,35.0
160.0,160.0
120.0,120.0
130.0,130.0
120.0,120.0
150.0,150.0
105.0,105.0
147.99,147.9899999999999
85.0,85.0
160.0,160.0
65.0,65.0
51.97,51.969999999999985
75.0,75.0
60.97,60.97000000000002
34.97,34.969999999999935
145.0,145.0
70.0,70.0
80.0,80.0
140.0,140.0
60.0,60.0
70.0,70.0
160.0,160.0
75.0,75.0
395.0,395.0
150.0,150.0
80.0,80.0
120.99,120.99000000000038
78.97,78.97000000000007
170.0,170.0
180.0,180.0
217.99,217.99000000000026
65.0,65.0
135.0,135.0
37.97,37.969999999999885
150.0,150.0
225.0,225.0
60.0,60.0
110.0,110.0
54.0,54.0
175.0,175.0
78.97,78.97000000000007
22.0,22.0
62.97,62.97
220.0,220.0
245.0,245.0
40.0,40.0
85.97,85.97000000000007
120.0,120.0
60.0,60.0
210.0,210.0
95.0,95.0
130.0,130.0
125.0,125.0
110.0,110.0
64.0,64.0
245.0,245.0
28.97,28.969999999999956
45.0,45.0
235.0,235.0
105.0,105.0
147.99,147.9899999999999
165.0,165.0
80.0,80.0
360.0,360.0
165.0,165.0
105.0,105.0
24.97,24.969999999999974
225.0,225.0
95.0,95.0
225.0,225.0
58.97,58.9700000000001
225.0,225.0
100.0,100.0
165.0,165.0
170.0,170.0
125.0,125.0
28.97,28.969999999999956
67.97,67.97000000000004
157.99,157.9899999999998
200.0,200.0
120.0,120.0
68.97,68.91000000000004
190.0,190.0
120.0,120.0
145.0,145.0
120.0,120.0
110.0,110.0
230.0,230.0
64.0,64.0
28.97,28.969999999999956
170.0,170.0
175.0,175.0
45.0,45.0
235.0,235.0
96.97,96.96999999999997
55.0,55.0
200.0,200.0
135.0,135.0
85.0,85.0
65.97,65.97000000000001
60.0,60.0
49.0,49.0
90.0,90.0
147.99,147.9899999999999
185.0,185.0
75.0,75.0
40.0,40.0
60.0,60.0
90.0,90.0
100.0,100.0
62.97,62.970000000000006
45.0,45.0
150.0,150.0
125.0,125.0
130.0,130.0
65.97,65.97000000000004
35.0,35.0
135.0,135.0
190.0,190.0
135.0,135.0
115.0,115.0
160.0,160.0
29.97,29.969999999999956
41.97,41.96999999999989
180.0,180.0
110.0,110.0
175.0,175.0
65.97,65.97000000000001
170.0,170.0
74.97,74.97000000000006
195.0,195.0
195.0,195.0
85.0,85.0
170.0,170.0
135.0,135.0
68.0,68.0
25.97,25.969999999999963
100.0,100.0
100.0,100.0
175.0,175.0
100.0,100.0
100.0,100.0
45.97,45.96999999999994
85.0,85.0
92.97,92.97
80.0,80.0
70.0,70.0
120.0,120.0
295.0,295.0
82.97,82.97000000000006
75.0,75.0
80.0,80.0
29.97,29.969999999999956
215.0,215.0
55.0,55.0
28.0,28.0
151.97,151.96999999999974
190.0,190.0
110.0,110.0
135.0,135.0
65.0,65.0
150.0,150.0
65.0,65.0
65.0,65.0
80.0,80.0
90.0,90.0
133.99,133.98999999999998
150.0,150.0
135.0,135.0
50.0,50.0
220.97,220.97000000000008
72.97,72.97000000000006
120.99,120.99000000000038
60.0,60.0
55.97,55.97
85.0,85.0
170.0,170.0
375.0,375.0
127.99,127.98499999999984
120.0,120.0
150.0,150.0
60.0,60.0
65.97,65.97000000000001
37.97,37.969999999999885
65.0,65.0
40.0,40.0
85.0,85.0
200.0,200.0
140.0,140.0
375.0,375.0
16.97,16.970000000000024
80.0,80.0
47.0,47.0
175.0,175.0
61.97,61.97000000000003
140.0,140.0
55.97,55.97
125.0,125.0
155.0,155.0
75.0,75.0
40.0,40.0
110.0,110.0
95.0,95.0
170.0,170.0
195.0,195.0
89.97,89.97
44.97,44.96999999999991
145.0,145.0
45.0,45.0
135.0,135.0
85.0,85.0
340.0,340.0
85.0,85.0
120.0,120.0
168.0,168.02
145.0,145.0
65.0,65.0
100.0,100.0
170.0,170.0
35.0,35.0
60.0,60.0
26.97,26.999999999999968
80.0,80.0
100.0,100.0
40.0,40.0
55.0,55.0
45.0,45.0
360.0,360.0
72.97,72.97000000000006
108.97,108.96999999999989
35.0,35.0
60.0,60.0
115.0,115.0
78.0,78.0
55.97,55.97
200.0,200.0
65.0,65.0
225.0,225.0
130.0,130.0
70.0,70.0
40.0,40.0
210.0,210.0
125.0,125.0
130.0,130.0
75.97,75.97000000000006
80.0,80.0
75.97,75.97000000000004
24.5,24.4947
130.0,130.0
135.0,135.0
44.97,44.96999999999991
40.0,40.0
120.0,120.0
70.0,70.0
210.0,210.0
160.0,160.0
165.0,165.0
155.0,155.0
85.0,85.0
37.0,37.0
17.97,17.800000000000022
75.0,75.0
100.0,100.0
370.0,370.0
200.0,200.0
72.97,73.31000000000006
45.0,45.0
155.0,155.0
85.0,85.0
100.0,100.0
105.0,105.0
235.0,235.0
48.97,48.96999999999994
120.99,120.99000000000036
140.0,140.0
85.0,85.0
161.99,162.12999999999982
41.97,41.96999999999989
170.0,170.0
115.0,115.0
92.97,92.97
40.0,40.0
175.0,175.0
74.97,74.97000000000006
120.0,120.0
125.0,125.0
185.0,185.0
100.0,100.0
170.0,170.0
115.0,115.0
330.0,330.0
80.0,80.0
80.0,80.0
90.0,90.0
70.97,70.97000000000006
28.97,28.969999999999956
140.0,140.0
80.0,80.0
135.0,135.0
235.0,235.0
106.97,106.9700000000004
55.0,55.0
150.0,150.0
85.0,85.0
28.97,28.969999999999956
80.0,80.0
40.0,40.0
85.0,85.0
48.0,48.0
75.0,75.0
55.0,55.0
115.0,115.0
100.0,100.0
189.99,189.99000000000007
170.0,170.0
110.0,110.0
85.97,85.97000000000007
75.0,75.0
157.99,157.9899999999998
135.0,135.0
70.0,70.0
135.0,135.0
220.0,220.0
90.0,90.0
150.0,150.0
340.0,340.0
40.0,40.0
42.0,42.0
130.0,130.0
170.0,170.0
133.99,133.98999999999998
115.0,115.0
85.0,85.0
135.0,135.0
225.0,225.0
45.0,45.0
94.0,94.0
95.0,95.0
98.0,98.0
171.99,171.9899999999999
80.0,80.0
90.0,90.0
165.0,165.0
155.0,155.0
105.0,105.0
75.97,75.97000000000004
80.0,80.0
92.97,92.97
68.0,68.0
105.0,105.0
160.0,160.0
85.97,85.97000000000007
140.0,140.0
90.0,90.0
85.0,85.0
40.0,40.0
100.0,100.0
145.0,145.0
73.97,73.97000000000007
55.0,55.0
85.0,85.0
90.0,90.0
170.0,170.0
40.0,40.0
140.0,140.0
126.99,126.9899999999998
120.0,120.0
100.0,100.0
245.0,245.0
65.0,65.0
75.0,75.0
210.0,210.0
110.0,110.0
175.0,175.0
150.0,150.0
68.0,68.0
45.0,45.0
19.97,19.970000000000024
70.0,70.0
35.0,35.0
125.0,125.0
285.0,285.0
80.0,80.0
58.97,58.9700000000001
34.0,34.0
85.97,85.97000000000007
70.0,70.0
40.0,40.0
60.97,60.97000000000002
100.0,100.0
82.97,82.97000000000006
225.0,225.0
70.0,70.0
150.0,150.0
50.0,50.0
25.0,25.0
95.0,95.0
110.0,110.0
74.97,74.97000000000006
105.0,105.0
105.0,105.0
245.0,245.0
80.0,80.0
85.0,85.0
200.0,200.0
25.0,25.0
80.0,80.0
150.0,150.0
105.0,105.0
135.0,135.0
63.97,63.970000000000034
75.0,75.0
165.0,165.0
80.0,80.0
44.97,44.96999999999991
48.0,48.0
70.0,70.0
125.0,125.0
120.0,120.0
145.0,145.0
112.97,112.96999999999987
19.97,19.970000000000024
205.0,205.0
170.0,170.0
385.0,385.0
140.0,140.0
100.0,100.0
65.0,65.0
74.97,74.97000000000006
140.0,140.0
190.0,190.0
85.0,85.0
125.0,125.0
55.0,55.0
110.0,110.0
180.0,180.0
28.0,28.0
245.0,245.0
32.0,32.0
105.97,105.96999999999991
190.0,190.0
125.0,125.0
35.97,35.96999999999991
95.0,95.0
35.0,35.0
65.97,65.97000000000004
45.0,45.0
85.97,85.97000000000006
175.0,175.0
120.99,120.99000000000038
85.0,85.0
50.0,50.0
55.97,55.97
220.0,220.0
90.0,90.0
20.0,20.0
130.0,130.0
75.0,75.0
100.0,100.0
150.0,150.0
65.97,65.97000000000001
95.0,95.0
133.99,133.98999999999998
160.0,160.0
115.0,115.0
175.0,175.0
100.0,100.0
84.97,84.97000000000006
130.0,130.0
80.0,80.0
355.0,355.0
37.97,37.969999999999885
135.0,135.0
100.0,100.0
150.0,150.0
60.0,60.0
90.0,90.0
38.0,38.0
35.0,35.0
225.0,225.0
225.0,225.0
95.0,95.0
40.0,40.0
40.0,40.0
85.0,85.0
100.0,100.0
120.0,120.0
120.99,120.99000000000038
78.97,78.97000000000007
190.0,190.0
104.97,104.96999999999993
105.0,105.0
35.0,35.0
55.0,55.0
175.0,175.0
125.0,125.0
68.0,68.0
65.0,65.0
115.0,115.0
62.97,62.97
175.0,175.0
70.0,70.0
80.0,80.0
40.0,40.0
45.0,45.0
80.97,80.97000000000007
60.0,60.0
160.0,160.0
36.97,36.95999999999992
70.0,70.0
100.0,100.0
235.0,235.0
120.0,120.0
190.0,190.0
130.0,130.0
155.0,155.0
70.0,70.0
120.0,120.0
52.0,52.0
60.0,60.0
130.0,130.0
35.97,35.96999999999991
18.97,19.020000000000024
145.0,145.0
119.97,119.96999999999986
58.97,58.97000000000002
70.0,70.0
80.0,80.0
35.0,35.0
65.0,65.0
106.97,106.9700000000004
24.0,24.0
26.97,26.969999999999967
82.97,82.97000000000006
375.0,375.0
175.0,175.0
55.97,55.970000000000006
17.97,17.970000000000024
90.0,90.0
210.0,210.0
70.0,70.0
105.0,105.0
80.0,80.0
105.0,105.0
45.0,45.0
75.97,75.97000000000006
165.0,165.0
80.0,80.0
175.0,175.0
35.0,35.0
90.0,90.0
72.97,73.02000000000007
235.0,235.0
110.0,110.0
90.0,90.0
175.0,175.0
44.97,44.96999999999991
55.97,55.97
157.97,157.96999999999971
45.0,45.0
95.0,95.0
95.0,95.0
85.0,85.0
106.97,106.9700000000004
90.0,90.0
65.0,65.0
235.0,235.0
50.0,50.0
150.99,150.9899999999998
235.0,235.0
35.0,35.0
210.0,210.0
80.0,80.0
100.0,100.0
58.0,58.0
32.0,32.0
120.99,120.99000000000038
80.0,80.0
125.0,125.0
225.0,225.0
56.0,56.0
245.0,245.0
40.0,40.0
29.97,29.969999999999956
76.0,76.0
80.0,80.0
165.0,165.0
115.0,115.0
125.0,125.0
75.0,75.0
105.0,105.0
135.0,135.0
105.0,105.0
100.0,100.0
95.0,95.0
60.0,60.0
100.0,100.0
160.0,160.0
175.0,175.0
135.0,135.0
175.0,175.0
60.0,60.0
37.97,37.969999999999885
44.97,44.96999999999991
135.0,135.0
34.0,34.0
308.97,309.05060000000043
85.0,85.0
47.97,47.929999999999964
160.0,160.0
175.0,175.0
75.0,75.0
41.97,41.96999999999989
245.0,245.0
245.0,245.0
65.0,65.0
20.97,20.92000000000002
72.97,73.30000000000007
65.0,65.0
80.0,80.0
145.0,145.0
130.0,130.0
47.0,47.0
80.0,80.0
24.97,24.969999999999967
225.0,225.0
120.99,120.99000000000038
230.0,230.0
120.99,120.99000000000038
25.0,25.0
90.0,90.0
40.0,40.0
100.0,100.0
130.0,130.0
145.0,145.0
60.0,60.0
78.97,78.97000000000007
55.97,55.970000000000006
40.0,40.0
55.0,55.0
42.0,42.0
105.0,105.0
235.0,235.0
280.0,280.0
155.0,155.0
160.0,160.0
145.0,145.0
210.0,210.0
105.0,105.0
55.0,55.0
145.0,145.0
85.0,85.0
35.0,35.0
115.0,115.0
35.0,35.0
135.0,135.0
130.0,130.0
40.0,40.0
135.0,135.0
135.0,135.0
190.0,190.0
135.0,135.0
100.97,100.96999999999994
64.0,64.0
47.0,47.0
24.97,24.969999999999967
65.0,65.0
100.97,100.96999999999993
225.0,225.0
235.0,235.0
65.0,65.0
38.0,38.0
100.0,100.0
100.0,100.0
68.0,68.0
37.97,37.969999999999885
85.0,85.0
54.97,54.97
70.0,70.0
47.0,47.0
55.0,55.0
225.0,225.0
80.0,80.0
120.0,120.0
55.0,55.0
85.97,85.97000000000007
45.0,45.0
125.0,125.0
140.0,140.0
55.0,55.0
85.0,85.0
55.0,55.0
170.0,170.0
150.0,150.0
235.0,235.0
165.0,165.0
165.0,165.0
55.0,55.0
78.97,78.97000000000007
85.0,85.0
65.0,65.0
130.0,130.0
75.97,75.97000000000007
210.0,210.0
51.97,51.969999999999985
68.0,68.0
72.0,72.0
130.0,130.0
68.97,68.97000000000004
70.0,70.0
151.97,151.96999999999974
80.0,80.0
44.97,44.96999999999991
68.0,68.0
35.97,35.96999999999991
30.0,30.0
100.0,100.0
37.0,37.0
80.0,80.0
85.0,85.0
44.97,44.96999999999991
65.0,65.0
130.0,130.0
310.0,310.0
55.0,55.0
45.0,45.0
150.0,150.0
150.0,150.0
190.0,190.0
78.0,78.0
45.0,45.0
61.97,61.97000000000003
85.0,85.0
62.0,62.0
24.97,24.969999999999974
130.0,130.0
150.0,150.0
133.99,133.98999999999998
210.0,210.0
140.0,140.0
51.97,51.969999999999985
230.0,230.0
125.0,125.0
50.0,50.0
65.0,65.0
65.0,65.0
200.0,200.0
26.97,26.969999999999967
45.0,45.0
60.0,60.0
65.0,65.0
35.97,35.96999999999991
115.0,115.0
106.97,106.9700000000004
65.0,65.0
120.0,120.0
325.0,325.0
80.0,80.0
170.0,170.0
95.0,95.0
76.97,76.97000000000007
80.0,80.0
44.97,44.969999999999935
225.0,225.0
28.0,28.0
125.0,125.0
40.0,40.0
60.0,60.0
60.0,60.0
75.97,75.97000000000004
92.97,92.97
64.0,64.0
130.0,130.0
21.97,21.96999999999999
85.0,85.0
115.0,115.0
82.97,82.97000000000007
50.0,50.0
95.0,95.0
85.0,85.0
50.0,50.0
55.0,55.0
36.0,36.0
270.0,270.0
100.0,100.0
105.0,105.0
63.97,63.970000000000034
160.0,160.0
75.0,75.0
69.97,69.97000000000003
22.0,22.0
106.97,106.9700000000004
210.0,210.0
80.0,80.0
48.97,48.959999999999944
28.97,28.969999999999956
80.0,80.0
55.0,55.0
30.97,30.96999999999995
55.97,55.97
105.0,105.0
120.0,120.0
125.0,125.0
36.0,36.0
115.0,115.0
355.0,355.0
140.0,140.0
35.0,35.0
170.0,170.0
51.97,51.969999999999985
130.0,130.0
65.0,65.0
115.0,115.0
75.0,75.0
95.0,95.0
80.0,80.0
155.0,155.0
140.0,140.0
90.0,90.0
55.0,55.0
140.0,140.0
120.99,120.99000000000038
67.97,67.97000000000004
264.99,264.9900000000005
80.0,80.0
62.97,62.970000000000006
75.0,75.0
31.97,31.9699999999999
78.97,78.97000000000007
95.0,95.0
132.97,133.0199999999998
38.0,38.0
40.0,40.0
125.0,125.0
65.0,65.0
100.0,100.0
175.0,175.0
245.0,245.0
147.99,147.9899999999999
350.0,350.0
100.0,100.0
55.0,55.0
65.97,65.97000000000001
95.0,95.0
123.97,123.96999999999984
44.97,44.96999999999991
80.0,80.0
75.0,75.0
100.0,100.0
28.97,28.969999999999956
180.0,180.0
69.97,69.97000000000003
235.0,235.0
130.0,130.0
145.0,145.0
81.97,82.01000000000008
19.97,19.970000000000024
24.97,24.96999999999998
65.0,65.0
32.97,32.96999999999994
45.97,45.96999999999994
80.0,80.0
120.0,120.0
100.0,100.0
32.0,32.0
175.0,175.0
90.0,90.0
55.0,55.0
58.97,58.9700000000001
140.0,140.0
185.0,185.0
90.0,90.0
24.97,24.969999999999978
68.0,68.0
188.97,188.9699999999999
120.0,120.0
64.0,64.0
51.97,51.98029999999998
35.0,35.0
125.0,125.0
100.0,100.0
97.97,97.96999999999997
75.0,75.0
45.0,45.0
75.0,75.0
62.0,62.0
164.99,164.98999999999992
190.0,190.0
45.0,45.0
65.0,65.0
100.0,100.0
60.0,60.0
80.0,80.0
190.0,190.0
120.99,120.98999999999982
34.97,34.969999999999935
45.0,45.0
40.0,40.0
235.0,235.0
115.0,115.0
65.0,65.0
170.0,170.0
16.97,16.93000000000002
58.97,58.9700000000001
85.0,85.0
125.0,125.0
76.97,76.97000000000007
135.0,135.0
130.0,130.0
375.0,375.0
65.97,65.97000000000004
360.0,360.0
30.97,31.009999999999945
120.0,120.0
100.0,100.0
80.0,80.0
35.0,35.0
47.0,47.0
86.97,86.97000000000004
130.0,130.0
180.0,180.0
41.97,41.96999999999989
95.0,95.0
120.0,120.0
240.0,240.0
58.97,58.9700000000001
55.97,55.97
130.0,130.0
104.97,104.96999999999993
125.0,125.0
170.0,170.0
64.0,64.0
75.0,75.0
85.0,85.0
65.0,65.0
150.0,150.0
23.97,25.509999999999977
125.0,125.0
175.0,175.0
60.0,60.0
115.0,115.0
90.0,90.0
210.0,210.0
85.0,85.0
160.0,160.0
90.0,90.0
125.0,125.0
40.0,40.0
235.0,235.0
82.97,82.97000000000006
175.0,175.0
72.97,72.97000000000004
160.0,160.0
115.0,115.0
45.0,45.0
75.0,75.0
42.97,42.96999999999993
110.0,110.0
26.97,26.969999999999967
105.0,105.0
115.0,115.0
45.0,45.0
80.0,80.0
175.0,175.0
80.0,80.0
170.0,170.0
200.0,200.0
80.0,80.0
65.0,65.0
175.0,175.0
35.0,35.0
100.0,100.0
74.0,74.0
135.0,135.0
45.0,45.0
85.0,85.0
285.0,285.0
160.0,160.0
135.0,135.0
40.0,40.0
65.97,65.97000000000001
130.0,130.0
175.0,175.0
210.0,210.0
80.0,80.0
130.0,130.0
100.0,100.0
30.0,30.0
42.0,42.0
175.0,175.0
42.0,42.0
178.0,178.06
130.0,130.0
85.0,85.0
120.0,120.0
85.0,85.0
375.0,375.0
68.0,68.0
130.0,130.0
86.97,86.97000000000004
140.0,140.0
59.0,59.0
80.0,80.0
90.0,90.0
115.0,115.0
64.0,64.0
75.0,75.0
45.0,45.0
55.97,55.97
395.0,395.0
24.97,24.969999999999985
165.0,165.0
74.0,74.0
105.0,105.0
200.0,200.0
23.97,23.96999999999999
68.97,68.97000000000004
72.97,72.97000000000004
75.97,75.97000000000006
55.97,55.97
90.0,90.0
45.0,45.0
120.0,120.0
47.0,47.0
46.0,46.0
35.0,35.0
95.0,95.0
85.0,85.0
106.97,106.9700000000004
85.0,85.0
28.97,28.969999999999956
40.0,40.0
70.0,70.0
55.0,55.0
80.0,80.0
165.0,165.0
175.0,175.0
135.0,135.0
32.97,32.96999999999994
42.0,42.0
35.0,35.0
105.0,105.0
210.0,210.0
95.0,95.0
270.0,270.0
75.0,75.0
150.0,150.0
65.0,65.0
69.97,69.97000000000003
65.0,65.0
230.0,230.0
200.0,200.0
55.0,55.0
75.0,75.0
68.0,68.0
182.99,182.99000000000007
80.0,80.0
105.0,105.0
85.0,85.0
150.0,150.0
21.97,21.96999999999999
230.0,230.0
125.0,125.0
350.0,350.0
78.97,78.97000000000007
80.0,80.0
90.0,90.0
35.0,35.0
85.0,85.0
235.0,235.0
90.0,90.0
35.0,35.0
100.0,100.0
140.0,140.0
85.0,85.0
90.0,90.0
100.0,100.0
28.0,28.0
32.0,32.0
95.0,95.0
103.97,103.96999999999993
135.0,135.0
210.0,210.0
35.0,35.0
130.0,130.0
45.0,45.0
32.0,32.0
225.0,225.0
90.0,90.0
150.0,150.0
60.0,60.0
135.0,135.0
140.0,140.0
41.97,41.96999999999989
200.0,200.0
153.97,154.12019999999973
44.0,44.0
150.0,150.0
58.97,58.97000000000002
120.99,120.99000000000038
50.0,50.0
155.0,155.0
37.0,37.0
40.0,40.0
145.0,145.0
100.0,100.0
42.0,42.0
100.0,100.0
145.0,145.0
89.97,89.97
42.0,42.0
48.97,48.96999999999994
37.0,37.0
45.0,45.0
37.97,37.969999999999885
155.0,155.0
62.0,62.0
135.0,135.0
100.0,100.0
68.0,68.0
95.0,95.0
90.0,90.0
95.0,95.0
95.0,95.0
65.0,65.0
24.97,24.969999999999974
60.97,60.97000000000002
85.0,85.0
50.0,50.0
65.0,65.0
125.0,125.0
55.0,55.0
45.0,45.0
120.0,120.0
70.0,70.0
32.0,32.0
95.0,95.0
85.0,85.0
85.97,85.97000000000007
142.97,142.96999999999977
95.0,95.0
140.0,140.0
80.0,80.0
35.0,35.0
150.0,150.0
145.0,145.0
165.0,165.0
300.0,300.0
175.0,175.0
120.99,120.98999999999982
32.97,32.96999999999994
145.0,145.0
28.0,28.0
65.0,65.0
65.0,65.0
70.97,70.97000000000006
150.0,150.0
100.0,100.0
150.0,150.0
58.97,58.9700000000001
90.0,90.0
90.0,90.0
105.0,105.0
360.0,360.0
90.0,90.0
28.0,28.0
75.0,75.0
110.0,110.0
95.0,95.0
50.0,50.0
95.0,95.0
85.0,85.0
50.0,50.0
360.0,360.0
125.0,125.0
80.0,80.0
105.0,105.0
55.97,55.97
170.0,170.0
235.0,235.0
65.0,65.0
90.0,90.0
75.0,75.0
60.0,60.0
130.0,130.0
120.0,120.0
39.97,39.969999999999914
140.99,140.98999999999984
45.0,45.0
45.0,45.0
19.97,19.970000000000024
42.0,42.0
150.0,150.0
77.0,77.0
24.97,25.019999999999982
120.0,120.0
42.97,42.96999999999993
125.0,125.0
120.0,120.0
123.97,123.96999999999984
32.0,32.0
26.97,26.969999999999967
40.0,40.0
175.0,175.0
45.0,45.0
100.0,100.0
80.0,80.0
125.0,125.0
68.0,68.0
100.0,100.0
260.0,260.0
69.97,69.97000000000003
200.0,200.0
100.0,100.0
130.0,130.0
130.0,130.0
100.0,100.0
38.0,38.0
155.0,155.0
55.0,55.0
85.97,85.97000000000007
75.0,75.0
37.0,37.0
215.0,215.0
51.97,51.969999999999985
135.0,135.0
41.97,41.96999999999989
50.0,50.0
120.0,120.0
48.97,48.96999999999994
95.0,95.0
45.0,45.0
60.0,60.0
80.0,80.0
99.97,99.96999999999994
185.0,185.0
95.0,95.0
99.97,99.96999999999994
170.0,170.0
44.97,44.96999999999991
46.0,46.0
170.0,170.0
175.0,175.0
55.0,55.0
80.0,80.0
35.0,35.0
64.97,64.97000000000004
135.0,135.0
95.0,95.0
75.0,75.0
26.97,26.969999999999967
145.0,145.0
125.0,125.0
50.0,50.0
80.0,80.0
83.97,83.97000000000007
90.0,90.0
48.97,48.96999999999994
130.0,130.0
80.0,80.0
395.0,395.0
90.0,90.0
55.0,55.0
48.97,48.96999999999994
37.0,37.0
65.97,65.97000000000004
105.0,105.0
175.0,175.0
55.0,55.0
27.0,27.0
19.97,19.990000000000023
80.0,80.0
75.0,75.0
108.0,108.0
34.0,34.0
125.0,125.0
95.0,95.0
140.0,140.0
69.97,69.97000000000003
590.0,590.0
120.0,120.0
75.0,75.0
42.0,42.0
35.0,35.0
80.0,80.0
90.0,90.0
60.0,60.0
95.0,95.0
60.0,60.0
160.0,160.0
100.0,100.0
72.97,72.88000000000007
200.0,200.0
190.0,190.0
85.0,85.0
90.0,90.0
95.0,95.0
90.0,90.0
25.0,25.0
164.99,164.98999999999992
175.0,175.0
90.0,90.0
70.0,70.0
150.0,150.0
80.0,80.0
90.0,90.0
115.0,115.0
40.0,40.0
42.97,42.95999999999993
80.0,80.0
135.0,135.0
75.0,75.0
35.97,35.96999999999991
175.0,175.0
100.0,100.0
115.0,115.0
60.0,60.0
80.0,80.0
42.0,42.0
80.0,80.0
95.0,95.0
47.0,47.0
200.0,200.0
75.0,75.0
245.0,245.0
50.0,50.0
95.0,95.0
182.99,182.99000000000007
120.99,120.99000000000038
55.0,55.0
68.0,68.0
190.0,190.0
97.97,97.96999999999997
95.0,95.0
300.0,300.0
65.97,65.97000000000001
75.0,75.0
130.0,130.0
225.0,225.0
155.0,155.0
115.0,115.0
170.0,170.0
42.0,42.0
190.0,190.0
56.97,56.970000000000006
75.97,75.97000000000004
175.0,175.0
115.0,115.0
80.0,80.0
30.0,30.0
210.0,210.0
120.99,120.99000000000038
150.0,150.0
80.0,80.0
120.0,120.0
90.0,90.0
85.0,85.0
175.0,175.0
80.0,80.0
29.97,31.169999999999945
95.0,95.0
80.97,80.97000000000007
75.0,75.0
135.0,135.0
85.97,85.97000000000007
160.0,160.0
40.97,40.96999999999991
145.0,145.0
100.0,100.0
45.0,45.0
120.99,120.99000000000038
115.0,115.0
182.99,182.99000000000007
60.0,60.0
48.0,48.0
175.0,175.0
125.0,125.0
85.0,85.0
205.0,205.0
150.0,150.0
210.0,210.0
63.97,64.00000000000004
75.97,75.97000000000004
95.0,95.0
155.0,155.0
75.0,75.0
70.0,70.0
95.0,95.0
85.0,85.0
89.97,89.97
110.0,110.0
26.97,26.969999999999967
90.0,90.0
170.0,170.0
53.97,53.97999999999999
590.0,590.0
85.0,85.0
120.0,120.0
120.0,120.0
150.0,150.0
31.97,31.969999999999896
120.99,120.99000000000038
45.0,45.0
69.0,69.0
145.0,145.0
175.0,175.0
210.0,210.0
155.0,155.0
105.0,105.0
18.0,18.0
120.99,120.99000000000038
58.97,58.9700000000001
26.0,26.0
44.0,44.0
1005.0,1005.0
80.0,80.0
160.0,160.0
130.0,130.0
47.0,47.0
58.97,58.9700000000001
27.0,27.0
175.0,175.0
160.0,160.0
70.0,70.0
55.0,55.0
130.0,130.0
16.0,16.0
145.0,145.0
190.0,190.0
165.0,165.0
50.0,50.0
65.0,65.0
95.0,95.0
41.97,41.96999999999989
55.0,55.0
60.0,60.0
51.97,51.969999999999985
85.0,85.0
85.0,85.0
82.97,82.97000000000006
35.0,35.0
115.0,115.0
170.0,170.0
45.0,45.0
95.0,95.0
100.0,100.0
145.0,145.0
85.97,85.97000000000007
115.0,115.0
60.0,60.0
190.0,190.0
151.97,151.96999999999974
80.0,80.0
70.97,70.97000000000006
120.99,120.99000000000038
100.0,100.0
130.0,130.0
31.97,31.969999999999896
69.97,69.97000000000003
330.0,330.0
54.0,54.0
180.0,180.0
80.0,80.0
40.0,40.0
130.0,130.0
80.0,80.0
45.0,45.0
42.0,42.0
54.97,54.97
37.0,37.0
100.0,100.0
46.0,46.0
165.0,165.0
95.0,95.0
125.0,125.0
215.0,215.0
30.0,30.0
16.97,16.860000000000024
32.97,32.97999999999994
120.99,120.99000000000038
80.0,80.0
130.0,130.0
35.97,35.96999999999991
175.0,175.0
160.0,160.0
130.0,130.0
92.97,92.97
150.0,150.0
72.97,72.97000000000004
90.0,90.0
108.97,108.96999999999989
65.0,65.0
37.0,37.0
41.97,41.96999999999989
140.0,140.0
24.0,24.0
325.0,325.0
120.0,120.0
105.0,105.0
89.97,89.97
130.0,130.0
100.0,100.0
68.0,68.0
55.0,55.0
147.99,147.9899999999999
190.0,190.0
170.0,170.0
115.0,115.0
55.0,55.0
64.0,64.0
195.0,195.0
45.0,45.0
140.0,140.0
45.0,45.0
150.0,150.0
385.0,385.0
65.0,65.0
95.0,95.0
170.0,170.0
42.0,42.0
31.97,31.9699999999999
87.97,87.94000000000004
68.0,68.0
37.0,37.0
60.0,60.0
175.0,175.0
175.0,175.0
126.99,126.9899999999998
35.0,35.0
350.0,350.0
44.97,44.969999999999935
135.0,135.0
80.0,80.0
60.0,60.0
85.0,85.0
60.0,60.0
45.0,45.0
28.97,28.969999999999956
52.0,52.0
48.0,48.0
20.0,20.0
125.0,125.0
80.0,80.0
120.0,120.0
89.97,89.97
115.0,115.0
65.0,65.0
68.0,68.0
500.0,500.9
75.97,75.97000000000004
220.0,220.0
95.0,95.0
225.0,225.0
140.0,140.0
175.0,175.0
180.0,180.0
80.0,80.0
85.0,85.0
80.0,80.0
133.99,133.98999999999998
230.0,230.0
40.0,40.0
95.0,95.0
125.0,125.0
200.0,200.0
130.0,130.0
120.99,120.99000000000038
32.97,32.96999999999994
40.0,40.0
28.0,28.0
120.0,120.0
210.0,210.0
120.99,120.99000000000038
120.99,120.99000000000038
75.0,75.0
48.97,48.96999999999994
55.97,55.97
51.97,51.969999999999985
32.0,32.0
190.0,190.0
45.0,45.0
62.97,62.97
120.0,120.0
80.0,80.0
100.0,100.0
80.0,80.0
125.0,125.0
128.0,128.0
122.99,122.9899999999998
32.0,32.0
74.0,74.0
105.0,105.0
100.0,100.0
89.97,89.97
90.0,90.0
145.0,145.0
175.0,175.0
135.0,135.0
35.97,35.96999999999991
160.0,160.0
110.0,110.0
130.0,130.0
100.0,100.0
40.0,40.0
85.0,85.0
68.97,68.97000000000004
135.0,135.0
42.97,43.369999999999926
105.0,105.0
100.0,100.0
50.0,50.0
245.0,245.0
41.97,41.96999999999989
95.0,95.0
110.0,110.0
123.97,123.96999999999984
160.0,160.0
58.0,58.0
68.0,68.0
355.0,355.0
80.0,80.0
108.97,108.96999999999989
41.97,41.96999999999992
60.0,60.0
50.0,50.0
220.0,220.0
235.0,235.0
45.0,45.0
65.0,65.0
30.0,30.0
60.0,60.0
64.0,64.0
235.0,235.0
105.0,105.0
42.0,42.0
90.0,90.0
55.0,55.0
48.0,48.0
140.0,140.0
35.0,35.0
42.0,42.0
125.0,125.0
100.97,100.96999999999994
210.0,210.0
90.0,90.0
55.0,55.0
45.0,45.0
160.0,160.0
195.0,195.0
65.0,65.0
85.0,85.0
120.0,120.0
40.0,40.0
245.0,245.0
95.0,95.0
200.0,200.0
285.0,285.0
50.0,50.0
190.0,190.0
120.0,120.0
45.0,45.0
40.0,40.0
70.0,70.0
135.0,135.0
32.0,32.0
42.0,42.0
65.0,65.0
45.0,45.0
55.0,55.0
230.0,230.0
90.0,90.0
175.0,175.0
145.0,145.0
233.97,233.93000000000015
165.0,165.0
235.0,235.0
175.0,175.0
160.0,160.0
85.0,85.0
36.0,36.0
51.97,51.969999999999985
120.0,120.0
51.97,51.969999999999985
80.0,80.0
47.0,47.0
31.97,31.9699999999999
45.0,45.0
130.0,130.0
115.0,115.0
90.0,90.0
120.99,120.99000000000038
45.0,45.0
130.0,130.0
90.0,90.0
46.0,46.0
78.97,78.97000000000007
92.97,92.97
190.0,190.0
38.97,38.96999999999992
235.0,235.0
145.0,145.0
280.0,280.0
45.0,45.0
47.0,47.0
130.0,130.0
80.0,80.0
35.0,35.0
95.0,95.0
175.0,175.0
135.0,135.0
103.97,103.96999999999993
64.0,64.0
80.0,80.0
180.0,180.0
26.97,26.969999999999967
85.0,85.0
155.0,155.0
86.97,86.97000000000004
210.0,210.0
155.0,155.0
80.0,80.0
100.0,100.0
126.99,126.9899999999998
45.0,45.0
44.97,44.96999999999991
45.0,45.0
105.0,105.0
295.0,295.0
90.0,90.0
85.0,85.0
40.0,40.0
135.0,135.0
70.0,70.0
75.0,75.0
100.0,100.0
55.0,55.0
60.0,60.0
235.0,235.0
45.0,45.0
32.97,32.96999999999994
45.0,45.0
70.0,70.0
270.0,270.0
80.0,80.0
135.0,135.0
78.0,78.0
100.0,100.0
64.0,64.0
210.0,210.0
135.0,135.0
171.99,171.9899999999999
80.0,80.0
164.99,164.98999999999992
140.0,140.0
75.0,75.0
80.0,80.0
230.0,230.0
45.0,45.0
200.0,200.0
76.97,76.97000000000007
53.97,53.96999999999999
68.0,68.0
140.99,140.98999999999987
68.0,68.0
35.0,35.0
55.0,55.0
210.0,210.0
42.0,42.0
35.0,35.0
40.0,40.0
160.0,160.0
52.97,52.96999999999999
58.0,58.0
23.97,23.96999999999999
175.0,175.0
115.0,115.0
120.0,120.0
80.0,80.0
68.97,68.97000000000004
45.0,45.0
200.0,200.0
65.97,65.97000000000001
120.0,120.0
106.97,106.9700000000004
35.0,35.0
126.99,126.9899999999998
35.0,35.0
85.0,85.0
160.0,160.0
69.97,69.97000000000003
80.0,80.0
123.97,123.96999999999984
150.0,150.0
120.0,120.0
65.0,65.0
229.97,229.9700000000001
350.0,350.0
137.97,137.96999999999977
130.0,130.0
110.0,110.0
80.97,80.97000000000008
135.0,135.0
68.0,68.0
125.0,125.0
225.0,225.0
80.0,80.0
48.97,48.96999999999996
105.0,105.0
115.0,115.0
190.0,190.0
35.0,35.0
35.0,35.0
62.97,62.97000000000003
85.0,85.0
49.97,49.96999999999997
120.0,120.0
40.0,40.0
100.0,100.0
85.97,85.97000000000007
17.97,17.970000000000024
68.0,68.0
175.0,175.0
245.0,245.0
50.0,50.0
105.0,105.0
155.0,155.0
90.0,90.0
150.0,150.0
147.99,147.9899999999999
175.0,175.0
122.99,122.9899999999998
128.0,128.0
45.0,45.0
41.97,41.96999999999989
68.97,68.97000000000004
100.0,100.0
70.0,70.0
35.0,35.0
75.0,75.0
135.0,135.0
375.0,375.0
85.0,85.0
85.0,85.0
120.0,120.0
164.99,164.98999999999992
55.0,55.0
100.0,100.0
85.0,85.0
75.0,75.0
150.0,150.0
145.0,145.0
35.97,35.96999999999993
100.0,100.0
74.0,74.0
82.0,82.0
75.0,75.0
400.0,400.0
185.0,185.0
84.97,84.97000000000006
150.0,150.0
45.0,45.0
55.0,55.0
45.0,45.0
45.97,46.049999999999955
95.0,95.0
60.0,60.0
140.0,140.0
100.0,100.0
120.0,120.0
125.0,125.0
171.99,171.9899999999999
120.99,120.99000000000038
70.0,70.0
150.0,150.0
36.0,36.0
50.0,50.0
90.0,90.0
42.97,42.96999999999993
190.0,190.0
48.0,48.0
44.0,44.0
25.97,25.969999999999963
100.0,100.0
40.0,40.0
95.0,95.0
310.0,310.0
260.0,260.0
45.0,45.0
75.0,75.0
70.97,70.97000000000006
85.0,85.0
95.0,95.0
31.97,31.969999999999896
85.0,85.0
210.0,210.0
140.0,140.0
170.0,170.0
160.0,160.0
45.0,45.0
95.0,95.0
62.97,62.97
21.97,21.969999999999995
29.97,29.969999999999956
42.0,42.0
70.0,70.0
90.0,90.0
385.0,385.0
105.0,105.0
175.0,175.0
55.0,55.0
44.97,44.96999999999992
100.97,100.96999999999994
330.0,330.0
72.97,73.24150000000006
210.0,210.0
120.0,120.0
188.99,188.99000000000007
40.0,40.0
135.0,135.0
72.97,72.97000000000006
245.0,245.0
120.0,120.0
28.97,28.969999999999956
200.0,200.0
45.0,45.0
106.97,106.9700000000004
89.97,89.97
40.0,40.0
65.0,65.0
35.0,35.0
115.0,115.0
125.0,125.0
235.0,235.0
51.97,51.93999999999998
60.0,60.0
68.0,68.0
60.0,60.0
180.0,180.0
210.0,210.0
195.0,195.0
200.0,200.0
40.0,40.0
120.99,120.99000000000038
50.0,50.0
85.0,85.0
103.97,103.96999999999993
45.0,45.0
80.0,80.0
58.0,58.0
115.0,115.0
62.97,62.970000000000006
225.0,225.0
65.0,65.0
32.0,32.0
65.0,65.0
100.0,100.0
115.0,115.0
90.0,90.0
95.0,95.0
85.0,85.0
90.0,90.0
180.0,180.0
126.97,127.08999999999982
34.97,34.95999999999993
55.0,55.0
47.0,47.0
190.0,190.0
68.0,68.0
48.0,48.0
64.97,64.97000000000004
48.97,48.96999999999994
35.0,35.0
145.0,145.0
168.99,168.29899999999986
70.0,70.0
31.97,31.969999999999896
106.97,106.9700000000004
145.0,145.0
155.0,155.0
125.0,125.0
235.0,235.0
152.97,152.96999999999974
66.97,66.97000000000006
100.0,100.0
90.0,90.0
65.0,65.0
170.0,170.0
133.99,133.98999999999998
35.97,35.96999999999991
35.0,35.0
115.0,115.0
55.0,55.0
78.97,78.97000000000007
210.0,210.0
85.0,85.0
60.0,60.0
180.0,180.0
115.0,115.0
35.0,35.0
75.0,75.0
123.97,123.96999999999984
40.97,40.96999999999991
175.0,175.0
75.97,75.97000000000004
30.0,30.0
200.0,200.0
210.0,210.0
225.0,225.0
180.0,180.0
32.97,32.96999999999994
51.97,51.969999999999985
135.0,135.0
40.0,40.0
85.0,85.0
60.0,60.0
45.0,45.0
260.0,260.0
120.99,120.99000000000038
80.0,80.0
120.0,120.0
210.0,210.0
145.0,145.0
140.0,140.0
150.0,150.0
35.0,35.0
32.0,32.0
55.0,55.0
40.0,40.0
105.0,105.0
37.97,37.969999999999885
100.0,100.0
164.99,164.98999999999992
55.0,55.0
85.0,85.0
225.0,225.0
190.0,190.0
68.0,68.0
30.0,30.0
28.97,28.969999999999946
90.0,90.0
84.0,84.0
115.0,115.0
37.0,37.0
74.0,74.0
135.0,135.0
125.0,125.0
30.97,31.629999999999946
260.0,260.0
340.0,340.0
150.0,150.0
59.97,59.97000000000002
50.0,50.0
70.0,70.0
140.0,140.0
122.97,122.96999999999984
100.0,100.0
85.97,85.97000000000007
90.0,90.0
40.0,40.0
160.0,160.0
48.0,48.0
40.0,40.0
90.0,90.0
54.0,54.0
30.0,30.0
182.99,182.99000000000007
65.0,65.0
100.0,100.0
68.0,68.0
145.0,145.0
80.0,80.0
72.97,72.97000000000004
155.0,155.0
56.0,56.0
210.0,210.0
488.97,488.97000000000065
95.0,95.0
80.97,80.97000000000008
100.0,100.0
245.0,245.0
42.97,42.96999999999993
44.97,44.969999999999935
145.0,145.0
125.0,125.0
80.0,80.0
85.0,85.0
18.97,18.94000000000002
75.0,75.0
85.0,85.0
85.0,85.0
55.0,55.0
125.0,125.0
60.0,60.0
90.0,90.0
165.0,165.0
85.0,85.0
135.0,135.0
31.97,31.969999999999896
85.0,85.0
190.0,190.0
42.0,42.0
125.0,125.0
100.0,100.0
260.0,260.0
85.0,85.0
235.0,235.0
260.0,260.0
62.97,62.970000000000006
201.97,201.96999999999997
100.0,100.0
90.0,90.0
80.0,80.0
240.0,240.0
225.0,225.0
41.0,41.0
85.0,85.0
68.0,68.0
35.0,35.0
38.0,38.0
130.0,130.0
100.0,100.0
140.0,140.0
135.0,135.0
110.0,110.0
130.0,130.0
100.0,100.0
44.97,44.96999999999991
100.0,100.0
145.0,145.0
130.0,130.0
45.97,45.96999999999994
35.0,35.0
60.0,60.0
235.0,235.0
120.99,120.99000000000038
94.97,94.96999999999998
70.0,70.0
37.0,37.0
90.0,90.0
160.0,160.0
210.0,210.0
42.0,42.0
105.0,105.0
190.0,190.0
125.0,125.0
45.0,45.0
130.0,130.0
74.97,74.97000000000006
135.0,135.0
50.0,50.0
28.97,28.96999999999995
89.97,89.94000000000001
120.99,120.99000000000038
270.0,270.0
80.0,80.0
103.97,103.96999999999993
65.97,65.97000000000004
105.0,105.0
28.97,28.959999999999958
84.97,84.97000000000006
245.0,245.0
175.0,175.0
105.0,105.0
180.0,180.0
37.97,37.969999999999885
155.0,155.0
160.0,160.0
170.0,170.0
70.0,70.0
75.0,75.0
100.0,100.0
175.0,175.0
55.0,55.0
65.0,65.0
92.97,92.97
155.0,155.0
90.0,90.0
40.0,40.0
90.97,90.97000000000001
70.0,70.0
48.0,48.0
115.0,115.0
55.0,55.0
106.97,106.9700000000004
85.0,85.0
80.0,80.0
65.0,65.0
90.0,90.0
40.97,40.90999999999991
58.0,58.0
225.0,225.0
36.0,36.0
85.0,85.0
145.0,145.0
170.0,170.0
175.0,175.0
130.0,130.0
175.0,175.0
75.0,75.0
47.5,47.5
58.0,58.0
245.0,245.0
125.0,125.0
125.0,125.0
80.0,80.0
180.0,180.0
80.0,80.0
55.0,55.0
60.97,60.97000000000002
65.0,65.0
164.99,164.98999999999992
47.0,47.0
85.0,85.0
24.0,24.0
200.0,200.0
42.0,42.0
54.0,54.0
165.0,165.0
64.0,64.0
28.97,28.969999999999956
69.97,69.97000000000004
50.0,50.0
64.0,64.0
130.0,130.0
35.0,35.0
90.0,90.0
225.0,225.0
41.97,41.96999999999989
110.0,110.0
85.0,85.0
180.0,180.0
37.0,37.0
84.97,84.97000000000006
47.5,47.5
145.0,145.0
88.97,88.97000000000001
110.0,110.0
40.0,40.0
105.0,105.0
75.0,75.0
68.0,68.0
35.0,35.0
24.97,24.969999999999985
80.0,80.0
75.0,75.0
61.97,61.97000000000003
170.0,170.0
95.0,95.0
120.0,120.0
35.0,35.0
150.0,150.0
157.99,157.9899999999998
225.0,225.0
145.0,145.0
105.0,105.0
280.0,280.0
350.0,350.0
130.0,130.0
70.0,70.0
84.97,84.97000000000006
135.0,135.0
48.97,48.96999999999994
120.0,120.0
152.97,152.96999999999974
75.0,75.0
90.0,90.0
40.0,40.0
45.0,45.0
30.0,30.0
42.0,42.0
120.99,120.99000000000038
137.97,137.93079999999978
130.0,130.0
147.99,147.9899999999999
100.0,100.0
65.0,65.0
145.0,145.0
80.0,80.0
110.0,110.0
355.0,355.0
165.0,165.0
90.0,90.0
90.0,90.0
100.0,100.0
115.0,115.0
245.0,245.0
38.0,38.0
135.0,135.0
210.0,210.0
50.0,50.0
175.0,175.0
80.0,80.0
80.0,80.0
65.0,65.0
125.0,125.0
41.97,41.96999999999989
48.0,48.0
26.0,26.0
68.0,68.0
37.97,37.969999999999885
95.0,95.0
50.0,50.0
61.97,61.97000000000003
150.0,150.0
175.0,175.0
35.0,35.0
106.97,106.9700000000004
26.97,26.969999999999967
30.97,30.96999999999995
116.97,116.96999999999987
105.0,105.0
80.0,80.0
28.0,28.0
130.97,130.9699999999998
145.0,145.0
175.0,175.0
100.0,100.0
100.0,100.0
40.0,40.0
40.0,40.0
28.97,28.969999999999956
55.0,55.0
145.0,145.0
171.99,171.9899999999999
35.0,35.0
45.0,45.0
90.0,90.0
135.0,135.0
120.99,120.99000000000038
100.0,100.0
355.0,355.0
135.0,135.0
145.0,145.0
37.0,37.0
17.97,17.940000000000026
62.97,62.970000000000006
35.0,35.0
235.0,235.0
125.0,125.0
60.0,60.0
115.0,115.0
92.97,92.97
120.99,120.99000000000038
175.0,175.0
110.0,110.0
400.0,400.0
102.0,102.0
35.0,35.0
125.0,125.0
100.0,100.0
55.0,55.0
70.0,70.0
80.0,80.0
80.0,80.0
180.0,180.0
210.0,210.0
164.99,164.98999999999992
100.0,100.0
70.0,70.0
65.0,65.0
80.0,80.0
85.0,85.0
126.99,126.9899999999998
58.0,58.0
90.0,90.0
68.0,68.0
120.0,120.0
64.97,64.97000000000004
330.0,330.0
75.0,75.0
60.0,60.0
44.97,44.969999999999935
65.0,65.0
78.97,78.97000000000007
45.0,45.0
210.0,210.0
38.97,38.969999999999914
70.0,70.0
80.0,80.0
100.0,100.0
90.0,90.0
95.0,95.0
150.0,150.0
170.0,170.0
40.0,40.0
100.0,100.0
54.0,54.0
85.0,85.0
55.0,55.0
55.0,55.0
300.0,300.0
133.99,133.98999999999998
115.0,115.0
29.97,29.889999999999954
105.0,105.0
115.0,115.0
80.0,80.0
210.0,210.0
123.97,123.96999999999984
47.0,47.0
140.0,140.0
133.99,133.98999999999998
90.0,90.0
175.0,175.0
26.97,26.93999999999997
145.0,145.0
150.0,150.0
60.0,60.0
62.97,62.970000000000006
130.0,130.0
133.99,133.98999999999998
30.97,30.96999999999995
175.0,175.0
80.0,80.0
165.0,165.0
40.0,40.0
25.0,25.0
150.0,150.0
36.97,36.96999999999992
100.0,100.0
64.0,64.0
76.97,76.97000000000007
260.0,260.0
75.0,75.0
350.0,350.0
112.0,112.0
85.0,85.0
180.0,180.0
145.0,145.0
60.97,60.97000000000002
200.0,200.0
75.0,75.0
155.0,155.0
165.0,165.0
95.0,95.0
182.99,182.99000000000007
110.0,110.0
80.0,80.0
55.0,55.0
110.0,110.0
40.0,40.0
165.0,165.0
55.0,55.0
165.0,165.0
40.0,40.0
225.0,225.0
110.0,110.0
73.97,73.97000000000007
130.0,130.0
61.97,61.97000000000003
105.0,105.0
100.0,100.0
48.97,48.96999999999994
130.0,130.0
80.0,80.0
65.0,65.0
145.0,145.0
260.0,260.0
310.0,310.0
80.0,80.0
170.0,170.0
165.0,165.0
165.0,165.0
200.0,200.0
115.0,115.0
55.0,55.0
105.0,105.0
65.97,65.97000000000004
65.0,65.0
31.97,31.969999999999896
24.97,24.969999999999974
175.0,175.0
85.0,85.0
12.0,11.98
90.0,90.0
235.0,235.0
200.0,200.0
220.0,220.0
45.0,45.0
140.0,140.0
87.97,88.01000000000003
200.0,200.0
58.97,58.9700000000001
160.0,160.0
105.0,105.0
45.0,45.0
175.0,175.0
190.0,190.0
110.0,110.0
78.0,78.0
28.97,28.969999999999956
120.0,120.0
24.5,24.5
65.0,65.0
85.0,85.0
270.0,270.0
39.97,39.969999999999914
58.97,58.9700000000001
31.97,31.9699999999999
135.0,135.0
105.0,105.0
65.0,65.0
44.0,44.0
164.99,164.98999999999992
260.0,260.0
235.0,235.0
165.0,165.0
120.99,120.99000000000038
50.0,50.0
34.0,34.0
68.0,68.0
150.0,150.0
80.0,80.0
225.0,225.0
55.0,55.0
110.0,110.0
72.97,73.24150000000006
120.0,120.0
70.0,70.0
38.0,38.0
25.0,25.0
95.0,95.0
100.0,100.0
37.97,37.969999999999885
180.0,180.0
60.0,60.0
85.0,85.0
32.0,32.0
25.97,25.969999999999963
150.0,150.0
150.0,150.0
85.0,85.0
90.0,90.0
85.0,85.0
30.0,30.0
69.97,69.97000000000003
100.0,100.0
80.0,80.0
130.97,130.9699999999998
110.0,110.0
95.0,95.0
90.0,90.0
14.97,15.050000000000022
24.0,24.0
41.0,41.0
110.0,110.0
145.0,145.0
85.0,85.0
55.0,55.0
180.0,180.0
40.97,40.96999999999991
60.0,60.0
175.0,175.0
105.0,105.0
90.0,90.0
180.0,180.0
17.97,17.970000000000024
65.0,65.0
200.0,200.0
62.97,62.97
85.0,85.0
147.99,147.9899999999999
80.0,80.0
175.0,175.0
50.0,50.0
80.0,80.0
120.0,120.0
170.0,170.0
100.0,100.0
90.0,90.0
26.97,26.969999999999967
145.0,145.0
35.0,35.0
147.99,147.9899999999999
140.0,140.0
100.0,100.0
95.0,95.0
182.99,182.99000000000007
110.0,110.0
105.0,105.0
90.0,90.0
170.0,170.0
35.0,35.0
130.0,130.0
65.0,65.0
75.0,75.0
145.0,145.0
95.0,95.0
92.97,92.97
38.97,38.969999999999914
52.97,52.96999999999999
106.97,106.9700000000004
100.0,100.0
135.0,135.0
100.0,100.0
120.99,120.99000000000038
160.0,160.0
95.0,95.0
122.0,122.0
80.0,80.0
235.0,235.0
147.99,147.9899999999999
95.0,95.0
90.0,90.0
210.0,210.0
150.0,150.0
95.0,95.0
60.0,60.0
45.0,45.0
35.97,36.03999999999993
85.0,85.0
110.0,110.0
60.0,60.0
47.0,47.0
55.0,55.0
85.0,85.0
140.0,140.0
115.0,115.0
125.0,125.0
165.0,165.0
24.97,24.969999999999967
95.0,95.0
90.0,90.0
145.0,145.0
47.0,47.0
190.0,190.0
150.0,150.0
90.0,90.0
70.0,70.0
110.0,110.0
105.0,105.0
105.0,105.0
21.97,21.969999999999995
150.0,150.0
60.0,60.0
42.0,42.0
125.0,125.0
37.97,37.969999999999885
105.0,105.0
125.0,125.0
58.0,58.0
80.0,80.0
30.0,30.0
245.0,245.0
75.0,75.0
225.0,225.0
90.0,90.0
100.0,100.0
65.97,65.97000000000001
35.0,35.0
112.97,112.96999999999987
135.0,135.0
110.0,110.0
147.99,147.9899999999999
48.0,48.0
168.99,168.9899999999999
112.97,113.06999999999988
72.0,72.0
100.0,100.0
93.97,93.88999999999999
102.0,102.0
100.0,100.0
80.0,80.0
125.0,125.0
31.97,31.969999999999903
145.0,145.0
75.0,75.0
55.0,55.0
44.97,44.96999999999992
220.0,220.0
64.97,64.97000000000004
190.0,190.0
190.0,190.0
155.0,155.0
120.0,120.0
75.0,75.0
125.0,125.0
60.0,60.0
28.0,28.0
85.0,85.0
85.0,85.0
90.0,90.0
120.99,120.99000000000038
44.97,44.969999999999935
32.0,32.0
123.97,123.96999999999984
55.0,55.0
170.0,170.0
60.0,60.0
47.0,47.0
250.0,250.0
42.0,42.0
28.97,28.969999999999946
48.97,48.97999999999996
105.0,105.0
44.97,44.87999999999994
65.0,65.0
50.0,50.0
260.0,260.0
45.0,45.0
51.97,51.969999999999985
48.0,48.0
230.0,230.0
35.0,35.0
135.0,135.0
95.0,95.0
85.0,85.0
170.0,170.0
75.0,75.0
45.0,45.0
90.0,90.0
150.0,150.0
28.97,28.969999999999956
45.0,45.0
200.0,200.0
64.0,64.0
180.0,180.0
82.97,82.97000000000006
40.0,40.0
180.0,180.0
100.0,100.0
130.0,130.0
80.0,80.0
83.97,83.97000000000007
295.0,295.0
130.0,130.0
80.0,80.0
164.99,164.98999999999992
75.0,75.0
85.97,85.97000000000007
235.0,235.0
50.0,50.0
75.0,75.0
135.0,135.0
210.0,210.0
385.0,385.0
140.0,140.0
170.0,170.0
32.0,32.0
95.0,95.0
135.0,135.0
70.0,70.0
155.0,155.0
92.97,92.97
100.0,100.0
75.0,75.0
28.97,28.969999999999956
120.0,120.0
115.0,115.0
45.0,45.0
160.0,160.0
62.97,62.97
65.0,65.0
170.0,170.0
80.0,80.0
147.99,147.9899999999999
80.0,80.0
95.0,95.0
42.0,42.0
85.0,85.0
41.97,41.96999999999989
145.0,145.0
85.0,85.0
95.0,95.0
235.0,235.0
100.0,100.0
171.99,171.9899999999999
160.0,160.0
62.97,62.970000000000006
58.97,58.9700000000001
45.0,45.0
210.0,210.0
120.99,120.99000000000038
155.0,155.0
50.0,50.0
36.0,36.0
60.0,60.0
41.97,41.96999999999989
80.0,80.0
70.0,70.0
210.0,210.0
175.0,175.0
210.0,210.0
74.0,74.0
135.0,135.0
48.97,48.96999999999994
28.0,28.0
42.0,42.0
25.0,25.0
58.0,58.0
92.97,92.97
85.97,85.97000000000007
125.0,125.0
22.97,22.845299999999998
188.97,188.9699999999999
78.97,78.97000000000007
70.0,70.0
68.0,68.0
182.99,182.99000000000007
148.97,148.96999999999974
20.0,20.0
165.0,165.0
85.0,85.0
95.0,95.0
130.0,130.0
151.97,151.96999999999974
70.0,70.0
200.0,200.0
90.0,90.0
270.0,270.0
82.97,82.97000000000006
60.0,60.0
180.0,180.0
45.0,45.0
130.0,130.0
85.0,85.0
85.0,85.0
48.0,48.0
64.0,64.0
100.0,100.0
165.0,165.0
150.0,150.0
210.0,210.0
36.97,36.96999999999992
70.0,70.0
125.0,125.0
56.97,56.970000000000006
135.0,135.0
32.97,32.98999999999994
112.97,112.96999999999987
50.0,50.0
85.0,85.0
35.97,35.96999999999991
85.0,85.0
75.0,75.0
78.0,78.0
82.97,82.97000000000006
125.0,125.0
150.0,150.0
68.0,68.0
80.0,80.0
185.0,185.0
42.0,42.0
62.97,62.970000000000006
120.0,120.0
55.0,55.0
40.97,40.96999999999991
85.0,85.0
90.0,90.0
96.97,96.96999999999997
104.97,104.96999999999993
125.0,125.0
105.0,105.0
105.0,105.0
35.0,35.0
40.0,40.0
200.0,200.0
75.0,75.0
125.0,125.0
100.0,100.0
225.0,225.0
100.0,100.0
125.0,125.0
100.0,100.0
395.0,395.0
68.0,68.0
25.0,25.0
45.0,45.0
115.0,115.0
104.97,104.96999999999993
225.0,225.0
55.0,55.0
75.97,75.97000000000004
168.99,168.9899999999999
106.97,106.9700000000004
44.97,44.98999999999994
100.0,100.0
150.0,150.0
60.0,60.0
40.0,40.0
160.0,160.0
105.0,105.0
135.0,135.0
120.99,120.99000000000038
210.0,210.0
30.0,30.0
165.0,165.0
95.0,95.0
55.0,55.0
95.0,95.0
140.0,140.0
140.0,140.0
235.0,235.0
50.0,50.0
210.0,210.0
155.0,155.0
47.0,47.0
120.99,120.99000000000038
50.0,50.0
38.0,38.0
60.0,60.0
85.0,85.0
65.0,65.0
75.0,75.0
175.0,175.0
45.0,45.0
47.0,47.0
46.97,46.92999999999996
85.0,85.0
100.0,100.0
130.0,130.0
55.0,55.0
200.0,200.0
170.0,170.0
140.0,140.0
64.0,64.0
135.0,135.0
55.97,55.97
28.0,28.0
80.0,80.0
175.0,175.0
225.0,225.0
44.97,44.96999999999991
350.0,350.0
170.0,170.0
22.97,22.97
80.0,80.0
135.0,135.0
48.0,48.0
95.0,95.0
85.97,85.97000000000007
155.0,155.0
24.97,24.969999999999974
70.0,70.0
55.0,55.0
70.0,70.0
90.0,90.0
100.0,100.0
125.0,125.0
28.0,28.0
40.0,40.0
355.0,355.0
155.0,155.0
319.99,320.39000000000067
150.0,150.0
75.97,75.97000000000007
44.0,44.0
80.0,80.0
45.0,45.0
50.0,50.0
70.0,70.0
69.97,69.97000000000003
68.0,68.0
75.0,75.0
147.99,147.9899999999999
105.0,105.0
45.0,45.0
145.0,145.0
90.0,90.0
170.0,170.0
175.0,175.0
85.97,85.97000000000007
41.97,41.96999999999989
40.0,40.0
170.0,170.0
45.0,45.0
80.0,80.0
160.0,160.0
65.0,65.0
37.0,37.0
135.0,135.0
42.0,42.0
125.0,125.0
90.0,90.0
40.0,40.0
70.0,70.0
85.0,85.0
175.0,175.0
140.0,140.0
280.0,280.0
60.97,60.97060000000002
100.0,100.0
130.0,130.0
35.0,35.0
95.0,95.0
60.0,60.0
110.97,110.96999999999989
40.0,40.0
150.0,150.0
55.0,55.0
70.0,70.0
19.97,19.970000000000024
175.0,175.0
47.0,47.0
24.0,24.0
100.0,100.0
150.0,150.0
56.0,56.0
32.97,33.03999999999994
65.0,65.0
100.0,100.0
120.0,120.0
180.0,180.0
240.0,240.0
70.97,70.97000000000006
110.0,110.0
75.0,75.0
145.0,145.0
41.97,41.96999999999989
220.0,220.0
130.0,130.0
65.97,65.97000000000004
210.0,210.0
100.0,100.0
160.0,160.0
164.99,164.98999999999992
90.0,90.0
165.0,165.0
75.0,75.0
37.0,37.0
175.0,175.0
125.0,125.0
85.0,85.0
125.0,125.0
80.0,80.0
235.0,235.0
65.0,65.0
86.97,86.97000000000004
55.0,55.0
175.0,175.0
230.0,230.0
100.0,100.0
170.0,170.0
70.0,70.0
50.0,50.0
210.0,210.0
56.97,56.970000000000006
85.0,85.0
90.0,90.0
14.0,14.04
190.0,190.0
55.97,55.97
100.0,100.0
210.0,210.0
175.0,175.0
95.0,95.0
100.0,100.0
182.99,182.85000000000008
120.0,120.0
300.0,300.0
85.0,85.0
50.0,50.0
150.0,150.0
105.0,105.0
99.97,99.96999999999994
140.0,140.0
69.97,69.97000000000003
70.0,70.0
85.97,85.97000000000007
28.97,28.969999999999956
140.0,140.0
270.0,270.0
175.0,175.0
21.97,21.96999999999999
120.99,120.98999999999982
110.0,110.0
200.0,200.0
28.97,28.969999999999956
210.0,210.0
50.0,50.0
48.0,48.0
38.0,38.0
95.0,95.0
85.0,85.0
115.0,115.0
235.0,235.0
95.0,95.0
50.0,50.0
103.97,103.76999999999992
35.0,35.0
65.0,65.0
105.0,105.0
40.0,40.0
125.0,125.0
52.97,52.96999999999999
90.0,90.0
40.0,40.0
22.97,22.96
70.0,70.0
85.0,85.0
85.97,85.97000000000007
48.0,48.0
165.0,165.0
135.0,135.0
75.0,75.0
100.0,100.0
75.97,75.97000000000004
120.99,120.99000000000038
245.0,245.0
90.0,90.0
210.0,210.0
120.0,120.0
256.97,256.9700000000003
106.97,106.9700000000004
55.0,55.0
80.0,80.0
35.0,35.0
235.0,235.0
135.0,135.0
28.97,28.969999999999956
160.0,160.0
63.97,63.99000000000004
50.0,50.0
50.0,50.0
145.0,145.0
75.0,75.0
45.0,45.0
70.0,70.0
120.0,120.0
75.0,75.0
68.0,68.0
90.0,90.0
70.0,70.0
30.0,30.0
100.0,100.0
60.0,60.0
147.99,147.9899999999999
85.0,85.0
65.97,65.97000000000004
24.0,24.0
55.0,55.0
145.0,145.0
155.0,155.0
85.0,85.0
75.0,75.0
108.97,108.96999999999989
69.97,69.97000000000003
41.97,41.96999999999989
155.0,155.0
70.0,70.0
55.0,55.0
125.0,125.0
45.0,45.0
120.0,120.0
60.0,60.0
125.0,125.0
42.0,42.0
75.0,75.0
32.0,32.0
135.0,135.0
37.0,37.0
32.0,32.0
80.0,80.0
180.0,180.0
42.0,42.0
82.97,82.97000000000007
1005.0,1005.0
180.0,180.0
45.0,45.0
120.99,120.99000000000038
55.0,55.0
45.0,45.0
76.97,77.01000000000008
125.0,125.0
48.97,48.969999999999935
106.97,106.9700000000004
370.0,370.0
210.0,210.0
235.0,235.0
165.0,165.0
24.97,24.969999999999978
100.0,100.0
210.0,210.0
32.0,32.0
110.0,110.0
130.0,130.0
35.0,35.0
85.0,85.0
45.0,45.0
235.0,235.0
270.0,270.0
62.0,62.0
39.97,39.959999999999916
22.0,22.0
65.0,65.0
125.0,125.0
94.0,94.0
145.0,145.0
100.0,100.0
145.0,145.0
95.0,95.0
175.0,175.0
75.0,75.0
45.0,45.0
68.0,68.0
72.97,72.97000000000004
105.0,105.0
31.97,31.969999999999903
36.97,36.96999999999992
164.99,164.98999999999992
190.0,190.0
75.0,75.0
90.0,90.0
140.0,140.0
590.0,590.0
147.99,147.9899999999999
90.0,90.0
120.99,120.99000000000038
90.0,90.0
200.0,200.0
80.0,80.0
30.0,30.0
67.0,67.0
155.0,155.0
175.0,175.0
151.97,151.96999999999974
28.97,28.969999999999956
82.97,82.97000000000006
55.0,55.0
200.0,200.0
105.0,105.0
170.0,170.0
90.0,90.0
100.0,100.0
310.0,310.0
74.97,74.97000000000006
45.0,45.0
55.0,55.0
19.97,19.970000000000024
160.0,160.0
140.0,140.0
45.0,45.0
145.0,145.0
175.0,175.0
133.99,133.98999999999998
175.0,175.0
120.99,120.99000000000038
40.0,40.0
130.0,130.0
41.97,41.96999999999992
80.0,80.0
82.97,82.97000000000006
270.0,270.0
130.0,130.0
140.99,140.98999999999987
105.0,105.0
65.97,65.97000000000001
31.97,31.969999999999896
45.0,45.0
81.97,81.97000000000007
225.0,225.0
80.0,80.0
170.0,170.0
75.97,75.97000000000004
50.0,50.0
80.0,80.0
44.97,44.96999999999991
37.0,37.0
31.97,31.9699999999999
130.0,130.0
40.0,40.0
23.97,23.65999999999999
47.97,47.96999999999996
115.0,115.0
100.0,100.0
95.0,95.0
85.97,85.97000000000007
42.0,42.0
200.0,200.0
100.0,100.0
120.97,120.86999999999983
85.0,85.0
120.0,120.0
190.0,190.0
90.0,90.0
56.0,56.02
105.0,105.0
74.97,74.97000000000007
146.97,146.96999999999977
65.0,65.0
37.0,37.0
37.0,37.0
85.0,85.0
29.97,29.969999999999956
42.0,42.0
125.0,125.0
120.0,120.0
35.97,35.9499999999999
175.0,175.0
55.0,55.0
95.0,95.0
37.97,37.969999999999885
120.0,120.0
147.99,147.9899999999999
175.0,175.0
100.0,100.0
115.0,115.0
135.0,135.0
115.0,115.0
80.0,80.0
225.0,225.0
89.97,89.92000000000002
45.0,45.0
130.0,130.0
130.0,130.0
120.99,120.99000000000038
180.0,180.0
65.97,65.97000000000001
135.0,135.0
45.0,45.0
100.0,100.0
85.0,85.0
105.0,105.0
37.0,37.0
200.0,200.0
225.0,225.0
105.0,105.0
62.0,62.0
150.0,150.0
72.97,72.97000000000004
105.0,105.0
125.0,125.0
24.97,24.969999999999974
100.0,100.0
190.0,190.0
165.0,165.0
85.97,85.97000000000007
135.0,135.0
24.97,24.969999999999974
55.97,55.97
42.0,42.0
48.0,48.0
41.97,41.96999999999989
42.97,42.96999999999993
65.97,65.97000000000001
21.97,21.96999999999999
105.0,105.0
190.0,190.0
75.0,75.0
185.0,185.0
106.97,106.9700000000004
45.0,45.0
123.97,123.96999999999984
140.0,140.0
65.0,65.0
120.99,120.99000000000038
130.0,130.0
105.0,105.0
260.0,260.0
70.0,70.0
110.0,110.0
118.97,118.96999999999986
138.97,138.96999999999977
45.0,45.0
164.99,164.98999999999992
21.97,21.96999999999999
50.0,50.0
65.0,65.0
68.0,68.0
125.0,125.0
105.0,105.0
195.0,195.0
74.97,74.97000000000006
75.0,75.0
50.0,50.0
60.97,60.97000000000002
100.0,100.0
190.0,190.0
100.0,100.0
225.0,225.0
106.97,106.9700000000004
40.0,40.0
82.97,82.97000000000006
145.0,145.0
110.0,110.0
42.0,42.0
24.0,24.0
100.0,100.0
88.0,85.36
75.0,75.0
80.0,80.0
180.0,180.0
160.0,160.0
60.0,60.0
136.97,136.9699999999998
90.0,90.0
85.0,85.0
325.0,325.0
51.97,51.969999999999985
230.0,230.0
28.0,28.0
235.0,235.0
240.97,240.87000000000018
75.0,75.0
55.0,55.0
80.0,80.0
115.0,115.0
85.0,85.0
40.0,40.0
95.0,95.0
50.0,50.0
95.0,95.0
35.0,35.0
85.0,85.0
60.0,60.0
37.0,37.0
100.0,100.0
32.0,32.0
120.0,120.0
24.0,24.0
135.0,135.0
130.0,130.0
116.97,116.96999999999986
105.0,105.0
47.0,47.0
45.0,45.0
92.97,92.97
80.0,80.0
75.0,75.0
180.0,180.0
115.0,115.0
85.0,85.0
112.97,113.06999999999988
44.97,44.96999999999991
220.0,220.0
41.0,41.0
140.0,140.0
100.0,100.0
120.0,120.0
45.0,45.0
90.0,90.0
133.99,133.98999999999998
165.0,165.0
210.0,210.0
235.0,235.0
70.0,70.0
60.0,60.0
68.0,68.0
24.97,24.969999999999974
72.0,72.0
40.0,40.0
75.97,75.97000000000006
200.0,200.0
70.0,70.0
120.99,120.99000000000038
106.97,106.9700000000004
30.0,30.0
65.0,65.0
100.0,100.0
155.0,155.0
120.0,120.0
130.0,130.0
80.0,80.0
45.0,45.0
85.0,85.0
70.0,70.0
42.0,42.0
48.0,48.0
47.0,47.0
65.0,65.0
65.0,65.0
245.0,245.0
45.0,45.0
30.0,30.0
155.0,155.0
190.0,190.0
68.0,68.0
50.0,50.0
123.97,123.96999999999984
110.0,110.0
47.0,47.0
120.0,120.0
110.0,110.0
115.0,115.0
45.0,45.0
58.97,58.97000000000002
80.0,80.0
100.0,100.0
80.0,80.0
100.0,100.0
95.0,95.0
100.0,100.0
70.0,70.0
95.0,95.0
28.97,28.969999999999956
130.0,130.0
80.0,80.0
120.99,120.99000000000038
28.97,28.969999999999956
95.0,95.0
35.0,35.0
69.97,69.97000000000003
75.0,75.0
64.97,64.97000000000004
45.0,45.0
130.0,130.0
40.0,40.0
370.0,370.0
106.97,106.9700000000004
60.0,60.0
70.0,70.0
80.0,80.0
42.0,42.0
85.0,85.0
175.0,175.0
41.97,41.96999999999989
145.0,145.0
45.0,45.0
90.0,90.0
100.0,100.0
55.0,55.0
28.97,28.969999999999946
145.0,145.0
110.0,110.0
90.0,90.0
170.0,170.0
20.0,20.0
27.0,27.0
135.0,135.0
65.0,65.0
210.0,210.0
270.0,270.0
75.0,75.0
150.0,150.0
74.0,74.0
165.0,165.0
31.97,31.969999999999896
80.0,80.0
58.97,58.9700000000001
200.0,200.0
142.97,142.96999999999977
160.0,160.0
120.99,120.99000000000038
25.97,25.969999999999963
58.0,58.0
170.0,170.0
70.0,70.0
35.0,35.0
170.0,170.0
30.0,30.0
55.0,55.0
75.0,75.0
137.97,137.9199999999998
120.99,120.98999999999982
85.0,85.0
100.0,100.0
95.0,95.0
120.0,120.0
195.0,195.0
195.0,195.0
69.97,69.97000000000004
70.0,70.0
55.0,55.0
90.0,90.0
170.0,170.0
115.0,115.0
160.0,160.0
85.0,85.0
35.0,35.0
45.0,45.0
65.0,65.0
95.0,95.0
130.0,130.0
100.0,100.0
260.0,260.0
171.99,171.9899999999999
105.0,105.0
180.0,180.0
160.0,160.0
95.0,95.0
69.97,69.97000000000003
135.0,135.0
155.0,155.0
32.0,32.0
22.97,22.97
63.97,63.970000000000034
105.0,105.0
147.99,147.9899999999999
95.0,95.0
85.0,85.0
210.0,210.0
40.0,40.0
75.0,75.0
135.0,135.0
295.0,295.0
42.0,42.0
130.0,130.0
80.0,80.0
65.0,65.0
170.0,170.0
165.0,165.0
100.0,100.0
85.0,85.0
130.0,130.0
127.97,127.96999999999981
130.0,130.0
140.0,140.0
155.0,155.0
42.97,42.95999999999993
65.0,65.0
115.0,115.0
95.0,95.0
21.97,21.96999999999999
145.0,145.0
120.0,120.0
120.0,120.0
17.97,17.970000000000024
150.0,150.0
80.0,80.0
115.0,115.0
80.0,80.0
210.0,210.0
84.97,84.97000000000006
32.0,32.0
260.0,260.0
42.0,42.0
28.0,28.0
125.0,125.0
195.0,195.0
34.97,34.969999999999935
68.0,68.0
160.0,160.0
35.0,35.0
160.0,160.0
145.0,145.0
75.0,75.0
120.0,120.0
105.0,105.0
1005.0,1005.0
48.0,48.0
100.0,100.0
65.97,65.97000000000001
80.0,80.0
37.0,37.0
24.97,24.969999999999985
25.97,25.969999999999963
85.0,85.0
30.0,30.0
145.0,145.0
31.97,31.969999999999896
100.0,100.0
170.0,170.0
135.0,135.0
85.0,85.0
80.0,80.0
95.0,95.0
340.0,340.0
80.0,80.0
85.0,85.0
48.0,48.0
152.97,152.96999999999974
140.0,140.0
210.0,210.0
105.0,105.0
64.0,64.0
21.97,21.969999999999995
200.0,200.0
115.0,115.0
65.0,65.0
147.99,147.9899999999999
100.0,100.0
60.97,60.97000000000002
28.97,28.969999999999956
113.97,113.96999999999987
100.0,100.0
175.0,175.0
80.0,80.0
68.97,68.97000000000004
34.97,34.969999999999935
120.0,120.0
225.0,225.0
130.0,130.0
155.0,155.0
245.0,245.0
85.0,85.0
50.0,50.0
90.0,90.0
90.0,90.0
140.0,140.0
55.0,55.0
46.0,46.0
145.0,145.0
210.0,210.0
51.97,51.969999999999985
37.0,37.0
95.0,95.0
26.97,26.969999999999967
75.0,75.0
35.0,35.0
35.0,35.0
84.0,84.0
75.0,75.0
48.97,48.96999999999994
65.97,65.97000000000001
45.0,45.0
140.0,140.0
100.0,100.0
25.0,25.0
68.97,68.97000000000004
100.0,100.0
145.0,145.0
105.0,105.0
35.0,35.0
64.0,64.0
95.0,95.0
80.0,80.0
37.97,37.969999999999885
80.0,80.0
385.0,385.0
82.97,82.97000000000007
200.0,200.0
58.0,58.0
112.97,112.96999999999987
90.0,90.0
220.0,220.0
73.97,73.97000000000007
95.0,95.0
360.0,360.0
42.0,42.0
28.0,28.0
100.0,100.0
165.0,165.0
35.0,35.0
80.0,80.0
130.0,130.0
64.0,64.0
155.0,155.0
70.0,70.0
260.0,260.0
90.0,90.0
45.0,45.0
340.0,340.0
120.0,120.0
125.0,125.0
62.0,62.0
260.0,260.0
250.0,250.0
75.0,75.0
42.0,42.0
35.0,35.0
45.0,45.0
35.0,35.0
74.97,74.97000000000006
120.99,120.99000000000038
61.97,61.97000000000003
85.0,85.0
80.0,80.0
75.0,75.0
60.0,60.0
100.0,100.0
55.97,55.97
60.97,60.97000000000002
45.0,45.0
50.0,50.0
110.0,110.0
95.0,95.0
105.0,105.0
65.0,65.0
80.0,80.0
145.0,145.0
180.0,180.0
125.0,125.0
122.99,122.9899999999998
36.97,36.95999999999992
85.0,85.0
65.0,65.0
40.0,40.0
42.0,42.0
37.0,37.0
24.97,24.969999999999967
210.0,210.0
45.0,45.0
89.97,89.97
58.97,58.9700000000001
100.0,100.0
142.0,142.0
50.0,50.0
108.97,108.96999999999991
70.0,70.0
37.0,37.0
110.97,110.96999999999989
20.0,20.0
80.0,80.0
35.0,35.0
220.0,220.0
24.97,24.969999999999967
160.0,160.0
160.0,160.0
42.0,42.0
180.0,180.0
95.0,95.0
85.0,85.0
120.0,120.0
120.99,120.99000000000038
17.97,18.630000000000024
53.97,53.96999999999999
28.97,28.969999999999956
70.0,70.0
30.0,30.0
150.0,150.0
47.97,47.96999999999996
40.0,40.0
133.99,133.98999999999998
85.0,85.0
120.99,120.99000000000038
225.0,225.0
375.0,375.0
140.0,140.0
85.0,85.0
245.0,245.0
72.97,72.97000000000006
82.97,82.97000000000006
48.97,48.96999999999994
165.0,165.0
145.0,145.0
58.97,58.97000000000002
42.97,42.96999999999993
105.0,105.0
115.0,115.0
140.0,140.0
135.0,135.0
14.0,14.03
160.0,160.0
260.0,260.0
30.0,30.0
37.97,37.969999999999885
170.0,170.0
100.0,100.0
48.97,48.96999999999996
48.0,48.0
108.0,108.0
60.0,60.0
51.97,51.969999999999985
85.0,85.0
35.97,35.96999999999991
75.0,75.0
35.97,35.96999999999991
125.0,125.0
90.0,90.0
140.0,140.0
130.0,130.0
68.0,68.0
98.0,98.0
48.0,48.0
74.0,74.0
69.97,69.97000000000003
40.0,40.0
60.0,60.0
125.0,125.0
130.0,130.0
95.0,95.0
310.0,310.0
115.0,115.0
75.0,75.0
125.0,125.0
65.0,65.0
135.0,135.0
50.0,50.0
150.0,150.0
200.0,200.0
42.0,42.0
75.0,75.0
128.97,128.96999999999983
150.0,150.0
155.0,155.0
75.0,75.0
100.0,100.0
130.0,130.0
125.0,125.0
105.0,105.0
35.0,35.0
63.0,63.0
42.0,42.0
80.0,80.0
40.0,40.0
62.0,62.0
45.0,45.0
245.0,245.0
40.0,40.0
245.0,245.0
50.0,50.0
65.97,65.97000000000001
112.97,112.96999999999987
170.0,170.0
34.0,34.0
60.0,60.0
25.97,25.969999999999963
175.0,175.0
62.97,62.970000000000006
72.0,72.0
50.0,50.0
95.0,95.0
170.0,170.0
165.0,165.0
35.97,35.96999999999991
75.0,75.0
29.97,29.969999999999956
90.0,90.0
180.0,180.0
105.0,105.0
115.0,115.0
175.0,175.0
210.0,210.0
175.0,175.0
125.0,125.0
170.0,170.0
85.0,85.0
125.0,125.0
80.0,80.0
170.0,170.0
70.0,70.0
120.0,120.0
140.0,140.0
180.0,180.0
200.0,200.0
120.99,120.99000000000038
105.0,105.0
103.97,103.96999999999993
170.0,170.0
80.0,80.0
190.0,190.0
210.0,210.0
245.0,245.0
175.0,175.0
31.97,31.969999999999896
115.0,115.0
65.0,65.0
75.0,75.0
205.0,205.0
80.0,80.0
130.0,130.0
100.0,100.0
100.0,100.0
165.0,165.0
105.0,105.0
125.0,125.0
42.0,42.0
150.0,150.0
75.0,75.0
135.0,135.0
40.0,40.0
75.0,75.0
190.0,190.0
85.0,85.0
38.0,38.0
85.0,85.0
80.0,80.0
200.0,200.0
29.97,29.969999999999956
65.0,65.0
175.0,175.0
90.0,90.0
147.99,147.9899999999999
42.0,42.0
80.0,80.0
116.0,116.45
175.0,175.0
45.0,45.0
150.0,150.0
68.0,68.0
48.0,48.0
110.0,110.0
95.0,95.0
117.0,117.0
145.0,145.0
100.0,100.0
175.0,175.0
112.97,112.96999999999987
100.0,100.0
80.0,80.0
55.0,55.0
45.0,45.0
80.0,80.0
41.97,41.96999999999989
37.0,37.0
45.0,45.0
40.0,40.0
130.0,130.0
89.97,89.97
40.0,40.0
35.0,35.0
75.0,75.0
100.97,100.96999999999993
140.0,140.0
55.0,55.0
41.0,41.0
95.0,95.0
170.0,170.0
130.0,130.0
180.0,180.0
165.0,165.0
100.0,100.0
85.0,85.0
40.0,40.0
21.97,21.96999999999999
75.0,75.0
45.97,45.96999999999994
55.0,55.0
145.0,145.0
120.0,120.0
47.0,47.0
55.0,55.0
270.0,270.0
175.0,175.0
24.97,24.969999999999967
100.0,100.0
120.99,120.99000000000038
45.0,45.0
65.0,65.0
45.0,45.0
90.0,90.0
150.0,150.0
75.0,75.0
175.0,175.0
95.0,95.0
185.0,185.0
37.0,37.0
170.0,170.0
25.97,25.969999999999963
245.0,245.0
100.0,100.0
120.0,120.0
115.0,115.0
85.0,85.0
120.0,120.0
41.97,41.96999999999989
75.0,75.0
70.0,70.0
180.0,180.0
37.0,37.0
35.97,35.96999999999991
170.0,170.0
168.99,168.9899999999999
50.0,50.0
42.0,42.0
110.0,110.0
75.0,75.0
68.0,68.0
182.99,182.99000000000007
170.0,170.0
45.0,45.0
120.0,120.0
350.0,350.0
135.0,135.0
40.0,40.0
80.0,80.0
25.0,25.0
80.0,80.0
55.0,55.0
133.99,133.98999999999998
30.0,30.0
75.97,75.97000000000004
80.0,80.0
100.0,100.0
180.0,180.0
235.0,235.0
85.0,85.0
42.0,42.0
95.0,95.0
80.0,80.0
155.0,155.0
160.0,160.0
42.0,42.0
29.97,29.969999999999956
190.0,190.0
47.0,47.0
40.0,40.0
175.0,175.0
160.0,160.0
170.0,170.0
135.0,135.0
355.0,355.0
80.0,80.0
35.0,35.0
150.0,150.0
98.0,98.0
170.0,170.0
40.0,40.0
89.97,89.97
40.0,40.0
60.0,60.0
55.0,55.0
80.0,80.0
235.0,235.0
150.0,150.0
145.0,145.0
130.0,130.0
55.97,55.97
310.0,310.0
70.0,70.0
58.97,58.9700000000001
1005.0,1005.0
135.0,135.0
210.0,210.0
36.0,36.0
130.0,130.0
210.0,210.0
75.0,75.0
75.0,75.0
155.0,155.0
106.97,106.9700000000004
130.0,130.0
210.0,210.0
125.0,125.0
130.0,130.0
190.0,190.0
106.97,106.9700000000004
145.0,145.0
120.0,120.0
35.0,35.0
60.0,60.0
210.0,210.0
37.0,37.0
110.0,110.0
24.97,24.969999999999967
205.0,205.0
120.99,120.99000000000038
80.0,80.0
225.0,225.0
82.97,82.97000000000007
90.0,90.0
135.0,135.0
85.0,85.0
120.99,120.99000000000038
65.0,65.0
32.0,32.0
85.0,85.0
55.0,55.0
68.0,68.0
25.97,25.969999999999963
48.0,48.0
40.0,40.0
235.0,235.0
60.0,60.0
54.0,54.0
45.0,45.0
90.0,90.0
120.99,120.99000000000038
91.97,91.97
85.0,85.0
45.0,45.0
95.0,95.0
55.0,55.0
51.97,51.969999999999985
170.0,170.0
80.0,80.0
145.0,145.0
180.0,180.0
170.0,170.0
32.0,32.0
48.0,48.0
157.97,157.96999999999971
80.0,80.0
152.97,152.96999999999974
65.0,65.0
50.0,50.0
36.97,36.96999999999992
130.0,130.0
45.0,45.0
106.97,106.9700000000004
60.0,60.0
70.0,70.0
90.0,90.0
200.0,200.0
68.0,68.0
125.0,125.0
125.0,125.0
45.0,45.0
150.0,150.0
47.97,47.96999999999996
45.0,45.0
37.97,37.969999999999885
95.0,95.0
140.0,140.0
60.0,60.0
170.0,170.0
75.0,75.0
190.0,190.0
120.0,120.0
45.0,45.0
175.0,175.0
165.0,165.0
90.0,90.0
190.0,190.0
32.0,32.0
48.0,48.0
46.0,46.0
100.0,100.0
45.0,45.0
48.97,48.96999999999994
153.97,154.13019999999972
80.0,80.0
170.0,170.0
75.0,75.0
106.97,106.9700000000004
285.0,285.0
160.0,160.0
105.0,105.0
120.99,120.99000000000038
105.0,105.0
37.0,37.0
55.0,55.0
180.0,180.0
45.0,45.0
28.97,28.969999999999956
80.0,80.0
37.0,37.0
70.0,70.0
68.0,68.0
50.97,50.969999999999985
105.0,105.0
69.97,69.97000000000003
40.0,40.0
120.0,120.0
35.0,35.0
130.0,130.0
170.0,170.0
70.0,70.0
64.97,64.97000000000004
80.0,80.0
175.0,175.0
125.0,125.0
112.97,112.96999999999987
35.97,35.96999999999991
55.0,55.0
80.0,80.0
28.97,28.969999999999946
85.0,85.0
80.0,80.0
20.0,20.0
135.0,135.0
95.0,95.0
44.97,44.96999999999991
75.0,75.0
40.0,40.0
190.0,190.0
29.97,29.969999999999956
67.97,67.93000000000005
45.0,45.0
75.0,75.0
14.0,14.0
125.0,125.0
60.0,60.0
150.0,150.0
190.0,190.0
75.0,75.0
225.0,225.0
37.97,37.96999999999989
125.0,125.0
50.0,50.0
30.0,30.0
95.0,95.0
42.0,42.0
24.0,24.0
80.0,80.0
94.97,94.96999999999998
90.0,90.0
115.0,115.0
235.0,235.0
35.0,35.0
80.0,80.0
135.0,135.0
85.0,85.0
45.0,45.0
80.0,80.0
39.97,39.97999999999991
95.0,95.0
90.0,90.0
95.0,95.0
137.97,137.96999999999977
225.0,225.0
160.0,160.0
145.0,145.0
45.0,45.0
160.0,160.0
50.0,50.0
165.0,165.0
21.97,21.969999999999995
115.0,115.0
120.0,120.0
105.0,105.0
65.0,65.0
105.0,105.0
65.0,65.0
340.0,340.0
165.0,165.0
45.0,45.0
130.0,130.0
75.0,75.0
130.0,130.0
122.99,122.9899999999998
160.0,160.0
135.0,135.0
133.99,133.98999999999998
145.0,145.0
150.0,150.0
48.0,48.0
190.0,190.0
160.0,160.0
135.0,135.0
95.0,95.0
85.0,85.0
75.0,75.0
68.0,68.0
115.0,115.0
28.97,28.969999999999946
90.0,90.0
44.97,44.96999999999991
157.97,157.96999999999971
35.0,35.0
45.0,45.0
245.0,245.0
55.0,55.0
105.0,105.0
130.0,130.0
37.97,37.969999999999885
80.0,80.0
48.0,48.0
150.0,150.0
370.0,370.0
54.97,54.97
120.0,120.0
65.0,65.0
115.0,115.0
245.0,245.0
147.99,147.9899999999999
29.97,29.969999999999956
85.0,85.0
47.0,47.0
125.0,125.0
75.0,75.0
130.0,130.0
133.99,133.98999999999998
85.0,85.0
100.0,100.0
54.0,54.0
105.0,105.0
106.97,106.9700000000004
80.0,80.0
100.0,100.0
80.0,80.0
100.0,100.0
38.0,38.0
80.0,80.0
385.0,385.0
125.0,125.0
80.0,80.0
70.0,70.0
40.97,40.96999999999991
48.0,48.0
125.0,125.0
80.0,80.0
85.0,85.0
46.0,46.0
80.0,80.0
80.0,80.0
42.0,42.0
110.0,110.0
85.97,85.97000000000007
42.0,42.0
74.97,74.97000000000007
60.97,60.97030000000002
125.0,125.0
75.0,75.0
45.0,45.0
14.97,15.180000000000023
125.0,125.0
31.97,31.969999999999896
55.0,55.0
120.99,120.99000000000038
125.0,125.0
170.0,170.0
95.0,95.0
180.0,180.0
90.0,90.0
45.0,45.0
110.0,110.0
24.97,24.969999999999974
75.97,75.97000000000006
90.0,90.0
155.0,155.0
170.0,170.0
105.0,105.0
49.97,49.989999999999974
36.97,36.96999999999992
40.0,40.0
225.0,225.0
45.0,45.0
46.0,46.0
210.0,210.0
165.0,165.0
85.0,85.0
50.0,50.0
50.0,50.0
135.0,135.0
90.97,90.97000000000001
58.97,58.9700000000001
36.97,36.96999999999992
40.0,40.0
70.0,70.0
105.0,105.0
100.0,100.0
40.0,40.0
100.0,100.0
69.97,69.97000000000003
80.0,80.0
130.0,130.0
120.99,120.99000000000038
145.0,145.0
29.97,29.969999999999956
375.0,375.0
58.97,58.9700000000001
80.0,80.0
95.0,95.0
150.0,150.0
260.0,260.0
130.0,130.0
100.0,100.0
200.0,200.0
175.0,175.0
75.0,75.0
55.0,55.0
125.0,125.0
96.97,96.96999999999997
280.0,280.0
64.0,64.0
210.0,210.0
80.0,80.0
40.0,40.0
85.0,85.0
44.0,44.0
85.0,85.0
95.0,95.0
115.0,115.0
90.0,90.0
36.97,36.96999999999992
55.0,55.0
155.0,155.0
44.0,44.0
55.0,55.0
28.0,28.0
160.0,160.0
175.0,175.0
68.0,68.0
210.0,210.0
90.0,90.0
150.0,150.0
29.97,29.969999999999956
90.0,90.0
90.0,90.0
80.0,80.0
110.0,110.0
230.0,230.0
68.0,68.0
31.97,31.969999999999896
125.0,125.0
65.0,65.0
75.0,75.0
115.0,115.0
70.0,70.0
175.0,175.0
85.0,85.0
46.0,46.0
125.0,125.0
160.0,160.0
65.0,65.0
175.0,175.0
120.0,120.0
210.0,210.0
120.0,120.0
60.0,60.0
160.0,160.0
150.0,150.0
85.0,85.0
85.0,85.0
130.0,130.0
80.0,80.0
60.0,60.0
72.97,72.97000000000007
44.97,44.969999999999935
45.0,45.0
37.97,37.969999999999885
55.0,55.0
350.0,350.0
31.97,31.969999999999896
40.0,40.0
38.97,38.96999999999992
280.0,280.0
105.0,105.0
106.97,106.9700000000004
32.0,32.0
70.0,70.0
18.0,18.0
45.0,45.0
164.99,164.98999999999992
100.0,100.0
90.0,90.0
225.0,225.0
65.0,65.0
115.0,115.0
58.0,58.0
44.97,44.87999999999994
42.0,42.0
110.0,110.0
150.0,150.0
58.0,58.0
157.97,157.96999999999971
69.97,69.97000000000003
180.0,180.0
120.99,120.98999999999982
130.0,130.0
95.0,95.0
100.0,100.0
120.0,120.0
38.0,38.0
110.0,110.0
75.0,75.0
210.0,210.0
58.0,58.0
35.0,35.0
45.0,45.0
136.97,136.9699999999998
160.0,160.0
84.97,84.97000000000006
65.0,65.0
130.0,130.0
90.0,90.0
70.0,70.0
70.0,70.0
37.0,37.0
68.0,68.0
140.0,140.0
270.0,270.0
45.0,45.0
130.0,130.0
106.97,106.9700000000004
95.0,95.0
80.0,80.0
170.0,170.0
100.0,100.0
42.0,42.0
21.97,21.96999999999999
45.0,45.0
85.0,85.0
66.97,66.97000000000006
175.0,175.0
115.0,115.0
65.0,65.0
89.97,89.97
140.0,140.0
145.0,145.0
110.0,110.0
155.0,155.0
75.0,75.0
60.97,60.97000000000002
270.0,270.0
120.0,120.0
165.0,165.0
38.97,38.96999999999992
70.0,70.0
130.0,130.0
80.0,80.0
80.0,80.0
130.0,130.0
25.97,25.969999999999963
225.0,225.0
130.0,130.0
195.0,195.0
350.0,350.0
175.0,175.0
40.0,40.0
96.97,96.96999999999997
75.0,75.0
90.0,90.0
115.0,115.0
42.0,42.0
66.97,66.97000000000006
190.0,190.0
130.0,130.0
54.97,54.93
90.0,90.0
70.97,70.97000000000006
133.99,133.98999999999998
75.0,75.0
65.0,65.0
135.0,135.0
225.0,225.0
106.97,106.9700000000004
55.97,55.97
62.97,62.970000000000006
165.0,165.0
170.0,170.0
45.0,45.0
74.0,73.99910000000001
210.0,210.0
90.0,90.0
68.97,68.91000000000004
24.97,24.969999999999974
150.0,150.0
103.97,103.96999999999993
106.97,106.9700000000004
70.97,70.97000000000006
80.0,80.0
17.97,17.970000000000024
200.0,200.0
130.0,130.0
32.97,32.96999999999994
100.0,100.0
95.0,95.0
200.0,200.0
200.0,200.0
41.97,41.96999999999989
75.0,75.0
18.0,18.0
37.0,37.0
125.0,125.0
35.0,35.0
165.0,165.0
269.0,270.0
61.97,61.97000000000003
210.0,210.0
35.0,35.0
90.0,90.0
80.0,80.0
150.0,150.0
80.0,80.0
27.0,27.0
55.0,55.0
37.0,37.0
75.0,75.0
45.0,45.0
175.0,175.0
62.97,62.970000000000006
133.99,133.98999999999998
23.97,23.96999999999999
100.0,100.0
175.0,175.0
69.97,69.97000000000004
105.0,105.0
130.0,130.0
140.0,140.0
85.97,85.97000000000007
145.0,145.0
80.0,80.0
38.0,38.0
165.0,165.0
150.0,150.0
29.97,30.019999999999953
120.99,120.99000000000038
115.0,115.0
45.0,45.0
175.0,175.0
44.97,44.96999999999992
35.0,35.0
48.97,48.969999999999935
160.0,160.0
190.0,190.0
75.0,75.0
130.0,130.0
49.97,49.96999999999997
45.0,45.0
64.0,64.0
120.0,120.0
51.97,51.969999999999985
55.97,55.97
140.0,140.0
42.0,42.0
74.97,74.97000000000007
80.0,80.0
135.0,135.0
165.0,165.0
95.0,95.0
130.0,130.0
300.0,300.0
170.0,170.0
150.0,150.0
95.0,95.0
110.0,110.0
55.0,55.0
110.0,110.0
110.0,110.0
85.0,85.0
106.97,106.9700000000004
140.0,140.0
58.0,58.0
115.0,115.0
88.97,88.97000000000001
165.0,165.0
105.0,105.0
150.0,150.0
32.97,32.96999999999994
41.97,41.96999999999989
130.0,130.0
37.0,37.0
80.0,80.0
50.0,50.0
60.0,60.0
48.0,48.0
55.0,55.0
115.0,115.0
105.0,105.0
245.0,245.0
55.0,55.0
235.0,235.0
60.0,60.0
78.97,78.97000000000007
135.0,135.0
260.0,260.0
75.0,75.0
45.97,45.96999999999994
55.0,55.0
170.0,170.0
50.0,50.0
189.99,189.99000000000004
12.0,12.0
120.99,120.99000000000038
53.97,53.96999999999999
150.0,150.0
115.0,115.0
125.0,125.0
175.0,175.0
355.0,355.0
45.0,45.0
51.97,51.969999999999985
90.0,90.0
85.0,85.0
135.0,135.0
35.0,35.0
115.0,115.0
140.99,140.98999999999987
235.0,235.0
100.0,100.0
24.97,25.019999999999982
40.0,40.0
35.0,35.0
115.0,115.0
105.0,105.0
95.0,95.0
180.0,180.0
125.0,125.0
155.0,155.0
80.0,80.0
210.0,210.0
32.0,32.0
120.0,120.0
225.0,225.0
45.0,45.0
125.0,125.0
135.0,135.0
85.0,85.0
85.97,85.97000000000007
85.0,85.0
60.0,60.0
90.0,90.0
170.0,170.0
260.0,260.0
95.0,95.0
25.0,25.0
170.0,170.0
100.0,100.0
75.0,75.0
360.0,360.0
82.97,82.97000000000006
64.0,64.0
32.0,32.0
65.97,65.97000000000004
28.97,28.969999999999956
115.0,115.0
165.0,165.0
55.0,55.0
75.0,75.0
100.0,100.0
270.0,270.0
28.97,28.969999999999946
90.0,90.0
68.0,68.0
105.97,105.96999999999991
47.97,47.96999999999996
50.0,50.0
270.0,270.0
68.97,68.97000000000004
150.0,150.0
54.5,54.465
93.97,93.96999999999998
65.97,65.97000000000001
165.0,165.0
61.97,61.97000000000003
120.99,120.99000000000038
145.0,145.0
180.0,180.0
100.0,100.0
60.0,60.0
155.0,155.0
80.0,80.0
55.0,55.0
85.0,85.0
68.0,68.0
80.0,80.0
125.0,125.0
138.97,138.96999999999977
155.0,155.0
60.97,60.97000000000002
45.0,45.0
85.0,85.0
55.0,55.0
110.0,110.0
45.0,45.0
35.0,35.0
37.0,37.0
55.0,55.0
85.0,85.0
100.0,100.0
77.0,77.0
85.0,85.0
30.0,30.0
105.0,105.0
65.0,65.0
105.0,105.0
170.0,170.0
100.0,100.0
52.97,52.96999999999999
28.0,28.0
85.0,85.0
62.97,62.97
145.0,145.0
47.0,47.0
65.0,65.0
160.0,160.0
85.97,85.97000000000007
165.0,165.0
110.0,110.0
78.0,78.0
220.0,220.0
85.0,85.0
235.0,235.0
70.0,70.0
55.0,55.0
200.0,200.0
230.0,230.0
95.0,95.0
35.0,35.0
22.97,22.95
245.0,245.0
210.0,210.0
270.0,270.0
190.0,190.0
85.0,85.0
105.0,105.0
165.0,165.0
60.0,60.0
85.0,85.0
75.0,75.0
93.97,93.78999999999998
235.0,235.0
75.0,75.0
37.97,37.969999999999885
100.0,100.0
35.0,35.0
64.0,64.0
102.97,102.96999999999993
55.0,55.0
44.97,44.87999999999994
74.97,74.97000000000006
115.0,115.0
60.0,60.0
45.0,45.0
190.0,190.0
160.97,160.96999999999971
75.0,75.0
45.0,45.0
305.0,305.0
140.0,140.0
145.0,145.0
41.97,41.96999999999989
130.0,130.0
45.0,45.0
140.0,140.0
58.97,58.9700000000001
65.0,65.0
100.0,100.0
28.97,28.969999999999956
182.99,182.99000000000007
175.0,175.0
80.0,80.0
68.0,68.0
90.0,90.0
103.97,103.96999999999993
100.0,100.0
32.0,32.0
95.0,95.0
80.0,80.0
44.97,44.969999999999935
140.0,140.0
45.0,45.0
80.0,80.0
64.0,64.0
55.0,55.0
135.0,135.0
150.0,150.0
235.0,235.0
105.0,105.0
65.0,65.0
245.0,245.0
44.97,44.96999999999991
50.0,50.0
102.97,102.96999999999993
180.0,180.0
90.0,90.0
77.0,77.0
60.0,60.0
85.0,85.0
100.0,100.0
125.0,125.0
80.0,80.0
90.0,90.0
70.0,70.0
60.0,60.0
120.0,120.0
58.0,58.0
24.97,24.969999999999985
175.0,175.0
40.0,40.0
105.0,105.0
55.0,55.0
60.0,60.0
300.0,300.0
245.0,245.0
235.0,235.0
60.0,60.0
22.0,22.0
130.0,130.0
95.0,95.0
170.0,170.0
120.99,120.99000000000038
70.0,70.0
200.0,200.0
165.0,165.0
95.0,95.0
43.97,43.98999999999994
37.0,37.0
92.97,92.97
170.0,170.0
47.0,47.0
120.99,120.99000000000038
40.0,40.0
48.0,48.0
100.0,100.0
180.0,180.0
55.97,55.97
245.0,245.0
40.0,40.0
70.0,70.0
190.0,190.0
165.0,165.0
65.0,65.0
175.0,175.0
170.0,170.0
80.0,80.0
50.0,50.0
90.0,90.0
147.99,147.9899999999999
100.0,100.0
65.0,65.0
115.0,115.0
70.0,70.0
80.0,80.0
28.0,28.0
80.0,80.0
190.0,190.0
200.0,200.0
270.0,270.0
120.99,120.99000000000038
64.0,64.0
95.0,95.0
145.0,145.0
50.0,50.0
75.0,75.0
100.0,100.0
58.97,58.9700000000001
420.0,420.0
210.0,210.0
105.0,105.0
96.97,96.96999999999997
95.0,95.0
165.0,165.0
70.0,70.0
55.0,55.0
58.97,58.9700000000001
115.0,115.0
120.0,120.0
80.0,80.0
100.0,100.0
230.0,230.0
70.0,70.0
95.0,95.0
175.0,175.0
105.0,105.0
69.97,69.97000000000004
120.0,120.0
32.0,32.0
100.97,100.96999999999994
55.97,55.97
51.97,51.97999999999998
150.0,150.0
150.0,150.0
120.99,120.99000000000038
75.97,75.97000000000004
140.0,140.0
130.0,130.0
48.0,48.0
42.0,42.0
180.0,180.0
125.0,125.0
150.0,150.0
58.97,58.9700000000001
100.0,100.0
45.0,45.0
69.97,69.97000000000003
90.0,90.0
165.0,165.0
36.97,36.96999999999992
70.0,70.0
45.0,45.0
106.97,106.9700000000004
60.0,60.0
55.0,55.0
95.0,95.0
285.0,285.0
85.0,85.0
245.0,245.0
85.0,85.0
98.0,98.0
110.0,110.0
125.0,125.0
140.0,140.0
150.0,150.0
210.0,210.0
47.0,47.0
49.97,49.96999999999997
95.0,95.0
55.0,55.0
150.0,150.0
100.0,100.0
85.0,85.0
100.0,100.0
32.97,32.96999999999994
68.97,68.97000000000004
35.0,35.0
100.0,100.0
80.0,80.0
150.0,150.0
50.0,50.0
90.0,90.0
72.97,72.97000000000004
65.0,65.0
60.0,60.0
60.0,60.0
32.0,32.0
52.97,52.96999999999999
360.0,360.0
120.0,120.0
28.97,28.969999999999956
100.0,100.0
42.0,42.0
115.0,115.0
95.0,95.0
80.0,80.0
95.0,95.0
105.0,105.0
100.0,100.0
85.0,85.0
20.0,20.0
130.0,130.0
35.0,35.0
80.0,80.0
90.0,90.0
50.0,50.0
68.0,68.0
45.0,45.0
26.97,26.969999999999967
85.0,85.0
80.0,80.0
200.0,200.0
85.0,85.0
35.97,35.96999999999991
35.0,35.0
120.0,120.0
245.0,245.0
170.0,170.0
115.0,115.0
60.0,60.0
130.0,130.0
100.0,100.0
78.0,78.0
150.0,150.0
120.99,120.99000000000038
350.0,350.0
75.0,75.0
39.97,39.98999999999992
80.0,80.0
45.0,45.0
175.0,175.0
45.0,45.0
55.0,55.0
85.0,85.0
25.97,25.969999999999963
62.97,63.01000000000001
46.97,46.92999999999996
55.0,55.0
75.0,75.0
85.97,85.97000000000007
65.97,65.97000000000004
125.0,125.0
42.0,42.0
28.97,28.969999999999946
100.0,100.0
100.0,100.0
85.0,85.0
355.0,355.0
80.0,80.0
41.97,41.96999999999989
180.0,180.0
105.0,105.0
85.0,85.0
74.97,74.97000000000006
80.0,80.0
45.0,45.0
150.0,150.0
310.0,310.0
45.0,45.0
105.0,105.0
80.0,80.0
64.0,64.0
235.0,235.0
50.0,50.0
160.0,160.0
210.0,210.0
80.0,80.0
115.0,115.0
90.0,90.0
120.0,120.0
38.0,38.0
120.99,120.99000000000038
80.0,80.0
182.99,182.99000000000007
350.0,350.0
54.97,54.97
95.0,95.0
50.0,50.0
105.0,105.0
185.0,185.0
200.0,200.0
145.0,145.0
100.0,100.0
115.0,115.0
100.0,100.0
60.0,60.0
225.0,225.0
40.0,40.0
37.97,37.96999999999989
35.0,35.0
90.0,90.0
95.0,95.0
70.0,70.0
48.0,48.0
120.0,120.0
42.97,42.96999999999993
110.0,110.0
95.0,95.0
68.0,68.0
80.0,80.0
44.97,44.96999999999991
28.97,28.969999999999956
95.0,95.0
260.0,260.0
115.0,115.0
90.0,90.0
45.0,45.0
45.0,45.0
85.0,85.0
60.0,60.0
56.97,56.970000000000006
24.97,24.969999999999967
60.0,60.0
74.97,74.97000000000007
126.99,126.9899999999998
110.0,110.0
32.97,32.96999999999994
50.0,50.0
130.0,130.0
165.0,165.0
45.0,45.0
89.97,89.97
175.0,175.0
80.0,80.0
85.0,85.0
90.0,90.0
200.0,200.0
44.97,44.969999999999935
40.0,40.0
200.0,200.0
110.0,110.0
235.0,235.0
64.0,64.0
165.0,165.0
135.0,135.0
200.0,200.0
150.0,150.0
58.0,58.0
100.0,100.0
200.0,200.0
90.0,90.0
105.0,105.0
54.0,54.0
171.99,171.9899999999999
75.0,75.0
40.0,40.0
200.0,200.0
90.0,90.0
45.0,45.0
31.97,31.969999999999896
64.0,64.0
47.5,47.5
41.97,41.96999999999989
31.97,31.969999999999896
80.0,80.0
125.0,125.0
115.0,115.0
65.0,65.0
55.97,55.97
44.97,44.96999999999991
62.97,62.97
55.0,55.0
68.0,68.0
120.0,120.0
210.0,210.0
120.0,120.0
105.0,105.0
28.0,28.0
24.0,24.0
115.0,115.0
145.0,145.0
190.0,190.0
55.97,55.97
135.0,135.0
105.0,105.0
150.0,150.0
80.0,80.0
245.0,245.0
105.0,105.0
35.0,35.0
58.97,58.9700000000001
60.0,60.0
41.97,41.999999999999915
65.0,65.0
78.97,78.97000000000007
115.0,115.0
92.0,92.0
157.99,157.9899999999998
102.0,102.0
27.97,27.959999999999965
90.0,90.0
240.0,240.0
100.0,100.0
120.0,120.0
80.0,80.0
70.0,70.0
89.97,89.97
75.0,75.0
170.0,170.0
75.0,75.0
100.0,100.0
80.0,80.0
38.0,38.0
135.0,135.0
40.0,40.0
145.0,145.0
170.0,170.0
120.99,120.99000000000038
75.0,75.0
80.0,80.0
130.0,130.0
110.0,110.0
75.0,75.0
135.0,135.0
60.97,60.97000000000002
225.0,225.0
30.0,30.0
110.0,110.0
122.97,122.96999999999984
108.97,108.96999999999989
68.0,68.0
130.0,130.0
54.5,54.5
135.0,135.0
95.0,95.0
31.97,31.9699999999999
160.0,160.0
89.97,89.97
85.0,85.0
125.0,125.0
145.0,145.0
235.0,235.0
90.0,90.0
64.0,64.0
62.97,62.97
85.0,85.0
75.0,75.0
115.0,115.0
165.0,165.0
100.0,100.0
115.0,115.0
180.0,180.0
210.0,210.0
55.0,55.0
32.0,32.0
85.0,85.0
65.97,65.97000000000004
85.0,85.0
215.0,215.0
14.0,14.0
72.97,72.97000000000004
75.0,75.0
160.0,160.0
45.0,45.0
95.0,95.0
50.0,50.0
210.0,210.0
60.0,60.0
80.0,80.0
130.0,130.0
50.0,50.0
150.0,150.0
120.0,120.0
36.0,36.0
34.0,34.0
105.0,105.0
100.0,100.0
130.0,130.0
68.0,68.0
210.0,210.0
45.0,45.0
54.0,54.0
130.0,130.0
60.97,60.97000000000002
85.0,85.0
110.0,110.0
385.0,385.0
190.0,190.0
38.0,38.0
49.97,49.96999999999997
25.0,25.0
120.0,120.0
75.0,75.0
90.0,90.0
105.0,105.0
85.0,85.0
210.0,210.0
85.0,85.0
145.0,145.0
62.97,62.97
235.0,235.0
58.97,58.9700000000001
55.97,55.97
151.97,151.96999999999974
125.0,125.0
22.97,22.97
96.97,96.96999999999997
100.0,100.0
85.0,85.0
24.0,24.0
54.0,54.0
17.97,17.970000000000024
75.0,75.0
210.0,210.0
64.0,64.0
100.0,100.0
200.0,200.0
130.0,130.0
48.97,48.96999999999994
40.0,40.0
160.0,160.0
75.0,75.0
130.0,130.0
85.0,85.0
47.0,47.0
45.0,45.0
55.0,55.0
40.0,40.0
85.0,85.0
75.0,75.0
42.0,42.0
95.0,95.0
135.0,135.0
32.0,32.0
60.0,60.0
135.0,135.0
55.0,55.0
135.0,135.0
21.97,21.96999999999999
85.97,85.97000000000007
155.0,155.0
165.0,165.0
340.0,340.0
105.0,105.0
85.0,85.0
80.0,80.0
155.0,155.0
190.0,190.0
45.0,45.0
26.97,26.969999999999967
50.0,50.0
235.0,235.0
235.0,235.0
104.97,104.96999999999993
290.0,290.0
75.97,75.97000000000007
120.0,120.0
55.0,55.0
38.0,38.0
145.0,145.0
150.0,150.0
35.97,35.96999999999991
55.97,55.98
58.97,58.9700000000001
130.0,130.0
175.0,175.0
37.0,37.0
180.0,180.0
150.0,150.0
35.0,35.0
165.0,165.0
210.0,210.0
120.0,120.0
85.97,85.97000000000007
90.0,90.0
31.97,31.969999999999896
165.0,165.0
135.0,135.0
75.0,75.0
115.0,115.0
135.0,135.0
54.5,54.5
115.0,115.0
100.0,100.0
70.0,70.0
60.0,60.0
40.0,40.0
65.0,65.0
145.0,145.0
22.0,22.0
120.0,120.0
200.0,200.0
115.0,115.0
135.0,135.0
85.97,85.97000000000007
155.0,155.0
135.0,135.0
35.0,35.0
55.97,55.95
130.0,130.0
90.0,90.0
235.0,235.0
115.0,115.0
103.97,103.96999999999993
65.0,65.0
68.97,68.97000000000004
130.0,130.0
80.0,80.0
245.0,245.0
150.0,150.0
155.0,155.0
150.0,150.0
35.0,35.0
40.0,40.0
21.97,21.969999999999995
105.0,105.0
165.0,165.0
37.97,37.96999999999992
28.97,28.969999999999956
130.0,130.0
165.0,165.0
110.0,110.0
51.97,51.969999999999985
35.0,35.0
150.0,150.0
35.0,35.0
150.0,150.0
160.0,160.0
150.0,150.0
210.0,210.0
19.97,19.970000000000024
69.97,69.97000000000003
80.0,80.0
140.0,140.0
115.0,115.0
150.0,150.0
160.0,160.0
24.0,24.0
45.0,45.0
170.0,170.0
58.0,58.0
135.0,135.0
160.0,160.0
130.0,130.0
35.0,35.0
235.0,235.0
75.0,75.0
180.0,180.0
72.97,72.97000000000006
64.0,64.0
115.0,115.0
90.97,90.97000000000001
75.0,75.0
80.0,80.0
157.99,157.9899999999998
48.97,48.96999999999994
395.0,395.0
45.0,45.0
37.0,37.0
175.0,175.0
90.0,90.0
35.0,35.0
95.0,95.0
60.0,60.0
21.97,21.96999999999999
140.0,140.0
46.0,46.0
120.0,120.0
80.0,80.0
60.0,60.0
80.0,80.0
100.0,100.0
180.0,180.0
155.0,155.0
130.0,130.0
105.0,105.0
55.0,55.0
105.0,105.0
120.99,120.99000000000038
110.0,110.0
90.0,90.0
54.0,54.0
40.0,40.0
45.0,45.0
80.0,80.0
100.0,100.0
80.0,80.0
170.0,170.0
78.0,78.0
85.0,85.0
40.0,40.0
105.0,105.0
180.0,180.0
105.0,105.0
50.0,50.0
30.0,30.0
150.0,150.0
55.0,55.0
65.0,65.0
41.97,41.96999999999989
70.0,70.0
85.0,85.0
48.0,48.0
235.0,235.0
48.0,48.0
100.0,100.0
24.0,24.0
85.0,85.0
110.0,110.0
90.0,90.0
85.0,85.0
46.0,46.0
120.0,120.0
105.0,105.0
95.0,95.0
150.0,150.0
50.0,50.0
28.97,28.969999999999956
43.97,43.969999999999935
35.97,35.96999999999991
35.0,35.0
80.0,80.0
35.0,35.0
82.0,82.0
64.0,64.0
54.0,54.0
75.0,75.0
68.0,68.0
90.0,90.0
85.0,85.0
40.0,40.0
58.97,58.9700000000001
200.0,200.0
36.97,36.96999999999992
110.0,110.0
70.0,70.0
175.0,175.0
54.97,54.91
235.0,235.0
37.0,37.0
58.97,58.9700000000001
220.0,220.0
350.0,350.0
245.0,245.0
150.0,150.0
60.0,60.0
260.0,260.0
42.0,42.0
145.0,145.0
325.0,325.0
140.0,140.0
121.97,121.91999999999983
175.0,175.0
61.97,61.97000000000003
70.0,70.0
235.0,235.0
